IDENTIFICACION,PRIORIDAD_ELECCION_CARRERA,OFA_ID,ANTECEDENTE_ACADEMICO,EVALUACION_CAPACIDAD,CONDICION_SOCIOECONOMICA_POBREZA,RURALIDAD,TERRITORIALIDAD,PUEBLO_NACIONALIDAD,PERSONA_CON_DISCAPACIDAD,BENEFICIARIO_BONO_JOAQUIN,VICTIMA_VIOLENCIA_GENERO,MIGRANTE_RETORNADO,HIJO_VICTIMA_FEMICIDIO,ENFERMEDAD_CATASTROFICA,ACOGIMIENTO_INSTITUCIONAL,MERITO_ACADEMICO,OTROS_RECONOCIMIENTOS,BACHILLER_CURSO_ACTUAL
0001,1,3023,771,771,NO,NO,NO,NO,NO,NO,NO,NO,NO,NO,NO,NO,NO,NO
0002,1,3026,609,609,SI,NO,NO,NO,NO,NO,NO,NO,NO,NO,NO,NO,NO,SI
0003,1,3022,853,853,NO,NO,NO,NO,NO,NO,NO,NO,NO,NO,NO,NO,NO,SI
0004,1,3007,681,681,SI,SI,NO,NO,NO,NO,NO,NO,NO,NO,NO,NO,NO,SI
0005,1,3045,961,961,NO,SI,NO,SI,NO,NO,NO,NO,NO,NO,NO,NO,NO,SI
0006,1,3045,910,910,SI,NO,NO,SI,NO,SI,NO,NO,NO,NO,NO,NO,NO,SI
0007,1,3047,908,908,NO,NO,NO,NO,NO,NO,NO,NO,NO,NO,NO,NO,NO,NO
0008,1,3011,801,801,SI,NO,NO,NO,NO,NO,NO,NO,NO,NO,NO,NO,NO,SI
0009,1,3046,919,919,NO,SI,NO,NO,NO,NO,NO,NO,NO,NO,NO,NO,NO,SI
0010,1,3008,903,903,SI,NO,NO,NO,NO,NO,NO,NO,NO,NO,NO,NO,NO,SI
0011,1,3034,902,902,SI,SI,NO,NO,NO,NO,NO,NO,NO,NO,NO,NO,NO,SI
0012,1,3034,962,962,NO,NO,NO,NO,NO,NO,NO,NO,NO,NO,NO,SI,NO,NO
0013,1,3054,819,819,NO,NO,NO,SI,NO,NO,NO,NO,NO,NO,NO,NO,NO,SI
0014,1,3028,778,778,SI,NO,NO,NO,NO,NO,NO,NO,NO,NO,NO,NO,NO,SI
0015,1,3001,977,977,SI,NO,NO,NO,NO,NO,NO,NO,NO,NO,NO,NO,NO,SI
0016,1,3045,934,934,NO,NO,NO,NO,NO,NO,NO,NO,NO,NO,NO,NO,NO,SI
0017,1,3010,817,817,NO,SI,NO,NO,NO,SI,NO,NO,NO,NO,NO,NO,NO,SI
0018,1,3045,908,908,SI,SI,NO,NO,NO,NO,NO,NO,NO,NO,NO,NO,NO,SI
0019,1,3045,927,927,SI,SI,NO,NO,NO,SI,NO,NO,NO,NO,NO,NO,NO,SI
0020,1,3005,971,971,NO,SI,NO,NO,NO,NO,NO,NO,NO,NO,NO,NO,NO,SI
0021,1,3045,934,934,NO,SI,NO,NO,NO,NO,NO,NO,NO,NO,NO,NO,NO,NO
0022,1,3046,976,976,SI,SI,NO,NO,NO,NO,NO,NO,NO,NO,NO,NO,NO,SI
0023,1,3034,974,974,NO,NO,NO,NO,NO,SI,NO,NO,NO,NO,NO,NO,NO,SI
0024,1,3001,966,966,NO,NO,NO,NO,NO,NO,NO,NO,NO,NO,NO,NO,NO,SI
0025,1,3005,973,973,SI,NO,NO,NO,NO,NO,NO,NO,NO,NO,NO,NO,NO,NO
0026,1,3036,787,787,NO,NO,NO,NO,NO,NO,NO,NO,NO,NO,NO,NO,NO,SI
0027,1,3041,695,695,SI,SI,NO,NO,SI,NO,NO,NO,NO,NO,NO,SI,NO,SI
0028,1,3048,636,636,NO,NO,NO,NO,NO,NO,NO,NO,NO,NO,NO,SI,NO,NO
0029,1,3015,815,815,NO,SI,NO,NO,NO,NO,NO,NO,NO,NO,NO,NO,NO,NO
0030,1,3001,906,906,SI,SI,NO,NO,NO,NO,SI,NO,NO,NO,NO,NO,NO,SI
0031,1,3045,926,926,NO,NO,NO,NO,NO,NO,NO,NO,NO,NO,NO,SI,NO,SI
0032,1,3006,687,687,NO,SI,NO,NO,NO,NO,NO,NO,NO,NO,NO,NO,NO,SI
0033,1,3034,890,890,SI,NO,NO,NO,NO,NO,NO,NO,NO,NO,NO,NO,NO,SI
0034,1,3005,925,925,SI,NO,NO,NO,NO,NO,NO,NO,NO,NO,NO,NO,NO,SI
0035,1,3034,894,894,NO,NO,NO,NO,NO,NO,NO,NO,NO,NO,NO,NO,NO,NO
0036,1,3027,657,657,NO,NO,NO,NO,NO,NO,NO,NO,NO,NO,NO,NO,NO,NO
0037,1,3019,808,808,SI,NO,NO,NO,NO,NO,NO,NO,NO,NO,NO,NO,NO,NO
0038,1,3050,667,667,SI,NO,NO,NO,SI,NO,NO,NO,NO,NO,NO,NO,NO,SI
0039,1,3043,843,843,NO,SI,NO,SI,NO,NO,NO,NO,NO,NO,NO,SI,NO,SI
0040,1,3049,896,896,SI,NO,NO,NO,NO,NO,NO,NO,NO,NO,NO,SI,NO,SI
0041,1,3046,916,916,NO,NO,SI,NO,SI,SI,NO,NO,NO,NO,NO,SI,NO,SI
0042,1,3052,729,729,SI,NO,NO,NO,NO,NO,NO,NO,NO,NO,NO,NO,NO,SI
0043,1,3049,917,917,SI,NO,NO,SI,NO,NO,NO,NO,NO,NO,NO,NO,NO,SI
0044,1,3054,722,722,NO,NO,NO,NO,NO,NO,NO,NO,NO,NO,NO,NO,NO,SI
0045,1,3034,934,934,SI,NO,SI,NO,NO,NO,NO,NO,NO,NO,NO,NO,NO,NO
0046,1,3001,955,955,SI,NO,NO,NO,NO,NO,NO,NO,NO,NO,NO,NO,NO,SI
0047,1,3046,948,948,NO,NO,NO,NO,NO,NO,NO,NO,NO,NO,NO,SI,NO,SI
0048,1,3001,890,890,NO,NO,NO,NO,NO,NO,NO,NO,NO,NO,NO,NO,NO,SI
0049,1,3049,990,990,NO,NO,NO,NO,NO,NO,NO,NO,NO,NO,NO,SI,NO,SI
0050,1,3001,886,886,SI,NO,NO,NO,NO,NO,NO,NO,NO,NO,NO,NO,NO,SI
0051,1,3008,982,982,NO,SI,NO,NO,NO,SI,NO,NO,NO,NO,NO,NO,NO,SI
0052,1,3005,953,953,SI,NO,NO,NO,NO,NO,NO,NO,NO,NO,NO,NO,NO,SI
0053,1,3028,888,888,NO,NO,NO,NO,NO,NO,NO,NO,NO,NO,NO,SI,NO,SI
0054,1,3007,848,848,SI,NO,NO,NO,NO,NO,NO,NO,NO,NO,NO,NO,NO,SI
0055,1,3037,772,772,NO,NO,NO,NO,NO,NO,NO,NO,NO,NO,NO,NO,NO,SI
0056,1,3054,753,753,NO,NO,NO,NO,NO,NO,SI,NO,NO,NO,NO,NO,NO,SI
0057,1,3045,980,980,NO,SI,NO,NO,NO,NO,NO,NO,NO,NO,NO,NO,NO,SI
0058,1,3008,929,929,SI,NO,NO,SI,NO,NO,NO,NO,NO,NO,NO,NO,NO,SI
0059,1,3049,938,938,SI,SI,NO,SI,NO,SI,NO,NO,NO,NO,NO,NO,NO,SI
0060,1,3001,931,931,NO,NO,NO,NO,NO,NO,NO,NO,NO,NO,NO,NO,NO,SI
0061,1,3005,916,916,SI,SI,NO,NO,NO,NO,NO,NO,NO,NO,NO,NO,NO,SI
0062,1,3001,944,944,SI,NO,NO,NO,NO,NO,NO,NO,NO,NO,NO,NO,NO,NO
0063,1,3045,1000,1000,NO,NO,NO,NO,NO,NO,NO,NO,NO,NO,NO,NO,NO,SI
0064,1,3055,733,733,NO,NO,NO,NO,SI,SI,NO,NO,NO,NO,NO,NO,NO,SI
0065,1,3032,822,822,NO,SI,NO,NO,NO,NO,NO,NO,NO,NO,NO,SI,NO,SI
0066,1,3056,868,868,SI,NO,NO,NO,NO,NO,NO,NO,NO,NO,NO,NO,NO,SI
0067,1,3005,903,903,NO,NO,NO,NO,NO,NO,NO,NO,NO,NO,NO,NO,NO,SI
0068,1,3008,969,969,SI,NO,NO,NO,NO,NO,NO,NO,NO,NO,NO,NO,NO,NO
0069,1,3025,600,600,SI,SI,NO,NO,NO,NO,NO,NO,NO,NO,NO,NO,NO,SI
0070,1,3001,893,893,NO,NO,NO,NO,NO,NO,NO,NO,NO,NO,NO,NO,NO,NO
0071,1,3005,985,985,NO,NO,NO,NO,NO,NO,NO,NO,NO,NO,NO,NO,NO,SI
0072,1,3039,731,731,NO,NO,NO,NO,NO,NO,NO,NO,NO,NO,NO,NO,NO,SI
0073,1,3005,920,920,SI,NO,NO,NO,SI,NO,NO,NO,NO,NO,NO,NO,NO,SI
0074,1,3042,779,779,NO,NO,NO,NO,NO,NO,NO,NO,NO,NO,NO,NO,NO,SI
0075,1,3034,938,938,SI,SI,NO,NO,NO,NO,NO,NO,NO,NO,NO,NO,NO,SI
0076,1,3007,833,833,SI,SI,NO,NO,SI,NO,NO,NO,NO,NO,NO,NO,NO,SI
0077,1,3038,845,845,NO,NO,NO,NO,NO,NO,NO,NO,NO,SI,NO,NO,SI,SI
0078,1,3035,702,702,SI,SI,NO,NO,NO,NO,NO,NO,NO,NO,NO,NO,NO,SI
0079,1,3034,959,959,NO,SI,NO,NO,NO,NO,NO,NO,NO,NO,NO,NO,NO,NO
0080,1,3045,941,941,SI,NO,NO,NO,NO,NO,NO,NO,NO,NO,NO,NO,NO,SI
0081,1,3028,771,771,SI,NO,SI,NO,NO,NO,NO,NO,NO,NO,NO,NO,NO,SI
0082,1,3037,787,787,NO,SI,SI,NO,NO,NO,NO,NO,NO,NO,NO,SI,NO,NO
0083,1,3038,783,783,SI,NO,NO,NO,NO,NO,NO,NO,NO,NO,NO,NO,NO,SI
0084,1,3035,833,833,NO,NO,SI,NO,NO,NO,NO,NO,NO,NO,NO,NO,NO,SI
0085,1,3028,727,727,NO,NO,NO,NO,NO,NO,SI,NO,NO,NO,NO,SI,NO,NO
0086,1,3019,800,800,NO,NO,NO,NO,NO,NO,NO,NO,NO,NO,NO,NO,NO,SI
0087,1,3049,945,945,NO,NO,NO,NO,SI,NO,NO,NO,NO,NO,NO,NO,NO,SI
0088,1,3001,923,923,NO,SI,NO,NO,NO,NO,NO,NO,NO,NO,NO,NO,NO,NO
0089,1,3047,760,760,SI,NO,SI,SI,NO,NO,NO,NO,NO,NO,NO,NO,NO,SI
0090,1,3008,893,893,NO,NO,NO,NO,NO,NO,NO,NO,NO,NO,NO,NO,NO,SI
0091,1,3034,904,904,NO,NO,NO,NO,NO,NO,NO,NO,NO,NO,NO,NO,NO,SI
0092,1,3026,815,815,SI,NO,NO,SI,NO,NO,NO,NO,NO,NO,NO,NO,NO,SI
0093,1,3049,921,921,SI,NO,NO,NO,NO,NO,NO,NO,NO,NO,NO,NO,NO,SI
0094,1,3034,894,894,NO,NO,NO,NO,NO,NO,NO,NO,NO,NO,NO,NO,NO,SI
0095,1,3046,938,938,SI,NO,NO,NO,NO,NO,NO,NO,NO,NO,NO,NO,NO,SI
0096,1,3048,781,781,SI,NO,NO,SI,NO,NO,NO,NO,NO,NO,NO,NO,NO,SI
0097,1,3014,637,637,SI,NO,NO,NO,NO,NO,SI,NO,NO,NO,NO,NO,NO,SI
0098,1,3045,966,966,NO,NO,NO,NO,NO,NO,NO,NO,NO,NO,NO,NO,NO,NO
0099,1,3047,828,828,NO,SI,NO,NO,NO,NO,NO,NO,NO,NO,NO,NO,NO,SI
0100,1,3008,887,887,NO,NO,NO,NO,NO,NO,NO,NO,NO,NO,NO,NO,NO,NO
0101,1,3056,912,912,NO,NO,NO,NO,NO,NO,NO,NO,NO,NO,NO,NO,NO,SI
0102,1,3046,896,896,NO,SI,NO,NO,NO,NO,NO,NO,NO,NO,NO,SI,NO,SI
0103,1,3049,927,927,SI,NO,NO,SI,NO,NO,NO,NO,NO,NO,NO,SI,NO,SI
0104,1,3049,882,882,SI,NO,NO,NO,NO,NO,NO,NO,NO,NO,NO,SI,NO,SI
0105,1,3046,921,921,SI,NO,NO,NO,NO,NO,NO,NO,NO,NO,NO,NO,NO,SI
0106,1,3006,748,748,NO,NO,NO,NO,NO,NO,NO,NO,NO,NO,NO,NO,NO,NO
0107,1,3034,943,943,NO,SI,NO,NO,NO,NO,NO,NO,NO,NO,NO,NO,NO,SI
0108,1,3046,915,915,SI,SI,NO,NO,NO,NO,NO,NO,NO,NO,NO,SI,NO,SI
0109,1,3005,911,911,SI,NO,NO,NO,NO,NO,NO,NO,NO,NO,NO,NO,NO,SI
0110,1,3001,952,952,NO,NO,NO,NO,NO,NO,NO,NO,NO,NO,NO,NO,NO,SI
0111,1,3007,966,966,SI,NO,NO,NO,NO,NO,NO,NO,NO,NO,NO,NO,NO,SI
0112,1,3047,809,809,SI,NO,NO,NO,NO,NO,NO,NO,NO,NO,NO,NO,NO,NO
0113,1,3046,915,915,NO,SI,NO,NO,NO,NO,NO,NO,NO,NO,NO,SI,NO,SI
0114,1,3034,906,906,NO,NO,NO,NO,NO,NO,NO,NO,NO,NO,NO,NO,NO,NO
0115,1,3034,934,934,NO,NO,NO,NO,NO,NO,NO,NO,NO,NO,NO,NO,NO,SI
0116,1,3001,951,951,NO,NO,NO,NO,NO,NO,NO,NO,NO,NO,NO,NO,NO,NO
0117,1,3001,912,912,NO,NO,NO,NO,NO,NO,NO,NO,NO,NO,NO,NO,NO,SI
0118,1,3043,794,794,NO,NO,NO,NO,NO,NO,NO,NO,NO,NO,NO,SI,NO,NO
0119,1,3054,736,736,NO,NO,NO,NO,NO,NO,NO,NO,NO,NO,NO,NO,NO,SI
0120,1,3008,910,910,NO,NO,NO,NO,NO,NO,NO,NO,NO,NO,NO,SI,NO,SI
0121,1,3005,901,901,NO,SI,NO,NO,NO,NO,NO,NO,NO,NO,NO,NO,NO,NO
0122,1,3008,883,883,SI,SI,NO,NO,NO,NO,NO,NO,NO,SI,NO,NO,NO,SI
0123,1,3036,925,925,SI,SI,NO,NO,NO,NO,NO,NO,NO,NO,NO,SI,NO,SI
0124,1,3045,962,962,SI,SI,NO,NO,NO,NO,NO,NO,NO,NO,NO,NO,NO,SI
0125,1,3056,900,900,SI,NO,NO,NO,NO,NO,NO,NO,NO,NO,NO,NO,NO,SI
0126,1,3001,912,912,NO,NO,NO,NO,NO,NO,NO,NO,NO,NO,NO,SI,NO,SI
0127,1,3023,661,661,NO,NO,NO,NO,NO,NO,NO,NO,NO,NO,NO,NO,NO,SI
0128,1,3035,755,755,NO,NO,NO,NO,SI,NO,NO,NO,NO,NO,NO,NO,NO,SI
0129,1,3049,929,929,SI,SI,NO,NO,SI,NO,NO,NO,NO,NO,NO,NO,NO,NO
0130,1,3048,913,913,SI,SI,NO,SI,NO,NO,NO,NO,NO,NO,NO,NO,NO,SI
0131,1,3005,918,918,SI,SI,NO,NO,NO,NO,NO,NO,NO,NO,NO,SI,NO,SI
0132,1,3008,960,960,SI,NO,NO,NO,NO,NO,NO,NO,NO,NO,NO,SI,NO,SI
0133,1,3045,958,958,SI,NO,NO,NO,NO,NO,NO,NO,NO,NO,NO,NO,NO,NO
0134,1,3049,928,928,NO,SI,NO,NO,NO,NO,NO,NO,NO,NO,NO,NO,NO,NO
0135,1,3006,857,857,NO,NO,NO,NO,NO,NO,NO,NO,NO,NO,NO,NO,NO,SI
0136,1,3001,1000,1000,SI,SI,NO,NO,NO,NO,NO,NO,NO,NO,NO,NO,NO,SI
0137,1,3007,895,895,SI,NO,NO,NO,NO,NO,NO,NO,NO,NO,NO,NO,NO,SI
0138,1,3001,947,947,NO,NO,NO,NO,NO,NO,NO,NO,NO,NO,NO,NO,NO,SI
0139,1,3037,783,783,NO,SI,NO,NO,NO,NO,NO,NO,NO,NO,NO,NO,NO,NO
0140,1,3026,683,683,NO,NO,NO,SI,NO,NO,NO,NO,NO,NO,NO,NO,NO,NO
0141,1,3020,966,966,NO,NO,NO,NO,SI,NO,NO,NO,NO,NO,NO,NO,NO,SI
0142,1,3005,972,972,NO,NO,NO,SI,NO,NO,NO,NO,NO,NO,NO,NO,NO,SI
0143,1,3042,784,784,SI,SI,NO,NO,NO,NO,NO,NO,NO,NO,NO,NO,NO,SI
0144,1,3008,941,941,SI,SI,NO,NO,NO,NO,NO,NO,NO,NO,NO,NO,NO,NO
0145,1,3008,928,928,SI,NO,NO,NO,NO,NO,NO,NO,NO,NO,NO,NO,NO,SI
0146,1,3041,816,816,NO,NO,NO,NO,NO,NO,NO,NO,NO,NO,NO,NO,NO,SI
0147,1,3021,760,760,NO,NO,NO,NO,NO,NO,NO,NO,NO,NO,NO,NO,NO,SI
0148,1,3022,695,695,NO,NO,NO,NO,NO,NO,NO,NO,NO,NO,NO,NO,NO,NO
0149,1,3020,646,646,NO,NO,NO,NO,NO,NO,NO,NO,NO,NO,NO,NO,NO,NO
0150,1,3005,941,941,NO,SI,NO,NO,NO,NO,NO,NO,NO,NO,NO,NO,NO,NO
0151,1,3054,806,806,SI,SI,NO,SI,NO,NO,NO,NO,NO,NO,NO,NO,NO,SI
0152,1,3005,898,898,SI,SI,NO,NO,NO,NO,NO,NO,NO,NO,NO,NO,NO,SI
0153,1,3046,952,952,NO,SI,NO,SI,NO,NO,NO,NO,NO,NO,NO,NO,NO,SI
0154,1,3050,827,827,SI,NO,NO,NO,NO,NO,NO,NO,NO,NO,NO,NO,NO,SI
0155,1,3047,775,775,SI,NO,NO,NO,NO,NO,NO,NO,NO,NO,NO,NO,NO,SI
0156,1,3032,747,747,NO,SI,NO,NO,NO,NO,NO,NO,NO,NO,NO,NO,NO,SI
0157,1,3049,949,949,SI,NO,NO,NO,NO,NO,NO,NO,NO,NO,NO,NO,NO,SI
0158,1,3028,779,779,SI,NO,NO,NO,NO,NO,NO,NO,NO,NO,NO,NO,NO,SI
0159,1,3017,808,808,SI,NO,NO,NO,NO,NO,NO,NO,NO,NO,NO,NO,NO,SI
0160,1,3008,953,953,NO,SI,NO,NO,NO,NO,NO,NO,NO,NO,NO,NO,NO,NO
0161,1,3034,911,911,NO,SI,NO,NO,SI,NO,NO,NO,NO,NO,NO,NO,NO,NO
0162,1,3004,720,720,NO,NO,NO,NO,NO,NO,NO,NO,NO,NO,NO,NO,NO,SI
0163,1,3044,834,834,NO,NO,NO,NO,NO,NO,NO,NO,NO,NO,NO,NO,NO,SI
0164,1,3001,881,881,NO,SI,NO,NO,NO,NO,NO,NO,NO,NO,NO,SI,NO,SI
0165,1,3046,941,941,NO,NO,NO,NO,NO,NO,NO,NO,NO,NO,NO,NO,NO,NO
0166,1,3046,964,964,SI,NO,NO,NO,NO,SI,NO,NO,SI,NO,NO,NO,NO,NO
0167,1,3004,808,808,SI,NO,NO,NO,NO,NO,NO,NO,NO,NO,NO,NO,NO,NO
0168,1,3034,905,905,NO,NO,NO,SI,NO,NO,NO,NO,NO,NO,NO,NO,NO,SI
0169,1,3034,977,977,NO,SI,NO,NO,NO,SI,NO,SI,NO,NO,NO,SI,NO,SI
0170,1,3049,930,930,NO,NO,NO,NO,NO,NO,NO,NO,NO,NO,NO,NO,NO,SI
0171,1,3044,866,866,NO,NO,NO,NO,NO,NO,NO,NO,NO,NO,NO,NO,NO,SI
0172,1,3053,703,703,NO,NO,NO,NO,NO,NO,NO,NO,NO,NO,NO,NO,NO,SI
0173,1,3035,882,882,SI,NO,NO,NO,NO,NO,NO,NO,NO,NO,NO,NO,NO,SI
0174,1,3053,887,887,NO,NO,NO,SI,NO,NO,NO,NO,NO,NO,NO,NO,NO,SI
0175,1,3049,887,887,NO,NO,NO,NO,NO,NO,NO,NO,NO,NO,NO,NO,NO,SI
0176,1,3001,976,976,SI,NO,NO,NO,NO,NO,NO,NO,NO,NO,NO,NO,NO,SI
0177,1,3054,843,843,SI,NO,NO,NO,NO,NO,NO,NO,NO,NO,NO,NO,SI,SI
0178,1,3008,964,964,SI,NO,NO,NO,NO,NO,NO,NO,NO,NO,NO,NO,NO,SI
0179,1,3049,990,990,NO,NO,NO,NO,NO,NO,NO,NO,NO,NO,NO,NO,NO,NO
0180,1,3005,935,935,SI,NO,NO,SI,NO,NO,NO,NO,NO,NO,NO,NO,NO,SI
0181,1,3049,984,984,NO,NO,NO,NO,NO,NO,NO,NO,NO,NO,NO,NO,NO,SI
0182,1,3049,958,958,NO,NO,NO,NO,NO,NO,NO,NO,NO,NO,NO,NO,NO,SI
0183,1,3034,908,908,SI,NO,NO,NO,NO,NO,NO,NO,NO,NO,NO,NO,NO,SI
0184,1,3049,916,916,SI,NO,NO,SI,NO,NO,NO,NO,NO,NO,NO,NO,NO,NO
0185,1,3045,924,924,NO,NO,NO,NO,NO,NO,NO,NO,NO,NO,NO,NO,NO,SI
0186,1,3034,973,973,NO,SI,NO,NO,NO,NO,NO,NO,NO,NO,NO,NO,NO,SI
0187,1,3003,895,895,NO,NO,NO,NO,NO,SI,NO,NO,NO,NO,NO,NO,NO,NO
0188,1,3045,950,950,SI,NO,NO,NO,NO,NO,NO,NO,NO,NO,NO,NO,NO,NO
0189,1,3051,632,632,NO,NO,NO,NO,NO,SI,NO,NO,NO,NO,NO,NO,NO,SI
0190,1,3045,937,937,SI,NO,NO,SI,NO,NO,NO,NO,NO,NO,NO,NO,NO,SI
0191,1,3049,896,896,SI,NO,NO,NO,NO,NO,NO,NO,NO,NO,NO,NO,NO,SI
0192,1,3045,929,929,NO,SI,NO,NO,NO,NO,NO,NO,NO,NO,NO,NO,NO,SI
0193,1,3029,717,717,SI,NO,NO,NO,NO,NO,NO,NO,NO,NO,NO,NO,NO,SI
0194,1,3049,892,892,NO,NO,NO,SI,NO,NO,NO,NO,NO,NO,NO,SI,NO,SI
0195,1,3027,746,746,SI,NO,NO,NO,NO,NO,NO,NO,NO,NO,NO,NO,NO,SI
0196,1,3032,692,692,NO,SI,NO,NO,NO,NO,NO,NO,NO,NO,NO,NO,NO,SI
0197,1,3034,920,920,NO,NO,NO,NO,NO,NO,NO,NO,NO,NO,NO,NO,NO,SI
0198,1,3001,911,911,NO,NO,NO,SI,NO,SI,NO,NO,NO,NO,NO,SI,NO,NO
0199,1,3049,975,975,SI,NO,NO,NO,NO,NO,NO,NO,NO,NO,SI,NO,NO,NO
0200,1,3038,824,824,NO,NO,NO,NO,NO,NO,NO,NO,NO,NO,NO,NO,NO,SI
0201,1,3008,974,974,NO,SI,NO,NO,NO,NO,NO,NO,NO,NO,NO,NO,NO,NO
0202,1,3046,902,902,SI,NO,NO,NO,NO,NO,NO,NO,NO,NO,NO,NO,NO,SI
0203,1,3049,933,933,NO,SI,NO,NO,NO,NO,NO,NO,NO,NO,NO,NO,NO,SI
0204,1,3008,941,941,NO,NO,NO,NO,NO,NO,NO,NO,NO,NO,NO,NO,NO,SI
0205,1,3008,924,924,NO,NO,NO,NO,NO,NO,NO,NO,NO,NO,NO,NO,NO,SI
0206,1,3005,943,943,SI,SI,SI,NO,NO,NO,NO,NO,NO,NO,NO,NO,NO,SI
0207,1,3049,924,924,SI,SI,NO,NO,NO,NO,NO,NO,NO,NO,NO,NO,NO,SI
0208,1,3001,902,902,NO,SI,NO,NO,NO,NO,NO,NO,NO,NO,NO,NO,NO,NO
0209,1,3049,941,941,NO,SI,NO,NO,NO,NO,NO,NO,NO,NO,NO,SI,NO,SI
0210,1,3045,895,895,NO,NO,NO,SI,NO,NO,NO,NO,NO,NO,NO,NO,NO,NO
0211,1,3041,734,734,SI,NO,NO,NO,NO,NO,NO,NO,NO,NO,NO,NO,NO,SI
0212,1,3030,836,836,NO,NO,NO,NO,NO,NO,NO,NO,NO,NO,NO,NO,NO,NO
0213,1,3008,885,885,SI,SI,NO,SI,NO,NO,NO,NO,NO,NO,NO,NO,NO,SI
0214,1,3049,942,942,NO,NO,NO,NO,NO,NO,NO,NO,NO,NO,NO,NO,NO,SI
0215,1,3005,954,954,NO,NO,NO,NO,NO,SI,NO,NO,NO,NO,NO,NO,NO,SI
0216,1,3005,973,973,NO,NO,NO,NO,NO,SI,NO,NO,NO,NO,NO,NO,NO,NO
0217,1,3045,938,938,SI,NO,SI,NO,NO,NO,NO,NO,NO,NO,NO,SI,NO,SI
0218,1,3014,772,772,NO,SI,NO,NO,NO,NO,NO,NO,NO,NO,NO,NO,NO,SI
0219,1,3033,618,618,SI,NO,NO,NO,NO,NO,NO,NO,NO,NO,NO,NO,NO,SI
0220,1,3033,718,718,NO,NO,NO,NO,NO,NO,NO,NO,NO,NO,NO,SI,NO,SI
0221,1,3045,913,913,SI,NO,NO,NO,NO,NO,NO,NO,NO,NO,NO,NO,NO,SI
0222,1,3045,906,906,NO,SI,NO,NO,NO,SI,NO,NO,NO,NO,NO,SI,NO,NO
0223,1,3045,919,919,NO,NO,NO,NO,NO,NO,NO,NO,NO,NO,NO,NO,NO,NO
0224,1,3005,924,924,NO,NO,NO,NO,NO,NO,NO,NO,NO,NO,NO,NO,NO,NO
0225,1,3048,743,743,NO,SI,NO,NO,NO,NO,NO,NO,NO,NO,NO,SI,NO,SI
0226,1,3046,923,923,SI,NO,NO,SI,NO,NO,NO,NO,NO,NO,NO,NO,NO,NO
0227,1,3005,937,937,NO,SI,NO,NO,NO,SI,NO,NO,NO,NO,NO,NO,NO,SI
0228,1,3045,923,923,NO,NO,NO,NO,NO,NO,NO,NO,NO,NO,NO,NO,NO,NO
0229,1,3049,971,971,SI,SI,NO,NO,SI,NO,NO,NO,NO,NO,NO,NO,NO,SI
0230,1,3012,708,708,SI,NO,NO,NO,NO,NO,NO,NO,NO,NO,NO,SI,NO,SI
0231,1,3045,894,894,NO,NO,NO,SI,NO,NO,NO,NO,NO,NO,NO,SI,NO,SI
0232,1,3008,921,921,NO,NO,NO,NO,NO,NO,NO,NO,NO,NO,NO,NO,NO,NO
0233,1,3045,933,933,NO,SI,NO,SI,NO,NO,NO,NO,NO,NO,NO,NO,NO,SI
0234,1,3014,715,715,SI,NO,NO,NO,NO,NO,NO,NO,NO,NO,NO,NO,NO,SI
0235,1,3025,856,856,SI,NO,NO,NO,NO,NO,NO,NO,NO,NO,NO,NO,NO,SI
0236,1,3009,833,833,SI,NO,NO,NO,SI,NO,NO,NO,NO,NO,NO,NO,NO,SI
0237,1,3045,938,938,NO,SI,NO,NO,NO,NO,NO,NO,NO,NO,NO,NO,NO,SI
0238,1,3043,864,864,NO,NO,NO,NO,NO,NO,NO,NO,NO,NO,NO,NO,NO,NO
0239,1,3015,742,742,NO,NO,NO,NO,SI,NO,NO,NO,NO,NO,NO,NO,NO,NO
0240,1,3008,963,963,SI,NO,NO,NO,NO,NO,NO,NO,NO,NO,NO,NO,NO,SI
0241,1,3046,964,964,NO,SI,NO,NO,NO,NO,NO,NO,NO,NO,NO,NO,NO,SI
0242,1,3001,945,945,SI,SI,NO,NO,NO,NO,NO,NO,NO,NO,NO,SI,NO,SI
0243,1,3045,960,960,NO,SI,NO,NO,NO,NO,NO,NO,NO,NO,NO,NO,NO,SI
0244,1,3020,821,821,SI,SI,NO,NO,NO,SI,NO,NO,NO,NO,NO,NO,NO,SI
0245,1,3001,889,889,SI,NO,NO,NO,NO,NO,NO,NO,NO,NO,NO,NO,NO,NO
0246,1,3005,963,963,NO,NO,NO,NO,NO,NO,NO,NO,NO,NO,NO,NO,NO,SI
0247,1,3005,885,885,NO,NO,NO,NO,NO,SI,NO,NO,NO,NO,NO,NO,NO,SI
0248,1,3014,794,794,NO,NO,NO,SI,NO,NO,NO,NO,NO,NO,NO,NO,NO,SI
0249,1,3046,954,954,SI,NO,NO,SI,NO,NO,NO,NO,NO,NO,NO,NO,NO,SI
0250,1,3023,771,771,SI,NO,NO,NO,NO,NO,NO,NO,NO,NO,NO,NO,NO,SI
0251,1,3049,888,888,SI,SI,NO,NO,NO,NO,NO,NO,NO,NO,NO,NO,NO,SI
0252,1,3001,940,940,SI,NO,NO,NO,NO,NO,NO,NO,NO,NO,NO,NO,NO,SI
0253,1,3034,953,953,SI,NO,NO,NO,NO,NO,NO,NO,NO,NO,NO,NO,NO,SI
0254,1,3043,916,916,NO,NO,NO,NO,NO,NO,NO,NO,NO,NO,NO,NO,NO,SI
0255,1,3001,921,921,NO,NO,NO,SI,NO,NO,NO,NO,NO,NO,NO,NO,NO,SI
0256,1,3034,923,923,NO,NO,NO,NO,NO,NO,NO,NO,NO,NO,NO,NO,NO,NO
0257,1,3049,968,968,NO,SI,NO,NO,NO,NO,NO,NO,NO,NO,NO,NO,NO,SI
0258,1,3008,862,862,NO,NO,NO,NO,NO,NO,NO,NO,NO,NO,NO,NO,NO,SI
0259,1,3046,900,900,NO,NO,NO,NO,NO,NO,NO,NO,NO,NO,NO,NO,NO,SI
0260,1,3031,775,775,NO,NO,NO,SI,NO,NO,NO,NO,NO,NO,NO,NO,NO,SI
0261,1,3034,914,914,NO,NO,NO,NO,NO,NO,NO,NO,NO,NO,NO,NO,NO,SI
0262,1,3021,803,803,NO,NO,NO,NO,NO,NO,NO,NO,NO,NO,NO,SI,NO,SI
0263,1,3005,956,956,NO,NO,NO,NO,NO,NO,NO,NO,NO,NO,NO,NO,NO,SI
0264,1,3008,939,939,NO,SI,NO,SI,SI,NO,NO,NO,NO,NO,NO,NO,NO,SI
0265,1,3034,937,937,SI,NO,NO,NO,NO,NO,NO,NO,NO,NO,NO,NO,NO,NO
0266,1,3043,881,881,SI,NO,NO,NO,NO,NO,NO,NO,NO,NO,NO,NO,NO,SI
0267,1,3045,975,975,SI,NO,NO,NO,NO,NO,NO,NO,NO,NO,NO,NO,NO,SI
0268,1,3046,959,959,SI,SI,NO,NO,NO,NO,NO,NO,NO,NO,NO,NO,NO,SI
0269,1,3046,925,925,NO,SI,NO,NO,NO,NO,NO,NO,NO,NO,NO,NO,NO,SI
0270,1,3049,965,965,SI,NO,NO,NO,NO,NO,NO,NO,NO,NO,NO,NO,NO,SI
0271,1,3045,922,922,SI,NO,NO,NO,NO,SI,NO,NO,NO,NO,NO,NO,NO,SI
0272,1,3033,715,715,NO,NO,NO,NO,SI,NO,NO,NO,NO,NO,NO,SI,NO,SI
0273,1,3051,815,815,NO,NO,NO,NO,NO,NO,NO,NO,NO,NO,NO,SI,NO,NO
0274,1,3045,909,909,SI,NO,NO,NO,NO,NO,NO,NO,NO,NO,NO,NO,NO,SI
0275,1,3028,721,721,SI,NO,NO,NO,NO,NO,NO,NO,NO,NO,NO,NO,NO,NO
0276,1,3006,810,810,NO,NO,NO,NO,NO,NO,NO,NO,NO,NO,NO,NO,NO,SI
0277,1,3001,966,966,NO,NO,NO,SI,NO,NO,NO,NO,NO,NO,NO,NO,NO,SI
0278,1,3008,937,937,SI,NO,NO,NO,SI,NO,NO,NO,NO,NO,NO,NO,NO,SI
0279,1,3015,747,747,SI,SI,NO,NO,NO,NO,NO,NO,NO,NO,NO,NO,NO,SI
0280,1,3017,780,780,NO,NO,NO,NO,NO,NO,NO,NO,NO,NO,NO,NO,NO,SI
0281,1,3046,994,994,SI,NO,NO,NO,NO,NO,NO,NO,NO,NO,NO,NO,NO,SI
0282,1,3025,723,723,NO,SI,NO,NO,NO,NO,NO,NO,NO,NO,NO,NO,NO,SI
0283,1,3050,837,837,NO,NO,NO,NO,NO,NO,NO,NO,NO,NO,NO,NO,NO,SI
0284,1,3007,600,600,SI,NO,NO,NO,NO,NO,NO,NO,NO,NO,NO,NO,NO,SI
0285,1,3019,835,835,NO,NO,NO,NO,NO,NO,NO,NO,NO,NO,NO,SI,NO,NO
0286,1,3001,941,941,SI,NO,NO,NO,NO,NO,NO,NO,NO,NO,NO,NO,NO,SI
0287,1,3034,944,944,NO,NO,NO,NO,NO,NO,NO,NO,NO,NO,NO,NO,NO,SI
0288,1,3039,768,768,NO,NO,NO,NO,NO,NO,NO,NO,NO,NO,NO,NO,NO,SI
0289,1,3050,837,837,NO,NO,NO,NO,NO,SI,NO,NO,NO,NO,NO,NO,NO,SI
0290,1,3034,924,924,SI,NO,NO,NO,NO,NO,NO,NO,NO,NO,NO,NO,NO,SI
0291,1,3049,915,915,NO,NO,NO,NO,SI,NO,NO,NO,NO,NO,NO,NO,NO,SI
0292,1,3049,912,912,SI,NO,NO,NO,SI,NO,NO,NO,NO,NO,NO,NO,NO,NO
0293,1,3001,1000,1000,SI,SI,NO,SI,NO,NO,NO,NO,NO,NO,NO,SI,NO,SI
0294,1,3045,989,989,NO,SI,NO,NO,NO,SI,NO,NO,NO,NO,NO,SI,NO,SI
0295,1,3049,922,922,NO,SI,NO,NO,NO,NO,NO,NO,NO,NO,NO,NO,NO,SI
0296,1,3005,943,943,SI,NO,NO,NO,NO,NO,NO,NO,NO,NO,NO,NO,NO,NO
0297,1,3005,965,965,SI,NO,NO,NO,NO,NO,NO,NO,NO,NO,NO,NO,NO,SI
0298,1,3003,833,833,NO,NO,NO,NO,NO,NO,NO,NO,NO,NO,NO,SI,NO,SI
0299,1,3030,720,720,NO,NO,NO,NO,NO,NO,NO,NO,NO,NO,NO,NO,NO,SI
0300,1,3034,960,960,NO,NO,NO,NO,NO,NO,NO,NO,NO,NO,NO,NO,NO,SI
0301,1,3046,932,932,NO,NO,NO,NO,NO,NO,NO,NO,NO,NO,NO,NO,NO,SI
0302,1,3044,667,667,NO,NO,NO,NO,NO,NO,NO,NO,NO,NO,NO,NO,NO,SI
0303,1,3034,895,895,SI,SI,NO,NO,NO,NO,NO,NO,NO,NO,NO,NO,NO,SI
0304,1,3056,821,821,SI,NO,NO,NO,NO,NO,NO,NO,NO,NO,NO,NO,NO,NO
0305,1,3046,879,879,NO,NO,NO,NO,SI,NO,NO,NO,NO,NO,NO,NO,NO,SI
0306,1,3045,873,873,NO,NO,NO,NO,NO,NO,NO,NO,NO,NO,NO,NO,NO,NO
0307,1,3022,769,769,SI,NO,NO,NO,NO,NO,NO,NO,NO,NO,NO,NO,SI,SI
0308,1,3045,966,966,NO,NO,NO,NO,NO,SI,NO,NO,NO,NO,NO,NO,NO,SI
0309,1,3001,913,913,SI,NO,NO,NO,NO,NO,NO,NO,NO,NO,NO,NO,NO,SI
0310,1,3045,887,887,NO,NO,NO,SI,NO,NO,SI,NO,NO,NO,NO,NO,NO,NO
0311,1,3049,869,869,NO,SI,NO,NO,NO,NO,NO,NO,NO,NO,NO,NO,NO,SI
0312,1,3036,719,719,SI,SI,NO,NO,NO,NO,NO,NO,NO,NO,NO,SI,NO,NO
0313,1,3007,762,762,NO,NO,NO,SI,NO,NO,NO,NO,NO,NO,NO,NO,NO,SI
0314,1,3034,948,948,NO,NO,NO,NO,NO,NO,NO,NO,NO,NO,NO,SI,NO,SI
0315,1,3011,678,678,NO,NO,NO,NO,NO,NO,NO,NO,NO,NO,NO,SI,NO,SI
0316,1,3045,917,917,SI,NO,NO,NO,NO,NO,NO,NO,NO,NO,NO,NO,NO,SI
0317,1,3031,866,866,NO,NO,NO,NO,NO,NO,NO,NO,NO,NO,NO,NO,NO,SI
0318,1,3008,906,906,NO,SI,SI,NO,NO,NO,NO,NO,NO,NO,NO,SI,NO,SI
0319,1,3048,719,719,SI,SI,NO,NO,NO,NO,NO,NO,NO,NO,NO,NO,SI,SI
0320,1,3035,708,708,NO,NO,NO,NO,NO,NO,NO,NO,NO,NO,NO,NO,NO,SI
0321,1,3026,687,687,SI,SI,NO,NO,SI,SI,NO,NO,NO,NO,NO,NO,NO,SI
0322,1,3005,929,929,SI,NO,NO,NO,NO,NO,NO,NO,NO,NO,NO,NO,NO,NO
0323,1,3005,929,929,SI,NO,NO,NO,NO,NO,NO,NO,NO,NO,NO,NO,NO,SI
0324,1,3045,980,980,NO,NO,NO,NO,NO,NO,NO,NO,NO,NO,NO,NO,NO,NO
0325,1,3049,930,930,NO,NO,NO,NO,NO,NO,NO,NO,NO,NO,NO,SI,NO,NO
0326,1,3045,907,907,SI,SI,NO,NO,NO,NO,NO,NO,NO,NO,NO,NO,NO,SI
0327,1,3049,954,954,SI,NO,NO,NO,NO,NO,NO,NO,NO,NO,NO,NO,NO,SI
0328,1,3034,939,939,SI,NO,NO,NO,NO,NO,NO,NO,NO,NO,NO,NO,NO,SI
0329,1,3019,810,810,SI,NO,NO,SI,NO,NO,NO,NO,NO,NO,NO,NO,NO,SI
0330,1,3034,977,977,NO,NO,NO,NO,NO,NO,NO,NO,NO,NO,NO,SI,NO,SI
0331,1,3024,674,674,NO,SI,NO,SI,NO,NO,NO,NO,NO,NO,NO,NO,NO,NO
0332,1,3049,920,920,SI,NO,NO,NO,SI,NO,NO,NO,NO,NO,NO,NO,NO,SI
0333,1,3014,798,798,NO,SI,NO,SI,NO,NO,NO,NO,NO,NO,NO,NO,NO,SI
0334,1,3049,905,905,NO,NO,NO,NO,NO,NO,NO,NO,NO,NO,NO,NO,NO,NO
0335,1,3013,894,894,SI,NO,NO,NO,NO,NO,NO,NO,NO,NO,NO,NO,NO,SI
0336,1,3046,936,936,SI,NO,NO,NO,NO,NO,NO,NO,NO,NO,NO,NO,NO,SI
0337,1,3012,746,746,NO,NO,NO,NO,NO,NO,NO,NO,NO,NO,NO,NO,NO,SI
0338,1,3045,910,910,NO,NO,NO,NO,NO,NO,NO,NO,NO,NO,NO,NO,NO,SI
0339,1,3034,908,908,SI,SI,NO,NO,NO,NO,NO,NO,NO,NO,NO,NO,NO,SI
0340,1,3001,913,913,SI,NO,NO,NO,NO,NO,NO,NO,NO,NO,NO,NO,NO,SI
0341,1,3005,981,981,NO,NO,NO,NO,NO,NO,NO,SI,NO,NO,NO,NO,NO,SI
0342,1,3050,859,859,NO,NO,NO,NO,NO,NO,NO,NO,NO,NO,NO,NO,NO,SI
0343,1,3034,942,942,NO,NO,NO,NO,NO,NO,NO,NO,NO,NO,NO,NO,NO,SI
0344,1,3049,941,941,NO,SI,NO,NO,NO,NO,NO,NO,NO,NO,NO,NO,NO,SI
0345,1,3046,948,948,SI,NO,NO,NO,NO,NO,NO,NO,NO,NO,NO,NO,NO,SI
0346,1,3037,860,860,SI,NO,NO,NO,NO,NO,NO,NO,NO,NO,NO,NO,NO,SI
0347,1,3019,790,790,SI,NO,NO,NO,NO,SI,NO,NO,NO,NO,NO,NO,NO,SI
0348,1,3054,713,713,NO,NO,NO,NO,NO,NO,NO,NO,NO,NO,NO,NO,NO,NO
0349,1,3038,763,763,NO,NO,NO,NO,NO,NO,NO,NO,NO,NO,NO,NO,NO,SI
0350,1,3001,936,936,NO,SI,NO,NO,NO,NO,NO,NO,NO,NO,NO,NO,NO,NO
0351,1,3035,755,755,SI,NO,NO,SI,NO,NO,NO,NO,NO,NO,NO,SI,NO,NO
0352,1,3001,911,911,SI,NO,NO,NO,NO,NO,NO,NO,NO,NO,NO,NO,NO,SI
0353,1,3046,975,975,NO,NO,NO,NO,NO,NO,NO,NO,NO,NO,NO,NO,NO,SI
0354,1,3045,927,927,SI,NO,NO,NO,NO,NO,NO,NO,NO,NO,NO,SI,NO,NO
0355,1,3001,892,892,SI,NO,NO,NO,SI,NO,NO,NO,NO,NO,NO,NO,NO,SI
0356,1,3034,890,890,NO,SI,NO,NO,NO,NO,NO,NO,NO,NO,NO,SI,NO,SI
0357,1,3045,941,941,SI,NO,NO,NO,NO,NO,NO,NO,NO,NO,NO,NO,NO,SI
0358,1,3050,673,673,NO,NO,NO,NO,NO,SI,NO,NO,NO,NO,NO,SI,NO,NO
0359,1,3046,918,918,NO,SI,NO,NO,NO,NO,NO,NO,NO,NO,NO,SI,NO,SI
0360,1,3015,674,674,NO,NO,NO,NO,NO,NO,NO,NO,NO,NO,NO,NO,NO,SI
0361,1,3003,652,652,NO,NO,NO,NO,NO,NO,NO,NO,NO,NO,NO,NO,NO,SI
0362,1,3033,824,824,NO,NO,NO,NO,NO,NO,NO,NO,NO,NO,NO,NO,NO,SI
0363,1,3039,766,766,SI,NO,NO,NO,SI,NO,NO,NO,NO,NO,NO,NO,NO,SI
0364,1,3034,913,913,NO,SI,NO,NO,NO,NO,NO,NO,NO,NO,NO,NO,NO,NO
0365,1,3020,688,688,SI,NO,NO,NO,NO,NO,NO,NO,NO,NO,NO,NO,NO,SI
0366,1,3045,927,927,NO,NO,NO,NO,NO,NO,NO,NO,NO,NO,NO,NO,NO,SI
0367,1,3002,663,663,NO,SI,NO,NO,NO,NO,NO,NO,NO,NO,NO,NO,NO,SI
0368,1,3034,958,958,NO,NO,NO,NO,NO,NO,NO,NO,NO,NO,NO,NO,NO,NO
0369,1,3049,938,938,NO,SI,NO,NO,NO,NO,NO,NO,NO,NO,NO,NO,NO,SI
0370,1,3005,918,918,SI,NO,NO,SI,NO,NO,NO,NO,NO,NO,NO,NO,NO,NO
0371,1,3005,886,886,SI,SI,NO,NO,NO,NO,NO,NO,NO,NO,NO,NO,NO,SI
0372,1,3008,999,999,SI,NO,NO,NO,NO,NO,NO,NO,NO,NO,NO,NO,NO,SI
0373,1,3021,841,841,SI,NO,NO,SI,NO,NO,NO,NO,NO,NO,NO,NO,NO,SI
0374,1,3034,926,926,SI,SI,NO,NO,NO,NO,NO,NO,NO,NO,NO,NO,NO,SI
0375,1,3034,895,895,SI,SI,NO,NO,NO,NO,NO,NO,NO,NO,NO,NO,NO,SI
0376,1,3045,911,911,NO,NO,NO,NO,NO,NO,NO,NO,NO,NO,NO,NO,NO,NO
0377,1,3001,943,943,NO,NO,NO,SI,SI,NO,NO,NO,NO,NO,NO,NO,NO,NO
0378,1,3004,821,821,SI,NO,NO,NO,SI,NO,NO,NO,NO,NO,NO,NO,NO,NO
0379,1,3039,745,745,NO,NO,NO,NO,SI,NO,NO,NO,NO,NO,NO,NO,NO,SI
0380,1,3021,800,800,NO,NO,NO,NO,NO,NO,NO,NO,NO,NO,NO,NO,NO,SI
0381,1,3041,895,895,NO,SI,NO,NO,NO,NO,NO,NO,NO,NO,NO,NO,NO,SI
0382,1,3031,758,758,SI,NO,NO,NO,NO,NO,NO,NO,NO,NO,NO,NO,NO,SI
0383,1,3049,973,973,NO,NO,NO,NO,NO,NO,NO,NO,NO,NO,NO,NO,NO,SI
0384,1,3023,708,708,SI,SI,NO,NO,NO,NO,NO,NO,NO,NO,NO,SI,NO,NO
0385,1,3020,910,910,NO,NO,NO,NO,NO,NO,NO,NO,NO,NO,NO,NO,NO,NO
0386,1,3005,949,949,NO,NO,NO,NO,NO,SI,NO,NO,NO,NO,NO,NO,NO,SI
0387,1,3008,945,945,NO,NO,NO,NO,NO,NO,NO,NO,NO,NO,NO,NO,NO,SI
0388,1,3036,614,614,NO,NO,NO,NO,NO,NO,NO,NO,NO,NO,NO,SI,SI,SI
0389,1,3049,906,906,NO,NO,NO,NO,NO,NO,NO,NO,NO,NO,NO,NO,NO,NO
0390,1,3046,893,893,SI,NO,NO,NO,NO,NO,NO,NO,NO,NO,NO,NO,NO,SI
0391,1,3045,920,920,SI,NO,NO,NO,NO,NO,NO,NO,NO,NO,NO,NO,NO,NO
0392,1,3037,706,706,SI,NO,NO,NO,NO,NO,NO,NO,NO,NO,NO,NO,NO,SI
0393,1,3020,722,722,NO,SI,NO,NO,NO,NO,NO,NO,NO,NO,NO,NO,NO,SI
0394,1,3008,948,948,NO,NO,SI,NO,NO,NO,NO,NO,NO,NO,NO,NO,NO,SI
0395,1,3016,791,791,NO,NO,NO,NO,NO,NO,NO,NO,NO,NO,NO,NO,NO,SI
0396,1,3014,877,877,SI,SI,NO,NO,NO,NO,NO,SI,NO,NO,NO,NO,NO,SI
0397,1,3034,953,953,NO,NO,NO,NO,NO,NO,NO,NO,NO,NO,NO,NO,NO,NO
0398,1,3045,914,914,NO,SI,NO,NO,NO,NO,NO,SI,NO,NO,NO,NO,NO,SI
0399,1,3016,749,749,NO,NO,NO,NO,NO,SI,NO,NO,NO,NO,NO,NO,NO,SI
0400,1,3053,798,798,NO,NO,NO,NO,NO,NO,NO,NO,NO,NO,NO,NO,NO,SI
0401,1,3049,946,946,SI,SI,NO,NO,NO,NO,NO,NO,NO,NO,NO,SI,NO,SI
0402,1,3001,948,948,SI,NO,NO,NO,NO,NO,NO,NO,NO,NO,NO,NO,NO,SI
0403,1,3016,708,708,NO,NO,NO,NO,NO,NO,NO,NO,NO,NO,NO,NO,NO,SI
0404,1,3008,950,950,NO,NO,NO,NO,NO,NO,NO,NO,NO,NO,NO,NO,NO,SI
0405,1,3001,901,901,NO,NO,NO,NO,NO,NO,NO,NO,NO,NO,NO,NO,NO,SI
0406,1,3032,897,897,SI,NO,NO,NO,NO,NO,NO,NO,NO,NO,NO,NO,NO,SI
0407,1,3018,831,831,SI,NO,NO,NO,NO,NO,NO,NO,SI,NO,NO,SI,NO,SI
0408,1,3046,974,974,NO,SI,NO,NO,NO,NO,NO,NO,NO,NO,NO,NO,NO,NO
0409,1,3045,937,937,NO,NO,NO,NO,NO,SI,NO,NO,NO,NO,NO,SI,NO,SI
0410,1,3045,950,950,NO,NO,NO,NO,NO,NO,NO,NO,NO,NO,NO,NO,NO,SI
0411,1,3049,927,927,NO,NO,NO,NO,NO,NO,NO,NO,NO,NO,NO,NO,NO,SI
0412,1,3008,904,904,SI,NO,NO,SI,NO,NO,NO,NO,NO,NO,NO,NO,NO,SI
0413,1,3045,853,853,SI,NO,NO,NO,NO,NO,NO,NO,NO,NO,NO,NO,NO,SI
0414,1,3049,894,894,NO,SI,NO,NO,NO,NO,NO,NO,NO,NO,NO,NO,NO,SI
0415,1,3034,929,929,SI,NO,NO,SI,NO,SI,NO,NO,NO,NO,NO,NO,NO,SI
0416,1,3001,1000,1000,SI,NO,NO,NO,NO,NO,NO,NO,NO,NO,NO,NO,NO,SI
0417,1,3001,871,871,NO,NO,NO,NO,NO,NO,NO,NO,NO,NO,NO,NO,NO,NO
0418,1,3013,804,804,SI,NO,NO,NO,NO,NO,NO,NO,NO,NO,NO,NO,NO,SI
0419,1,3005,957,957,SI,SI,NO,NO,SI,NO,NO,NO,NO,NO,NO,NO,NO,SI
0420,1,3045,911,911,SI,NO,SI,NO,NO,NO,NO,NO,NO,NO,NO,NO,NO,SI
0421,1,3049,949,949,NO,NO,SI,NO,NO,NO,NO,NO,NO,NO,NO,NO,NO,SI
0422,1,3001,961,961,NO,NO,NO,NO,NO,NO,NO,NO,NO,NO,NO,NO,NO,NO
0423,1,3050,600,600,NO,NO,NO,NO,NO,NO,NO,NO,NO,NO,NO,NO,NO,SI
0424,1,3001,965,965,NO,NO,NO,NO,NO,NO,NO,NO,NO,NO,NO,NO,NO,SI
0425,1,3005,913,913,NO,NO,NO,NO,NO,NO,NO,NO,NO,NO,NO,NO,NO,SI
0426,1,3005,913,913,SI,NO,NO,NO,SI,NO,NO,NO,NO,NO,NO,NO,NO,SI
0427,1,3001,884,884,SI,SI,NO,NO,NO,NO,NO,NO,NO,NO,NO,SI,NO,NO
0428,1,3012,835,835,NO,NO,NO,NO,NO,NO,NO,NO,NO,NO,NO,NO,NO,NO
0429,1,3045,946,946,NO,NO,NO,NO,NO,NO,NO,NO,NO,NO,NO,SI,NO,SI
0430,1,3046,934,934,SI,NO,NO,NO,NO,NO,NO,NO,NO,NO,NO,NO,NO,SI
0431,1,3005,901,901,NO,SI,NO,NO,NO,NO,NO,SI,NO,NO,NO,NO,NO,SI
0432,1,3045,961,961,NO,NO,NO,NO,NO,NO,NO,NO,NO,NO,NO,NO,NO,SI
0433,1,3045,905,905,NO,NO,NO,NO,NO,NO,NO,NO,NO,NO,NO,NO,NO,NO
0434,1,3002,869,869,SI,SI,NO,NO,NO,NO,NO,NO,NO,NO,NO,NO,NO,SI
0435,1,3021,823,823,SI,SI,NO,NO,NO,NO,NO,NO,NO,NO,NO,NO,NO,SI
0436,1,3008,950,950,NO,NO,NO,NO,NO,NO,NO,NO,NO,NO,NO,SI,NO,SI
0437,1,3005,932,932,SI,SI,NO,NO,NO,SI,NO,NO,NO,NO,NO,NO,NO,SI
0438,1,3046,904,904,NO,NO,NO,NO,NO,NO,NO,NO,NO,NO,NO,NO,NO,SI
0439,1,3008,919,919,SI,NO,NO,SI,SI,NO,NO,NO,NO,NO,NO,NO,NO,SI
0440,1,3005,957,957,SI,NO,NO,NO,NO,NO,NO,NO,NO,NO,NO,NO,NO,SI
0441,1,3005,985,985,NO,NO,NO,NO,NO,NO,NO,NO,NO,NO,NO,SI,NO,SI
0442,1,3023,799,799,SI,NO,NO,NO,NO,NO,NO,NO,NO,NO,NO,NO,NO,SI
0443,1,3054,738,738,NO,NO,NO,NO,NO,NO,NO,NO,NO,NO,NO,NO,NO,SI
0444,1,3045,912,912,NO,NO,NO,NO,NO,NO,NO,NO,NO,NO,NO,NO,NO,NO
0445,1,3027,742,742,NO,NO,NO,NO,NO,NO,NO,NO,NO,NO,NO,NO,NO,NO
0446,1,3005,915,915,SI,SI,NO,NO,NO,NO,NO,NO,NO,NO,NO,NO,NO,SI
0447,1,3045,917,917,SI,NO,NO,NO,NO,NO,NO,NO,NO,NO,NO,NO,NO,SI
0448,1,3045,952,952,SI,NO,NO,NO,SI,NO,NO,NO,NO,NO,NO,NO,NO,SI
0449,1,3028,881,881,NO,NO,NO,NO,NO,NO,NO,NO,NO,NO,NO,NO,NO,SI
0450,1,3045,992,992,NO,NO,NO,NO,NO,NO,NO,NO,NO,NO,NO,NO,NO,SI
0451,1,3007,853,853,SI,SI,NO,SI,NO,NO,NO,NO,NO,NO,NO,SI,NO,SI
0452,1,3001,962,962,SI,NO,NO,NO,NO,NO,SI,NO,NO,NO,NO,SI,NO,SI
0453,1,3049,882,882,NO,SI,NO,NO,NO,NO,NO,NO,NO,NO,NO,NO,NO,SI
0454,1,3034,904,904,SI,NO,NO,NO,NO,NO,NO,NO,NO,NO,NO,SI,NO,SI
0455,1,3002,704,704,NO,SI,NO,NO,NO,NO,NO,NO,NO,NO,NO,NO,NO,SI
0456,1,3024,796,796,NO,NO,NO,NO,NO,NO,NO,NO,NO,NO,NO,SI,NO,SI
0457,1,3008,946,946,NO,SI,NO,NO,NO,NO,NO,NO,NO,NO,NO,NO,NO,NO
0458,1,3045,922,922,NO,NO,NO,NO,NO,NO,NO,NO,NO,NO,NO,NO,NO,NO
0459,1,3019,945,945,SI,NO,NO,NO,SI,NO,NO,NO,NO,NO,NO,NO,NO,SI
0460,1,3045,970,970,SI,SI,NO,NO,NO,NO,NO,NO,NO,NO,NO,NO,NO,SI
0461,1,3055,732,732,NO,NO,NO,NO,NO,NO,NO,NO,NO,NO,NO,NO,SI,SI
0462,1,3047,907,907,NO,SI,NO,NO,NO,NO,NO,NO,NO,NO,NO,NO,NO,NO
0463,1,3019,898,898,NO,SI,NO,NO,NO,NO,NO,NO,NO,NO,NO,NO,NO,SI
0464,1,3047,630,630,NO,NO,NO,NO,NO,NO,NO,NO,NO,NO,NO,NO,NO,SI
0465,1,3049,946,946,NO,NO,NO,NO,NO,SI,NO,NO,NO,NO,NO,NO,NO,SI
0466,1,3014,888,888,SI,NO,NO,NO,NO,NO,NO,NO,NO,NO,NO,SI,NO,SI
0467,1,3049,948,948,NO,SI,NO,NO,NO,NO,NO,NO,NO,NO,NO,NO,NO,SI
0468,1,3008,910,910,SI,NO,NO,SI,NO,NO,NO,NO,NO,NO,NO,NO,NO,SI
0469,1,3049,975,975,SI,NO,NO,NO,NO,NO,NO,NO,NO,NO,NO,NO,NO,SI
0470,1,3005,916,916,SI,NO,NO,NO,NO,NO,NO,NO,NO,NO,NO,SI,NO,SI
0471,1,3052,795,795,NO,NO,NO,NO,NO,NO,NO,NO,NO,NO,NO,NO,NO,NO
0472,1,3054,864,864,NO,NO,NO,NO,NO,SI,NO,NO,NO,NO,NO,NO,NO,SI
0473,1,3046,960,960,SI,SI,NO,NO,NO,NO,NO,NO,NO,NO,NO,NO,NO,SI
0474,1,3027,805,805,NO,NO,NO,NO,NO,NO,NO,NO,NO,NO,NO,NO,NO,NO
0475,1,3001,885,885,NO,SI,NO,SI,NO,NO,NO,NO,NO,NO,NO,NO,NO,SI
0476,1,3005,914,914,NO,NO,NO,NO,NO,NO,NO,NO,NO,NO,NO,NO,NO,SI
0477,1,3046,931,931,SI,NO,NO,SI,NO,NO,NO,NO,NO,NO,NO,NO,NO,NO
0478,1,3006,873,873,SI,NO,NO,NO,NO,NO,NO,NO,NO,NO,NO,SI,NO,SI
0479,1,3046,946,946,SI,SI,NO,NO,NO,NO,NO,NO,NO,NO,NO,NO,NO,NO
0480,1,3028,920,920,SI,NO,NO,NO,NO,NO,NO,NO,NO,NO,NO,NO,NO,SI
0481,1,3002,906,906,NO,NO,NO,NO,NO,NO,NO,NO,NO,NO,NO,NO,NO,SI
0482,1,3005,908,908,NO,NO,NO,NO,NO,NO,NO,NO,NO,NO,NO,NO,NO,SI
0483,1,3003,704,704,SI,NO,NO,NO,NO,NO,NO,NO,NO,NO,NO,NO,NO,SI
0484,1,3020,726,726,SI,NO,NO,SI,NO,NO,NO,NO,NO,NO,NO,NO,NO,SI
0485,1,3054,808,808,SI,NO,NO,NO,NO,NO,NO,NO,NO,NO,NO,NO,NO,SI
0486,1,3008,942,942,SI,NO,NO,NO,NO,NO,NO,NO,NO,NO,NO,NO,NO,NO
0487,1,3007,866,866,NO,NO,NO,NO,NO,NO,NO,NO,NO,NO,NO,NO,NO,SI
0488,1,3042,767,767,SI,NO,NO,NO,NO,NO,NO,NO,NO,NO,NO,NO,NO,SI
0489,1,3045,997,997,SI,NO,NO,NO,NO,NO,NO,NO,NO,NO,NO,NO,NO,SI
0490,1,3034,944,944,NO,SI,NO,NO,NO,NO,NO,NO,NO,NO,NO,NO,NO,NO
0491,1,3034,924,924,NO,NO,NO,NO,NO,NO,NO,NO,NO,NO,NO,NO,NO,SI
0492,1,3013,854,854,SI,NO,NO,NO,NO,NO,NO,NO,NO,NO,NO,NO,NO,SI
0493,1,3049,952,952,SI,NO,NO,NO,SI,NO,NO,NO,NO,NO,NO,NO,NO,SI
0494,1,3046,925,925,NO,NO,NO,NO,NO,NO,NO,NO,NO,NO,NO,NO,NO,SI
0495,1,3007,810,810,SI,NO,NO,NO,NO,NO,NO,NO,NO,NO,NO,NO,NO,SI
0496,1,3034,960,960,NO,SI,NO,NO,NO,NO,NO,NO,NO,NO,NO,SI,NO,SI
0497,1,3035,761,761,SI,NO,NO,NO,NO,NO,NO,NO,NO,NO,NO,NO,NO,NO
0498,1,3034,931,931,SI,NO,SI,NO,NO,NO,NO,NO,NO,NO,NO,NO,NO,NO
0499,1,3001,940,940,SI,SI,NO,NO,NO,NO,NO,NO,NO,NO,NO,NO,NO,SI
0500,1,3045,963,963,NO,NO,NO,NO,NO,NO,NO,SI,NO,NO,NO,NO,NO,SI
0501,1,3023,790,790,NO,NO,NO,NO,NO,NO,NO,NO,NO,NO,NO,NO,NO,SI
0502,1,3040,731,731,SI,SI,NO,SI,NO,NO,NO,NO,NO,NO,NO,NO,NO,NO
0503,1,3001,957,957,NO,NO,NO,SI,SI,NO,NO,NO,NO,NO,NO,SI,NO,SI
0504,1,3045,879,879,NO,NO,NO,NO,NO,NO,NO,NO,NO,NO,NO,NO,NO,SI
0505,1,3032,709,709,NO,NO,NO,NO,NO,NO,NO,NO,NO,NO,NO,NO,NO,SI
0506,1,3046,908,908,SI,SI,NO,NO,NO,NO,NO,NO,NO,NO,NO,NO,NO,SI
0507,1,3001,959,959,SI,NO,NO,NO,NO,NO,SI,NO,NO,NO,NO,NO,NO,SI
0508,1,3046,953,953,SI,NO,NO,NO,NO,NO,NO,NO,NO,NO,NO,NO,NO,SI
0509,1,3005,865,865,NO,NO,NO,NO,NO,NO,NO,NO,NO,NO,NO,NO,NO,SI
0510,1,3017,939,939,NO,NO,NO,NO,NO,NO,NO,NO,NO,NO,NO,NO,NO,SI
0511,1,3046,953,953,NO,NO,SI,NO,NO,NO,NO,NO,NO,NO,NO,NO,NO,SI
0512,1,3005,945,945,NO,NO,NO,NO,NO,NO,NO,NO,NO,NO,NO,SI,SI,NO
0513,1,3034,991,991,SI,NO,NO,NO,NO,NO,NO,NO,NO,NO,NO,NO,NO,SI
0514,1,3051,806,806,NO,NO,SI,SI,SI,NO,NO,NO,NO,NO,NO,NO,NO,SI
0515,1,3034,879,879,NO,NO,NO,NO,NO,NO,NO,NO,NO,NO,NO,NO,NO,SI
0516,1,3044,913,913,NO,NO,NO,NO,NO,NO,NO,NO,NO,NO,NO,SI,NO,SI
0517,1,3034,898,898,NO,NO,SI,NO,NO,NO,NO,NO,NO,NO,NO,NO,NO,SI
0518,1,3046,906,906,NO,NO,NO,NO,NO,NO,NO,NO,NO,NO,NO,NO,NO,NO
0519,1,3041,825,825,NO,NO,NO,NO,NO,NO,NO,NO,NO,NO,NO,NO,NO,SI
0520,1,3046,929,929,NO,SI,NO,NO,NO,NO,NO,NO,SI,NO,NO,NO,NO,SI
0521,1,3024,937,937,NO,NO,NO,NO,NO,NO,NO,NO,NO,NO,NO,NO,NO,NO
0522,1,3034,949,949,NO,SI,SI,NO,NO,NO,NO,NO,NO,NO,NO,NO,NO,SI
0523,1,3008,902,902,SI,NO,NO,NO,NO,NO,NO,NO,NO,NO,NO,SI,NO,SI
0524,1,3034,993,993,NO,NO,NO,NO,NO,NO,NO,NO,NO,NO,NO,NO,NO,SI
0525,1,3007,694,694,SI,NO,NO,NO,NO,NO,NO,NO,NO,NO,NO,NO,NO,SI
0526,1,3005,975,975,NO,NO,NO,NO,NO,NO,NO,NO,NO,NO,NO,NO,NO,SI
0527,1,3008,961,961,SI,NO,NO,NO,NO,NO,NO,NO,NO,NO,NO,NO,NO,SI
0528,1,3045,932,932,SI,NO,NO,NO,NO,NO,NO,NO,NO,NO,NO,NO,NO,SI
0529,1,3049,947,947,NO,NO,NO,NO,NO,NO,NO,NO,NO,NO,NO,NO,NO,NO
0530,1,3046,964,964,SI,NO,NO,NO,NO,NO,NO,NO,NO,NO,NO,NO,NO,SI
0531,1,3005,941,941,SI,SI,SI,NO,NO,NO,NO,NO,NO,NO,NO,NO,NO,SI
0532,1,3034,918,918,NO,NO,NO,NO,NO,NO,NO,NO,NO,NO,NO,NO,NO,NO
0533,1,3004,753,753,NO,NO,SI,NO,NO,NO,NO,NO,NO,NO,NO,NO,NO,SI
0534,1,3033,854,854,NO,NO,NO,NO,NO,NO,NO,NO,NO,NO,NO,NO,NO,SI
0535,1,3019,784,784,NO,NO,NO,NO,NO,NO,NO,NO,NO,NO,NO,NO,NO,SI
0536,1,3038,797,797,SI,NO,NO,SI,NO,NO,NO,NO,NO,NO,NO,NO,NO,SI
0537,1,3008,956,956,NO,NO,NO,NO,NO,NO,NO,NO,NO,NO,NO,NO,NO,SI
0538,1,3056,618,618,SI,SI,NO,NO,NO,NO,NO,NO,NO,NO,NO,NO,NO,SI
0539,1,3050,734,734,SI,NO,NO,NO,NO,NO,NO,NO,NO,NO,NO,NO,NO,SI
0540,1,3015,765,765,SI,SI,NO,NO,NO,NO,NO,NO,NO,NO,NO,SI,NO,SI
0541,1,3045,902,902,NO,NO,NO,NO,NO,NO,NO,NO,NO,NO,NO,NO,NO,SI
0542,1,3001,935,935,NO,NO,NO,NO,NO,NO,NO,NO,NO,NO,NO,SI,NO,SI
0543,1,3005,972,972,NO,NO,NO,NO,NO,NO,NO,NO,NO,NO,NO,NO,NO,SI
0544,1,3034,954,954,NO,NO,NO,NO,NO,NO,NO,NO,NO,NO,NO,NO,NO,SI
0545,1,3033,751,751,NO,NO,NO,NO,NO,NO,NO,NO,NO,NO,NO,SI,NO,NO
0546,1,3046,930,930,SI,NO,NO,NO,NO,NO,NO,NO,NO,NO,NO,NO,NO,SI
0547,1,3046,886,886,NO,SI,NO,NO,NO,NO,NO,NO,NO,NO,NO,NO,NO,SI
0548,1,3046,943,943,NO,NO,NO,NO,NO,NO,NO,NO,NO,NO,NO,NO,NO,NO
0549,1,3010,1000,1000,SI,NO,NO,NO,NO,NO,NO,NO,NO,NO,NO,NO,NO,SI
0550,1,3045,941,941,NO,NO,NO,NO,NO,NO,NO,NO,NO,NO,NO,NO,NO,SI
0551,1,3049,913,913,NO,NO,NO,NO,NO,NO,NO,NO,NO,NO,NO,NO,NO,SI
0552,1,3039,936,936,SI,NO,NO,NO,NO,NO,NO,NO,NO,NO,NO,SI,NO,SI
0553,1,3053,642,642,NO,SI,NO,NO,SI,NO,NO,NO,NO,NO,NO,NO,NO,SI
0554,1,3034,993,993,SI,NO,NO,NO,NO,NO,NO,NO,NO,NO,NO,NO,NO,SI
0555,1,3046,969,969,SI,NO,NO,NO,NO,NO,NO,NO,NO,NO,NO,NO,NO,SI
0556,1,3046,913,913,SI,NO,NO,NO,NO,NO,NO,NO,NO,NO,NO,NO,NO,SI
0557,1,3005,919,919,SI,NO,NO,NO,NO,NO,NO,NO,NO,NO,NO,NO,NO,SI
0558,1,3008,952,952,SI,NO,NO,NO,NO,NO,NO,NO,NO,NO,NO,NO,NO,SI
0559,1,3005,879,879,SI,NO,NO,NO,NO,NO,NO,NO,NO,NO,NO,NO,NO,SI
0560,1,3008,989,989,SI,NO,NO,NO,NO,NO,NO,NO,NO,NO,NO,NO,NO,SI
0561,1,3056,866,866,SI,SI,NO,SI,NO,NO,NO,NO,NO,NO,NO,NO,NO,SI
0562,1,3008,875,875,NO,NO,NO,NO,NO,NO,NO,NO,NO,SI,NO,NO,NO,SI
0563,1,3005,898,898,SI,NO,NO,NO,NO,SI,NO,NO,NO,NO,NO,NO,NO,SI
0564,1,3017,738,738,SI,SI,NO,NO,NO,NO,NO,NO,NO,NO,SI,NO,NO,NO
0565,1,3046,946,946,NO,SI,NO,NO,NO,NO,NO,NO,NO,NO,NO,NO,NO,SI
0566,1,3032,680,680,NO,NO,NO,NO,NO,NO,NO,NO,NO,NO,NO,NO,NO,NO
0567,1,3004,769,769,NO,SI,NO,NO,NO,NO,NO,NO,NO,NO,NO,NO,NO,SI
0568,1,3001,988,988,NO,NO,NO,NO,NO,NO,NO,NO,NO,NO,NO,NO,NO,SI
0569,1,3001,948,948,NO,NO,NO,NO,NO,NO,NO,NO,NO,NO,NO,NO,NO,SI
0570,1,3042,691,691,SI,NO,NO,NO,NO,SI,NO,NO,NO,NO,NO,NO,NO,SI
0571,1,3034,924,924,NO,SI,NO,NO,NO,NO,NO,NO,NO,NO,NO,NO,NO,SI
0572,1,3045,946,946,NO,SI,NO,NO,NO,NO,NO,NO,NO,NO,NO,NO,NO,SI
0573,1,3046,943,943,SI,SI,NO,NO,NO,NO,NO,NO,NO,NO,NO,NO,NO,SI
0574,1,3004,780,780,NO,NO,NO,NO,SI,NO,NO,NO,NO,NO,NO,NO,NO,SI
0575,1,3031,820,820,NO,NO,NO,NO,NO,NO,NO,NO,NO,NO,NO,NO,NO,SI
0576,1,3034,932,932,NO,NO,NO,NO,NO,NO,NO,NO,NO,NO,NO,NO,NO,SI
0577,1,3033,990,990,NO,NO,NO,NO,NO,NO,NO,NO,NO,NO,NO,NO,NO,SI
0578,1,3040,845,845,NO,NO,NO,SI,NO,NO,NO,NO,NO,NO,NO,NO,NO,SI
0579,1,3045,908,908,NO,NO,NO,SI,NO,NO,NO,NO,NO,NO,NO,NO,NO,SI
0580,1,3049,953,953,SI,SI,NO,NO,NO,NO,NO,NO,NO,NO,NO,NO,NO,SI
0581,1,3029,699,699,NO,NO,NO,NO,NO,NO,NO,NO,NO,NO,NO,NO,NO,SI
0582,1,3049,999,999,SI,NO,NO,NO,NO,NO,NO,NO,NO,NO,NO,SI,NO,SI
0583,1,3034,974,974,NO,NO,NO,NO,SI,NO,NO,NO,NO,NO,NO,NO,NO,NO
0584,1,3049,907,907,SI,NO,NO,SI,NO,NO,NO,NO,NO,NO,NO,NO,NO,NO
0585,1,3001,924,924,SI,SI,NO,NO,NO,NO,NO,NO,NO,NO,NO,NO,NO,SI
0586,1,3034,934,934,NO,SI,NO,NO,NO,NO,NO,NO,NO,NO,NO,NO,NO,SI
0587,1,3037,777,777,NO,NO,NO,NO,NO,NO,NO,NO,NO,NO,NO,NO,NO,SI
0588,1,3046,903,903,SI,NO,NO,NO,NO,NO,NO,NO,NO,NO,NO,SI,NO,SI
0589,1,3034,952,952,SI,NO,NO,SI,NO,NO,NO,NO,NO,NO,NO,NO,NO,SI
0590,1,3001,949,949,SI,NO,NO,NO,NO,NO,NO,NO,NO,NO,NO,NO,NO,SI
0591,1,3011,754,754,SI,SI,NO,SI,NO,NO,NO,NO,NO,NO,NO,NO,NO,NO
0592,1,3045,998,998,SI,NO,NO,NO,NO,NO,NO,NO,NO,NO,NO,NO,NO,SI
0593,1,3005,931,931,NO,NO,NO,SI,NO,NO,NO,NO,NO,NO,NO,SI,NO,NO
0594,1,3034,928,928,SI,NO,NO,NO,NO,NO,NO,NO,NO,NO,NO,NO,NO,NO
0595,1,3024,857,857,NO,SI,NO,NO,NO,NO,NO,NO,NO,NO,NO,NO,NO,SI
0596,1,3013,707,707,SI,NO,NO,SI,NO,NO,NO,NO,NO,NO,NO,NO,NO,NO
0597,1,3008,929,929,NO,SI,NO,NO,NO,NO,NO,NO,NO,NO,NO,NO,NO,SI
0598,1,3008,937,937,NO,NO,NO,SI,NO,NO,NO,NO,NO,NO,NO,NO,NO,NO
0599,1,3005,939,939,NO,NO,NO,NO,NO,NO,NO,NO,NO,NO,NO,NO,NO,SI
0600,1,3049,898,898,SI,NO,NO,NO,NO,NO,NO,NO,NO,NO,NO,NO,NO,SI
0601,1,3039,871,871,NO,NO,NO,NO,NO,NO,NO,NO,NO,NO,NO,NO,NO,SI
0602,1,3019,888,888,SI,NO,NO,NO,NO,NO,NO,NO,NO,NO,SI,NO,NO,NO
0603,1,3034,946,946,SI,NO,NO,NO,NO,NO,NO,NO,NO,NO,NO,NO,NO,NO
0604,1,3005,942,942,NO,NO,NO,NO,NO,NO,NO,NO,NO,NO,NO,NO,NO,SI
0605,1,3005,910,910,NO,SI,NO,NO,NO,NO,NO,NO,NO,NO,NO,NO,NO,SI
0606,1,3054,810,810,NO,NO,NO,NO,NO,NO,NO,NO,NO,NO,NO,NO,NO,SI
0607,1,3005,932,932,SI,NO,NO,NO,NO,NO,NO,NO,NO,NO,NO,NO,NO,SI
0608,1,3045,932,932,NO,NO,NO,NO,NO,NO,NO,NO,NO,NO,NO,NO,NO,NO
0609,1,3019,819,819,NO,SI,NO,NO,NO,NO,NO,NO,NO,NO,NO,NO,NO,SI
0610,1,3008,957,957,SI,NO,NO,NO,NO,SI,NO,NO,NO,NO,NO,SI,NO,SI
0611,1,3001,885,885,NO,SI,NO,SI,NO,NO,NO,NO,NO,NO,NO,NO,NO,SI
0612,1,3031,745,745,SI,NO,NO,NO,NO,NO,NO,NO,NO,NO,NO,NO,NO,SI
0613,1,3001,957,957,NO,NO,NO,SI,NO,NO,NO,SI,NO,NO,NO,NO,NO,SI
0614,1,3008,909,909,SI,NO,NO,NO,NO,NO,NO,NO,NO,NO,NO,NO,NO,SI
0615,1,3008,891,891,NO,NO,NO,NO,NO,NO,NO,NO,NO,NO,NO,NO,NO,SI
0616,1,3008,916,916,SI,NO,NO,NO,NO,NO,NO,NO,NO,NO,NO,NO,NO,NO
0617,1,3001,908,908,SI,SI,NO,NO,NO,NO,NO,NO,NO,NO,NO,NO,NO,NO
0618,1,3049,905,905,NO,NO,NO,NO,NO,NO,NO,NO,NO,NO,NO,NO,NO,SI
0619,1,3037,731,731,NO,NO,NO,NO,NO,NO,NO,NO,NO,NO,NO,NO,NO,NO
0620,1,3035,885,885,SI,SI,NO,NO,NO,NO,NO,NO,NO,NO,NO,NO,NO,SI
0621,1,3056,784,784,SI,SI,NO,NO,NO,NO,NO,NO,NO,NO,NO,NO,NO,SI
0622,1,3045,966,966,NO,NO,NO,NO,NO,NO,NO,NO,NO,NO,NO,NO,NO,NO
0623,1,3045,929,929,SI,NO,NO,NO,NO,NO,NO,NO,NO,NO,NO,NO,NO,SI
0624,1,3008,945,945,SI,NO,NO,SI,NO,NO,NO,NO,NO,NO,NO,SI,NO,SI
0625,1,3043,870,870,SI,NO,NO,NO,NO,NO,NO,NO,NO,NO,NO,NO,NO,SI
0626,1,3042,755,755,NO,NO,NO,NO,NO,NO,NO,NO,NO,NO,NO,NO,NO,SI
0627,1,3043,733,733,SI,NO,NO,NO,NO,NO,SI,NO,NO,NO,NO,NO,NO,SI
0628,1,3005,956,956,NO,NO,NO,NO,NO,NO,NO,NO,NO,NO,NO,NO,NO,SI
0629,1,3005,951,951,SI,SI,NO,NO,NO,NO,NO,NO,NO,NO,NO,NO,NO,SI
0630,1,3045,920,920,NO,NO,SI,NO,NO,NO,NO,NO,NO,NO,NO,NO,NO,NO
0631,1,3049,898,898,NO,SI,NO,NO,NO,NO,NO,NO,NO,NO,NO,SI,NO,SI
0632,1,3034,973,973,NO,NO,NO,NO,NO,NO,NO,NO,NO,NO,NO,NO,NO,SI
0633,1,3008,879,879,NO,SI,NO,NO,NO,NO,NO,NO,NO,NO,NO,NO,NO,SI
0634,1,3005,930,930,NO,SI,NO,NO,NO,NO,NO,NO,NO,NO,NO,NO,NO,NO
0635,1,3029,834,834,NO,SI,NO,NO,NO,NO,NO,NO,NO,NO,NO,NO,NO,NO
0636,1,3041,724,724,SI,NO,NO,NO,NO,NO,NO,NO,NO,NO,NO,SI,NO,SI
0637,1,3017,777,777,SI,NO,NO,NO,NO,NO,NO,NO,NO,NO,NO,NO,NO,NO
0638,1,3005,910,910,NO,NO,NO,NO,NO,NO,NO,NO,NO,NO,NO,NO,NO,SI
0639,1,3055,782,782,SI,NO,NO,NO,NO,NO,NO,NO,NO,NO,NO,NO,NO,NO
0640,1,3007,820,820,NO,NO,SI,NO,NO,NO,NO,NO,NO,NO,NO,SI,NO,SI
0641,1,3008,897,897,SI,NO,NO,NO,NO,NO,NO,NO,NO,NO,NO,NO,NO,SI
0642,1,3046,870,870,NO,NO,NO,NO,NO,NO,NO,NO,NO,NO,NO,NO,NO,SI
0643,1,3008,902,902,SI,NO,NO,NO,NO,NO,SI,SI,NO,NO,NO,NO,NO,NO
0644,1,3032,640,640,NO,NO,NO,NO,NO,NO,NO,NO,NO,NO,NO,NO,NO,SI
0645,1,3046,920,920,NO,SI,NO,NO,NO,NO,NO,NO,NO,NO,NO,NO,NO,SI
0646,1,3012,763,763,SI,NO,NO,NO,NO,NO,NO,NO,NO,NO,NO,NO,NO,NO
0647,1,3052,777,777,SI,NO,NO,NO,NO,NO,NO,NO,NO,NO,NO,NO,NO,SI
0648,1,3018,629,629,SI,SI,NO,NO,NO,NO,NO,NO,NO,NO,NO,NO,NO,NO
0649,1,3034,960,960,SI,SI,NO,NO,NO,NO,NO,NO,NO,NO,NO,NO,NO,NO
0650,1,3016,630,630,NO,SI,NO,SI,NO,NO,NO,NO,NO,NO,NO,SI,NO,SI
0651,1,3028,844,844,SI,NO,NO,NO,NO,NO,NO,NO,NO,NO,NO,NO,NO,NO
0652,1,3001,947,947,SI,NO,NO,NO,NO,NO,NO,NO,NO,NO,NO,NO,NO,NO
0653,1,3046,916,916,NO,SI,NO,NO,SI,NO,NO,NO,NO,NO,NO,SI,NO,SI
0654,1,3046,945,945,SI,NO,NO,NO,NO,NO,NO,NO,NO,NO,NO,NO,NO,SI
0655,1,3010,748,748,NO,NO,NO,NO,NO,NO,NO,NO,NO,NO,NO,NO,NO,NO
0656,1,3017,785,785,NO,SI,NO,NO,NO,NO,NO,NO,NO,NO,NO,NO,NO,SI
0657,1,3049,898,898,NO,NO,NO,SI,NO,NO,NO,NO,NO,NO,NO,NO,NO,NO
0658,1,3045,920,920,NO,NO,NO,NO,NO,NO,NO,NO,NO,NO,NO,NO,NO,SI
0659,1,3045,906,906,SI,NO,NO,NO,NO,NO,NO,NO,NO,NO,NO,NO,NO,NO
0660,1,3046,937,937,NO,NO,NO,NO,NO,NO,NO,NO,NO,NO,NO,NO,NO,SI
0661,1,3018,807,807,SI,NO,NO,NO,NO,NO,NO,NO,NO,NO,NO,NO,NO,SI
0662,1,3045,892,892,NO,NO,NO,SI,NO,NO,NO,NO,NO,NO,NO,NO,NO,SI
0663,1,3015,692,692,NO,NO,NO,NO,NO,NO,NO,NO,NO,NO,NO,NO,NO,SI
0664,1,3046,922,922,SI,NO,NO,SI,NO,NO,NO,NO,NO,NO,NO,NO,NO,SI
0665,1,3008,930,930,NO,NO,NO,NO,NO,NO,NO,NO,NO,NO,NO,NO,NO,SI
0666,1,3008,940,940,NO,NO,NO,NO,NO,NO,NO,NO,NO,NO,NO,NO,NO,NO
0667,1,3001,972,972,NO,NO,NO,NO,NO,NO,NO,NO,NO,NO,NO,NO,NO,SI
0668,1,3030,728,728,SI,NO,NO,NO,NO,NO,NO,NO,NO,NO,NO,NO,NO,SI
0669,1,3045,894,894,SI,NO,NO,NO,NO,NO,NO,NO,NO,NO,NO,SI,NO,NO
0670,1,3045,943,943,NO,NO,NO,SI,NO,NO,NO,NO,NO,NO,NO,NO,NO,SI
0671,1,3008,897,897,NO,SI,NO,NO,NO,NO,NO,NO,NO,NO,NO,NO,NO,SI
0672,1,3034,900,900,SI,SI,NO,NO,NO,NO,NO,NO,NO,NO,NO,NO,NO,SI
0673,1,3008,934,934,NO,NO,NO,NO,NO,NO,NO,SI,NO,NO,NO,NO,NO,SI
0674,1,3001,966,966,NO,SI,SI,NO,NO,NO,NO,NO,NO,NO,NO,NO,NO,SI
0675,1,3022,665,665,NO,NO,NO,NO,NO,NO,NO,NO,NO,NO,NO,NO,NO,SI
0676,1,3044,737,737,NO,NO,NO,NO,NO,NO,NO,NO,NO,NO,NO,NO,NO,SI
0677,1,3025,831,831,NO,NO,NO,SI,NO,NO,NO,NO,NO,NO,NO,SI,NO,SI
0678,1,3026,734,734,SI,SI,NO,SI,NO,NO,NO,NO,NO,SI,NO,NO,NO,NO
0679,1,3045,903,903,SI,SI,NO,NO,NO,NO,NO,NO,NO,NO,NO,NO,NO,SI
0680,1,3038,812,812,NO,NO,NO,NO,NO,NO,NO,NO,NO,NO,NO,NO,NO,SI
0681,1,3008,988,988,SI,NO,NO,NO,NO,NO,NO,NO,NO,NO,NO,NO,NO,NO
0682,1,3046,956,956,NO,NO,NO,NO,NO,NO,NO,NO,NO,NO,NO,NO,NO,SI
0683,1,3038,792,792,NO,NO,NO,NO,NO,NO,NO,NO,NO,NO,NO,NO,NO,SI
0684,1,3020,829,829,SI,NO,NO,NO,NO,NO,NO,NO,NO,NO,NO,NO,NO,NO
0685,1,3045,940,940,SI,NO,NO,NO,NO,NO,NO,NO,NO,NO,NO,SI,NO,SI
0686,1,3012,785,785,NO,NO,NO,NO,NO,NO,NO,NO,NO,NO,NO,NO,NO,SI
0687,1,3049,966,966,NO,NO,NO,NO,NO,NO,NO,NO,NO,NO,NO,NO,NO,SI
0688,1,3049,911,911,NO,SI,NO,SI,SI,NO,SI,NO,NO,NO,NO,NO,NO,NO
0689,1,3022,791,791,NO,NO,NO,NO,NO,NO,NO,NO,NO,NO,NO,NO,NO,SI
0690,1,3034,918,918,NO,NO,NO,NO,NO,SI,NO,NO,NO,NO,NO,NO,NO,SI
0691,1,3031,708,708,NO,SI,NO,NO,NO,NO,NO,NO,NO,NO,NO,NO,NO,SI
0692,1,3051,919,919,SI,NO,NO,NO,NO,NO,NO,NO,NO,NO,NO,NO,NO,SI
0693,1,3032,867,867,SI,NO,NO,NO,NO,NO,NO,NO,NO,NO,NO,NO,NO,SI
0694,1,3016,764,764,NO,NO,NO,NO,NO,NO,NO,SI,NO,NO,NO,NO,NO,NO
0695,1,3001,896,896,NO,NO,NO,NO,NO,NO,NO,NO,NO,NO,NO,NO,NO,SI
0696,1,3034,968,968,SI,NO,NO,NO,NO,NO,NO,NO,NO,NO,NO,NO,NO,SI
0697,1,3038,900,900,SI,SI,NO,NO,NO,NO,NO,NO,NO,NO,NO,NO,NO,SI
0698,1,3053,856,856,SI,SI,NO,NO,NO,NO,NO,NO,NO,NO,NO,NO,NO,NO
0699,1,3025,795,795,NO,NO,NO,NO,NO,NO,NO,NO,NO,NO,NO,NO,NO,SI
0700,1,3047,802,802,SI,NO,NO,NO,NO,NO,NO,NO,NO,NO,NO,NO,NO,SI
0701,1,3049,931,931,NO,SI,NO,NO,NO,NO,NO,NO,NO,SI,NO,NO,NO,SI
0702,1,3034,906,906,SI,NO,NO,NO,NO,NO,NO,NO,NO,NO,NO,NO,NO,SI
0703,1,3038,734,734,NO,SI,NO,NO,NO,NO,NO,NO,NO,NO,NO,SI,NO,NO
0704,1,3005,899,899,SI,NO,NO,NO,NO,NO,NO,NO,NO,NO,NO,NO,NO,SI
0705,1,3034,950,950,NO,SI,NO,NO,NO,NO,NO,NO,NO,NO,NO,NO,NO,NO
0706,1,3026,649,649,SI,SI,NO,NO,NO,NO,NO,NO,NO,NO,NO,SI,NO,SI
0707,1,3005,962,962,NO,NO,NO,NO,NO,NO,NO,NO,NO,NO,NO,NO,NO,SI
0708,1,3046,923,923,NO,SI,NO,NO,NO,NO,NO,NO,NO,NO,NO,NO,NO,SI
0709,1,3034,933,933,SI,NO,NO,SI,NO,SI,NO,NO,NO,NO,NO,NO,NO,SI
0710,1,3030,738,738,SI,NO,NO,NO,NO,NO,NO,NO,NO,NO,NO,NO,NO,SI
0711,1,3001,934,934,NO,SI,NO,SI,NO,NO,NO,NO,NO,NO,NO,NO,NO,NO
0712,1,3049,944,944,NO,NO,NO,NO,NO,NO,NO,NO,NO,NO,NO,NO,NO,NO
0713,1,3008,980,980,NO,SI,NO,NO,NO,NO,NO,NO,NO,NO,NO,SI,SI,SI
0714,1,3027,812,812,SI,NO,NO,SI,NO,NO,NO,NO,NO,NO,NO,NO,NO,NO
0715,1,3046,952,952,NO,SI,NO,NO,NO,NO,NO,NO,NO,NO,NO,NO,NO,SI
0716,1,3017,692,692,NO,NO,NO,NO,NO,NO,NO,NO,NO,NO,NO,NO,NO,SI
0717,1,3045,872,872,SI,NO,NO,NO,NO,NO,NO,NO,NO,NO,NO,NO,NO,NO
0718,1,3051,836,836,SI,NO,NO,NO,NO,NO,NO,NO,SI,NO,NO,NO,NO,SI
0719,1,3032,831,831,NO,SI,NO,NO,SI,NO,NO,NO,NO,NO,NO,NO,NO,NO
0720,1,3005,910,910,SI,NO,NO,NO,NO,NO,NO,NO,NO,NO,NO,NO,NO,SI
0721,1,3034,889,889,NO,NO,NO,NO,NO,NO,NO,NO,NO,NO,NO,NO,NO,SI
0722,1,3045,930,930,NO,NO,NO,NO,NO,NO,NO,NO,NO,NO,NO,NO,NO,SI
0723,1,3001,938,938,SI,NO,NO,NO,NO,SI,NO,NO,NO,NO,NO,NO,NO,SI
0724,1,3045,891,891,SI,NO,NO,NO,NO,NO,NO,NO,NO,NO,NO,NO,NO,SI
0725,1,3048,850,850,SI,SI,NO,NO,NO,NO,NO,NO,NO,NO,NO,SI,NO,SI
0726,1,3010,784,784,SI,SI,NO,NO,NO,NO,NO,NO,NO,NO,NO,NO,NO,SI
0727,1,3001,967,967,SI,NO,NO,NO,NO,NO,NO,NO,NO,NO,NO,NO,NO,SI
0728,1,3008,925,925,NO,SI,NO,NO,NO,NO,NO,NO,NO,NO,NO,NO,NO,SI
0729,1,3040,680,680,SI,NO,NO,NO,SI,NO,NO,NO,NO,NO,NO,NO,NO,SI
0730,1,3001,922,922,NO,NO,NO,NO,NO,SI,NO,NO,NO,NO,NO,NO,NO,SI
0731,1,3006,827,827,SI,SI,NO,NO,NO,NO,NO,NO,NO,NO,NO,NO,NO,SI
0732,1,3006,871,871,SI,NO,NO,NO,NO,NO,NO,NO,NO,NO,NO,NO,NO,SI
0733,1,3034,923,923,NO,NO,NO,NO,NO,NO,NO,NO,NO,NO,NO,NO,NO,SI
0734,1,3005,940,940,NO,NO,NO,NO,NO,NO,NO,NO,NO,NO,NO,NO,NO,SI
0735,1,3001,949,949,NO,NO,NO,SI,NO,NO,NO,NO,NO,NO,NO,SI,NO,SI
0736,1,3034,908,908,NO,SI,NO,NO,NO,NO,NO,NO,NO,NO,NO,NO,NO,SI
0737,1,3034,964,964,NO,NO,NO,NO,NO,NO,NO,NO,NO,NO,NO,NO,NO,SI
0738,1,3001,922,922,SI,NO,NO,NO,NO,NO,NO,NO,NO,NO,NO,NO,NO,SI
0739,1,3034,868,868,NO,NO,NO,NO,NO,NO,NO,NO,NO,NO,NO,NO,NO,SI
0740,1,3012,880,880,NO,NO,NO,NO,NO,NO,NO,NO,NO,NO,NO,NO,NO,SI
0741,1,3017,793,793,NO,NO,NO,NO,NO,NO,NO,NO,NO,NO,NO,NO,NO,SI
0742,1,3051,784,784,NO,NO,NO,NO,NO,NO,NO,NO,NO,NO,NO,NO,NO,SI
0743,1,3046,954,954,SI,NO,NO,SI,NO,NO,NO,NO,NO,NO,NO,NO,NO,SI
0744,1,3008,905,905,SI,NO,NO,NO,NO,NO,NO,NO,NO,NO,NO,NO,NO,SI
0745,1,3049,887,887,NO,NO,SI,NO,NO,NO,NO,NO,NO,NO,NO,NO,NO,SI
0746,1,3008,919,919,NO,SI,NO,SI,NO,NO,NO,NO,NO,NO,NO,NO,NO,SI
0747,1,3045,943,943,SI,NO,NO,NO,NO,NO,NO,NO,NO,NO,NO,NO,NO,SI
0748,1,3045,882,882,SI,NO,NO,NO,NO,NO,NO,NO,NO,NO,NO,NO,NO,NO
0749,1,3034,956,956,NO,NO,NO,NO,NO,NO,NO,NO,SI,NO,NO,SI,NO,SI
0750,1,3046,887,887,NO,NO,NO,NO,NO,NO,NO,NO,NO,NO,NO,NO,NO,SI
0751,1,3052,778,778,NO,NO,NO,NO,NO,NO,NO,NO,NO,NO,NO,NO,NO,NO
0752,1,3049,941,941,SI,SI,NO,NO,NO,NO,NO,NO,NO,NO,NO,NO,NO,SI
0753,1,3005,898,898,SI,NO,NO,NO,NO,NO,NO,NO,NO,NO,NO,NO,NO,NO
0754,1,3022,650,650,SI,NO,NO,NO,NO,NO,NO,NO,NO,NO,NO,NO,NO,SI
0755,1,3030,918,918,SI,SI,NO,NO,NO,NO,NO,NO,NO,NO,NO,NO,NO,NO
0756,1,3034,932,932,NO,SI,NO,NO,NO,SI,NO,NO,NO,NO,NO,NO,NO,SI
0757,1,3041,731,731,SI,SI,NO,NO,NO,NO,NO,NO,NO,NO,NO,NO,NO,SI
0758,1,3046,962,962,NO,SI,NO,NO,NO,NO,NO,NO,NO,NO,NO,NO,NO,NO
0759,1,3001,956,956,NO,NO,NO,NO,SI,NO,NO,NO,NO,NO,NO,SI,NO,SI
0760,1,3034,947,947,SI,NO,NO,NO,NO,NO,NO,NO,NO,NO,NO,NO,NO,NO
0761,1,3010,758,758,NO,SI,NO,SI,NO,NO,NO,NO,NO,NO,NO,NO,NO,SI
0762,1,3036,820,820,NO,SI,NO,NO,NO,NO,NO,NO,NO,NO,NO,NO,NO,SI
0763,1,3031,875,875,SI,NO,NO,NO,SI,NO,NO,NO,NO,NO,NO,SI,NO,SI
0764,1,3049,964,964,SI,NO,NO,NO,NO,NO,NO,NO,NO,NO,NO,NO,NO,SI
0765,1,3014,608,608,NO,SI,NO,NO,NO,NO,NO,NO,NO,NO,NO,NO,NO,NO
0766,1,3052,647,647,SI,NO,NO,NO,NO,NO,NO,NO,NO,NO,NO,NO,NO,SI
0767,1,3049,957,957,SI,NO,NO,NO,NO,NO,NO,NO,NO,NO,NO,SI,NO,NO
0768,1,3045,946,946,NO,NO,NO,SI,NO,SI,NO,NO,NO,NO,NO,NO,NO,SI
0769,1,3012,869,869,NO,SI,NO,NO,SI,NO,NO,NO,NO,NO,NO,NO,NO,SI
0770,1,3001,905,905,SI,NO,NO,NO,NO,NO,NO,NO,NO,NO,NO,NO,NO,SI
0771,1,3044,840,840,NO,NO,NO,NO,NO,NO,NO,NO,NO,NO,NO,NO,NO,SI
0772,1,3030,917,917,NO,NO,NO,NO,SI,NO,NO,NO,NO,NO,NO,NO,NO,SI
0773,1,3005,956,956,NO,NO,NO,NO,NO,NO,NO,NO,NO,NO,NO,NO,NO,NO
0774,1,3034,880,880,SI,SI,NO,NO,NO,NO,NO,NO,NO,NO,NO,NO,NO,SI
0775,1,3046,976,976,SI,SI,NO,SI,NO,NO,NO,NO,NO,NO,NO,NO,NO,SI
0776,1,3049,937,937,NO,NO,NO,NO,NO,NO,NO,NO,NO,NO,NO,NO,NO,SI
0777,1,3001,937,937,NO,NO,NO,SI,NO,NO,NO,NO,NO,NO,NO,NO,NO,SI
0778,1,3004,679,679,SI,NO,NO,NO,NO,NO,NO,NO,NO,NO,NO,NO,NO,SI
0779,1,3034,935,935,SI,NO,NO,NO,NO,NO,NO,NO,NO,NO,NO,NO,NO,NO
0780,1,3039,660,660,SI,NO,NO,NO,NO,NO,NO,NO,NO,NO,NO,NO,NO,SI
0781,1,3023,844,844,SI,SI,NO,NO,NO,NO,NO,NO,NO,NO,NO,NO,NO,SI
0782,1,3021,735,735,NO,NO,NO,NO,SI,NO,NO,NO,NO,NO,NO,NO,NO,SI
0783,1,3008,888,888,NO,NO,NO,NO,NO,NO,NO,NO,NO,NO,NO,NO,NO,SI
0784,1,3019,942,942,NO,SI,SI,NO,NO,NO,NO,NO,NO,NO,NO,NO,SI,SI
0785,1,3045,876,876,SI,SI,NO,NO,NO,NO,NO,NO,NO,NO,NO,NO,NO,SI
0786,1,3045,933,933,NO,NO,NO,NO,SI,NO,NO,NO,NO,NO,NO,NO,NO,SI
0787,1,3039,820,820,NO,NO,NO,NO,NO,NO,NO,NO,NO,NO,NO,NO,NO,SI
0788,1,3005,953,953,NO,NO,NO,NO,NO,NO,NO,NO,NO,NO,NO,NO,NO,SI
0789,1,3001,886,886,SI,NO,NO,SI,NO,NO,SI,NO,NO,NO,NO,NO,NO,SI
0790,1,3045,911,911,SI,NO,NO,SI,NO,NO,NO,NO,NO,NO,NO,NO,NO,SI
0791,1,3046,908,908,SI,SI,NO,NO,NO,SI,NO,NO,NO,NO,NO,NO,NO,SI
0792,1,3033,779,779,NO,SI,NO,NO,NO,NO,NO,NO,NO,NO,NO,NO,NO,NO
0793,1,3049,895,895,SI,NO,NO,NO,NO,NO,NO,NO,NO,NO,NO,NO,NO,SI
0794,1,3034,982,982,NO,NO,NO,NO,NO,NO,NO,NO,NO,NO,NO,NO,NO,SI
0795,1,3034,969,969,NO,NO,NO,NO,NO,NO,NO,NO,NO,NO,NO,NO,NO,SI
0796,1,3033,753,753,NO,NO,NO,NO,NO,NO,NO,NO,NO,NO,NO,NO,NO,SI
0797,1,3046,920,920,SI,NO,NO,NO,SI,NO,NO,NO,NO,NO,NO,NO,NO,SI
0798,1,3040,671,671,SI,NO,NO,NO,NO,NO,NO,NO,NO,NO,NO,NO,NO,SI
0799,1,3001,903,903,SI,NO,NO,NO,NO,NO,NO,NO,NO,NO,NO,NO,NO,NO
0800,1,3046,1000,1000,NO,SI,NO,NO,NO,NO,NO,NO,NO,NO,NO,NO,NO,NO
0801,1,3009,684,684,NO,SI,NO,SI,NO,NO,NO,NO,NO,NO,NO,NO,NO,SI
0802,1,3034,948,948,SI,NO,NO,NO,NO,NO,NO,NO,NO,NO,NO,NO,NO,SI
0803,1,3048,787,787,SI,NO,NO,NO,NO,NO,NO,NO,NO,NO,NO,NO,NO,NO
0804,1,3006,823,823,NO,NO,NO,NO,NO,NO,NO,NO,NO,NO,NO,NO,NO,SI
0805,1,3002,743,743,NO,NO,NO,NO,NO,NO,NO,NO,NO,NO,NO,NO,NO,NO
0806,1,3004,861,861,NO,NO,NO,NO,NO,NO,NO,NO,NO,NO,NO,NO,NO,SI
0807,1,3054,756,756,NO,NO,NO,NO,NO,NO,NO,NO,NO,NO,NO,NO,NO,SI
0808,1,3045,958,958,SI,NO,NO,NO,NO,SI,NO,NO,NO,NO,NO,NO,NO,SI
0809,1,3017,779,779,NO,NO,NO,NO,NO,NO,NO,NO,NO,NO,NO,NO,NO,SI
0810,1,3045,919,919,SI,NO,NO,NO,NO,NO,NO,NO,NO,NO,NO,NO,NO,SI
0811,1,3034,906,906,NO,NO,SI,NO,NO,NO,NO,NO,NO,NO,NO,SI,NO,SI
0812,1,3008,947,947,SI,NO,NO,NO,NO,NO,NO,NO,NO,NO,NO,NO,NO,NO
0813,1,3046,877,877,NO,NO,NO,NO,NO,NO,NO,NO,NO,NO,NO,NO,NO,SI
0814,1,3002,718,718,NO,SI,NO,SI,NO,NO,NO,NO,NO,NO,NO,NO,NO,SI
0815,1,3036,727,727,NO,SI,NO,NO,NO,NO,NO,NO,NO,NO,NO,NO,NO,SI
0816,1,3049,893,893,SI,NO,NO,NO,NO,NO,NO,NO,NO,NO,NO,NO,NO,SI
0817,1,3049,972,972,NO,NO,NO,NO,NO,NO,NO,NO,NO,NO,NO,NO,NO,SI
0818,1,3001,1000,1000,NO,SI,NO,NO,NO,NO,NO,NO,NO,NO,NO,NO,NO,SI
0819,1,3003,908,908,NO,SI,NO,NO,NO,NO,NO,NO,NO,NO,NO,NO,NO,SI
0820,1,3046,952,952,SI,NO,NO,NO,NO,NO,NO,NO,NO,NO,NO,SI,NO,SI
0821,1,3039,824,824,NO,SI,NO,NO,NO,NO,NO,NO,NO,NO,NO,NO,NO,SI
0822,1,3008,944,944,NO,SI,NO,NO,NO,NO,NO,NO,NO,NO,NO,NO,NO,SI
0823,1,3010,658,658,NO,NO,NO,NO,SI,NO,NO,NO,NO,NO,NO,NO,NO,NO
0824,1,3027,740,740,NO,NO,NO,NO,NO,NO,NO,NO,NO,NO,NO,NO,NO,SI
0825,1,3054,786,786,NO,NO,NO,SI,NO,NO,NO,NO,NO,NO,NO,NO,NO,SI
0826,1,3005,876,876,SI,SI,NO,NO,NO,NO,NO,NO,NO,NO,NO,SI,NO,SI
0827,1,3043,692,692,SI,SI,NO,NO,SI,NO,NO,NO,NO,NO,NO,NO,NO,SI
0828,1,3025,891,891,SI,SI,NO,NO,NO,NO,NO,NO,NO,NO,NO,NO,NO,SI
0829,1,3034,938,938,NO,NO,NO,NO,NO,NO,NO,NO,NO,NO,NO,SI,NO,SI
0830,1,3034,955,955,NO,SI,NO,NO,SI,SI,NO,NO,NO,NO,NO,NO,NO,SI
0831,1,3052,659,659,NO,NO,NO,NO,NO,NO,NO,NO,NO,NO,NO,NO,NO,SI
0832,1,3045,917,917,SI,SI,NO,NO,NO,NO,NO,NO,NO,NO,NO,NO,NO,NO
0833,1,3005,893,893,NO,NO,NO,NO,NO,NO,NO,NO,NO,NO,NO,SI,NO,NO
0834,1,3048,819,819,NO,SI,NO,NO,NO,NO,NO,NO,NO,NO,NO,SI,NO,SI
0835,1,3037,822,822,NO,NO,NO,NO,NO,NO,NO,NO,NO,NO,NO,SI,NO,SI
0836,1,3014,716,716,SI,NO,NO,NO,NO,NO,NO,NO,NO,NO,NO,NO,NO,SI
0837,1,3001,911,911,NO,NO,NO,NO,NO,NO,NO,NO,NO,NO,NO,SI,NO,SI
0838,1,3040,756,756,NO,SI,NO,NO,NO,NO,NO,NO,NO,NO,NO,NO,NO,SI
0839,1,3045,926,926,SI,NO,NO,NO,SI,SI,NO,NO,NO,NO,NO,NO,NO,SI
0840,1,3008,849,849,SI,NO,NO,NO,NO,NO,NO,NO,NO,NO,NO,NO,NO,SI
0841,1,3005,930,930,NO,NO,NO,NO,NO,NO,NO,NO,NO,NO,NO,NO,NO,SI
0842,1,3005,942,942,NO,NO,NO,NO,NO,NO,NO,NO,NO,NO,NO,NO,NO,SI
0843,1,3024,684,684,NO,NO,NO,NO,NO,NO,NO,NO,NO,NO,NO,NO,NO,SI
0844,1,3001,906,906,SI,NO,NO,NO,NO,NO,NO,NO,NO,NO,NO,NO,NO,NO
0845,1,3034,962,962,SI,NO,NO,NO,NO,NO,NO,NO,NO,NO,NO,NO,NO,SI
0846,1,3052,848,848,SI,NO,NO,NO,NO,NO,NO,NO,NO,NO,SI,NO,NO,SI
0847,1,3046,911,911,NO,NO,NO,NO,NO,NO,NO,NO,NO,NO,NO,SI,NO,NO
0848,1,3056,615,615,NO,NO,NO,NO,NO,NO,NO,NO,NO,NO,NO,NO,NO,SI
0849,1,3001,910,910,NO,SI,NO,NO,NO,NO,NO,NO,NO,NO,NO,NO,NO,SI
0850,1,3042,848,848,SI,NO,NO,NO,NO,NO,SI,NO,NO,NO,NO,NO,NO,NO
0851,1,3034,943,943,NO,NO,NO,NO,NO,NO,NO,NO,NO,NO,NO,NO,NO,SI
0852,1,3005,971,971,SI,NO,NO,NO,NO,NO,NO,NO,NO,NO,NO,NO,NO,SI
0853,1,3018,825,825,NO,SI,NO,SI,NO,NO,NO,NO,NO,NO,NO,NO,NO,SI
0854,1,3034,935,935,NO,NO,NO,NO,NO,NO,NO,NO,NO,NO,NO,NO,NO,SI
0855,1,3053,823,823,NO,SI,NO,NO,SI,NO,NO,NO,NO,NO,NO,NO,NO,SI
0856,1,3046,995,995,NO,NO,NO,NO,NO,NO,NO,NO,NO,NO,NO,NO,NO,SI
0857,1,3049,921,921,NO,NO,NO,SI,NO,NO,NO,NO,NO,NO,NO,SI,NO,SI
0858,1,3032,793,793,SI,SI,NO,NO,NO,NO,NO,NO,NO,NO,NO,NO,NO,SI
0859,1,3019,841,841,SI,NO,NO,NO,NO,NO,NO,NO,NO,NO,NO,SI,NO,SI
0860,1,3054,703,703,SI,NO,NO,NO,NO,NO,NO,NO,NO,NO,NO,NO,NO,NO
0861,1,3045,978,978,NO,NO,NO,NO,NO,SI,NO,NO,NO,NO,NO,NO,NO,NO
0862,1,3052,898,898,NO,SI,NO,SI,NO,NO,NO,NO,NO,NO,NO,NO,NO,NO
0863,1,3005,960,960,SI,SI,NO,NO,NO,NO,NO,NO,NO,NO,NO,NO,NO,SI
0864,1,3028,881,881,SI,NO,NO,NO,NO,NO,NO,NO,NO,NO,NO,NO,NO,NO
0865,1,3005,936,936,NO,NO,NO,NO,NO,NO,NO,NO,NO,NO,NO,NO,NO,SI
0866,1,3005,937,937,NO,NO,NO,NO,NO,NO,NO,NO,NO,NO,NO,NO,NO,SI
0867,1,3005,945,945,SI,NO,NO,NO,NO,NO,NO,NO,NO,NO,NO,NO,NO,SI
0868,1,3034,877,877,SI,SI,SI,NO,NO,NO,NO,NO,NO,NO,NO,NO,NO,NO
0869,1,3001,943,943,SI,NO,SI,NO,NO,NO,NO,NO,NO,NO,NO,NO,NO,SI
0870,1,3046,904,904,NO,NO,NO,NO,NO,NO,NO,NO,NO,NO,NO,NO,NO,SI
0871,1,3045,955,955,NO,NO,NO,NO,NO,NO,NO,NO,NO,NO,NO,NO,SI,SI
0872,1,3030,808,808,SI,SI,NO,NO,NO,NO,NO,NO,NO,NO,NO,NO,NO,SI
0873,1,3009,775,775,SI,NO,NO,NO,NO,NO,NO,NO,NO,NO,NO,NO,NO,SI
0874,1,3026,733,733,SI,NO,NO,NO,NO,NO,NO,NO,NO,NO,NO,NO,NO,SI
0875,1,3027,930,930,NO,NO,NO,NO,NO,NO,NO,SI,NO,NO,NO,NO,NO,SI
0876,1,3048,836,836,SI,NO,NO,NO,NO,NO,NO,NO,NO,NO,NO,NO,NO,SI
0877,1,3046,904,904,SI,SI,NO,NO,NO,NO,NO,NO,NO,NO,NO,NO,NO,SI
0878,1,3052,600,600,SI,SI,NO,NO,NO,NO,NO,NO,NO,NO,NO,NO,NO,SI
0879,1,3022,818,818,SI,SI,NO,NO,NO,NO,NO,NO,NO,NO,NO,NO,NO,SI
0880,1,3005,935,935,NO,NO,NO,NO,NO,NO,NO,NO,NO,NO,NO,NO,NO,SI
0881,1,3044,919,919,SI,NO,NO,NO,NO,NO,NO,NO,NO,NO,NO,NO,NO,SI
0882,1,3003,806,806,SI,NO,NO,NO,NO,NO,NO,NO,NO,NO,NO,NO,NO,SI
0883,1,3005,846,846,SI,SI,NO,NO,NO,NO,NO,NO,NO,NO,NO,NO,NO,SI
0884,1,3049,933,933,NO,NO,NO,NO,NO,NO,NO,NO,NO,NO,NO,SI,NO,SI
0885,1,3008,935,935,NO,NO,NO,NO,SI,NO,NO,NO,NO,NO,NO,NO,NO,NO
0886,1,3001,935,935,SI,NO,NO,NO,NO,NO,NO,NO,NO,NO,NO,NO,NO,SI
0887,1,3034,893,893,NO,NO,NO,NO,NO,NO,NO,NO,NO,NO,NO,NO,SI,NO
0888,1,3046,956,956,SI,SI,NO,NO,NO,NO,NO,NO,NO,NO,NO,NO,NO,SI
0889,1,3005,995,995,NO,NO,NO,NO,NO,NO,NO,NO,NO,NO,NO,NO,NO,SI
0890,1,3045,967,967,NO,NO,NO,NO,NO,NO,NO,NO,NO,NO,NO,NO,NO,SI
0891,1,3008,921,921,NO,NO,NO,SI,NO,NO,NO,NO,NO,NO,NO,NO,NO,NO
0892,1,3046,937,937,NO,NO,NO,NO,NO,NO,NO,NO,NO,NO,NO,NO,NO,NO
0893,1,3055,646,646,SI,NO,NO,NO,NO,NO,NO,SI,NO,NO,NO,NO,NO,SI
0894,1,3054,786,786,SI,SI,NO,NO,NO,NO,NO,NO,NO,NO,NO,NO,NO,SI
0895,1,3046,974,974,SI,NO,NO,NO,NO,NO,NO,NO,NO,NO,NO,NO,NO,NO
0896,1,3034,987,987,NO,NO,NO,NO,NO,NO,NO,NO,NO,NO,NO,NO,NO,SI
0897,1,3041,796,796,NO,NO,NO,NO,SI,NO,NO,NO,NO,NO,NO,NO,NO,SI
0898,1,3001,887,887,SI,NO,NO,NO,NO,NO,NO,NO,NO,NO,NO,NO,NO,SI
0899,1,3005,896,896,NO,SI,NO,NO,NO,NO,NO,NO,NO,NO,NO,NO,NO,SI
0900,1,3033,855,855,NO,SI,NO,NO,NO,NO,NO,NO,NO,NO,NO,NO,NO,SI
0901,1,3053,957,957,SI,SI,NO,NO,NO,NO,NO,NO,NO,NO,NO,NO,NO,NO
0902,1,3008,948,948,NO,NO,NO,NO,NO,NO,NO,NO,NO,NO,NO,NO,NO,NO
0903,1,3056,969,969,NO,NO,NO,SI,SI,NO,NO,NO,NO,NO,NO,NO,NO,SI
0904,1,3052,600,600,NO,NO,NO,NO,NO,NO,NO,SI,NO,NO,NO,NO,NO,SI
0905,1,3048,910,910,NO,NO,NO,NO,NO,NO,NO,NO,NO,NO,NO,SI,NO,NO
0906,1,3005,894,894,SI,NO,NO,NO,NO,NO,NO,NO,NO,NO,NO,NO,NO,SI
0907,1,3029,722,722,NO,NO,NO,NO,SI,NO,NO,NO,NO,NO,NO,NO,NO,SI
0908,1,3046,890,890,SI,SI,NO,NO,NO,NO,NO,NO,NO,NO,NO,NO,NO,SI
0909,1,3038,900,900,NO,NO,NO,NO,NO,SI,NO,NO,NO,NO,NO,NO,NO,SI
0910,1,3001,936,936,NO,NO,NO,NO,NO,NO,NO,NO,NO,NO,NO,SI,NO,SI
0911,1,3049,932,932,NO,NO,NO,NO,NO,NO,NO,NO,NO,NO,NO,NO,NO,NO
0912,1,3034,921,921,SI,NO,NO,NO,NO,NO,NO,NO,NO,NO,NO,NO,NO,NO
0913,1,3045,963,963,NO,NO,NO,NO,NO,NO,NO,NO,NO,NO,NO,NO,NO,SI
0914,1,3008,949,949,NO,NO,NO,NO,NO,NO,NO,NO,NO,NO,NO,NO,NO,SI
0915,1,3049,924,924,NO,NO,NO,NO,NO,NO,NO,NO,NO,NO,NO,NO,NO,NO
0916,1,3034,956,956,NO,NO,NO,NO,NO,NO,NO,NO,NO,NO,NO,NO,NO,SI
0917,1,3034,913,913,NO,NO,NO,NO,NO,NO,NO,NO,NO,NO,NO,NO,NO,NO
0918,1,3049,944,944,NO,SI,NO,SI,NO,NO,NO,NO,NO,NO,NO,NO,NO,SI
0919,1,3020,691,691,NO,NO,NO,NO,NO,NO,NO,NO,NO,NO,NO,NO,NO,NO
0920,1,3045,978,978,NO,NO,NO,NO,NO,NO,NO,NO,NO,NO,NO,NO,NO,SI
0921,1,3045,966,966,NO,SI,NO,SI,NO,SI,NO,NO,NO,NO,NO,NO,NO,SI
0922,1,3008,896,896,SI,SI,NO,NO,NO,NO,NO,NO,NO,NO,NO,SI,NO,SI
0923,1,3005,904,904,NO,SI,NO,NO,NO,NO,NO,NO,NO,NO,NO,NO,NO,SI
0924,1,3045,971,971,NO,NO,NO,NO,NO,NO,NO,NO,NO,NO,NO,NO,NO,SI
0925,1,3020,761,761,NO,SI,SI,NO,NO,NO,NO,NO,NO,NO,NO,NO,NO,NO
0926,1,3005,926,926,NO,NO,NO,NO,NO,NO,NO,NO,NO,NO,NO,NO,NO,SI
0927,1,3034,967,967,NO,NO,NO,NO,NO,NO,NO,NO,NO,NO,NO,NO,NO,SI
0928,1,3046,891,891,SI,NO,NO,NO,SI,NO,NO,NO,NO,NO,NO,NO,NO,SI
0929,1,3010,728,728,NO,NO,NO,NO,NO,NO,NO,NO,NO,NO,NO,NO,NO,SI
0930,1,3001,919,919,SI,NO,NO,NO,NO,NO,NO,NO,NO,NO,NO,NO,NO,SI
0931,1,3018,776,776,NO,NO,NO,NO,SI,NO,NO,NO,NO,NO,NO,NO,NO,NO
0932,1,3007,721,721,NO,NO,NO,NO,NO,NO,NO,NO,NO,NO,NO,NO,NO,SI
0933,1,3004,793,793,SI,NO,NO,NO,NO,NO,NO,NO,NO,NO,NO,NO,NO,SI
0934,1,3001,890,890,SI,NO,NO,NO,NO,NO,NO,NO,NO,NO,NO,SI,NO,NO
0935,1,3005,965,965,SI,SI,NO,NO,SI,NO,NO,NO,NO,NO,NO,NO,NO,SI
0936,1,3045,930,930,NO,NO,NO,NO,NO,NO,NO,NO,NO,NO,NO,SI,NO,SI
0937,1,3005,876,876,SI,NO,NO,NO,NO,NO,NO,NO,NO,NO,NO,NO,NO,SI
0938,1,3029,672,672,NO,NO,NO,NO,NO,NO,NO,NO,NO,NO,NO,SI,NO,SI
0939,1,3008,957,957,NO,SI,NO,NO,NO,NO,NO,NO,NO,NO,NO,NO,NO,SI
0940,1,3024,703,703,NO,SI,NO,SI,NO,NO,NO,NO,NO,NO,NO,NO,NO,SI
0941,1,3001,983,983,SI,NO,NO,SI,NO,NO,NO,NO,NO,NO,NO,NO,NO,NO
0942,1,3004,872,872,SI,NO,NO,NO,NO,NO,NO,NO,NO,NO,NO,SI,NO,SI
0943,1,3053,773,773,NO,NO,NO,NO,NO,NO,NO,NO,NO,NO,NO,NO,NO,NO
0944,1,3046,924,924,NO,SI,NO,NO,SI,NO,NO,NO,NO,NO,NO,NO,NO,SI
0945,1,3044,757,757,SI,SI,NO,NO,NO,NO,NO,NO,NO,NO,NO,NO,NO,NO
0946,1,3046,958,958,SI,NO,NO,NO,NO,NO,NO,NO,NO,NO,NO,NO,NO,NO
0947,1,3045,899,899,NO,NO,NO,NO,NO,NO,NO,NO,NO,NO,NO,NO,NO,NO
0948,1,3025,1000,1000,SI,NO,NO,NO,NO,NO,NO,NO,NO,NO,NO,NO,NO,SI
0949,1,3001,918,918,NO,NO,NO,NO,NO,NO,NO,NO,NO,NO,NO,NO,NO,SI
0950,1,3055,740,740,NO,NO,NO,NO,NO,NO,NO,NO,NO,NO,NO,NO,NO,SI
0951,1,3034,902,902,NO,SI,NO,NO,NO,NO,NO,NO,NO,NO,NO,NO,NO,SI
0952,1,3008,950,950,SI,NO,NO,NO,NO,NO,NO,NO,NO,NO,NO,NO,NO,SI
0953,1,3044,879,879,NO,NO,NO,NO,NO,NO,NO,NO,NO,NO,NO,NO,NO,SI
0954,1,3045,910,910,SI,NO,NO,SI,NO,SI,NO,NO,NO,NO,NO,NO,NO,SI
0955,1,3021,814,814,NO,NO,NO,NO,NO,NO,NO,NO,NO,NO,NO,NO,NO,NO
0956,1,3003,799,799,NO,NO,NO,NO,NO,NO,NO,NO,NO,NO,NO,NO,NO,SI
0957,1,3015,832,832,SI,SI,NO,NO,NO,NO,NO,NO,NO,NO,NO,NO,NO,SI
0958,1,3029,896,896,SI,SI,NO,NO,NO,NO,NO,NO,NO,NO,NO,NO,NO,SI
0959,1,3025,909,909,NO,SI,NO,NO,NO,NO,NO,NO,NO,NO,NO,NO,NO,NO
0960,1,3007,880,880,NO,SI,NO,SI,NO,NO,NO,NO,NO,NO,NO,NO,NO,SI
0961,1,3001,936,936,SI,NO,NO,NO,NO,NO,NO,NO,NO,NO,NO,NO,NO,NO
0962,1,3045,942,942,SI,NO,NO,NO,NO,NO,NO,NO,NO,NO,NO,NO,NO,SI
0963,1,3037,973,973,NO,NO,NO,NO,NO,NO,NO,NO,NO,NO,NO,NO,NO,NO
0964,1,3001,976,976,SI,NO,NO,NO,NO,NO,NO,NO,NO,NO,NO,SI,NO,SI
0965,1,3024,821,821,SI,NO,NO,NO,NO,NO,NO,NO,NO,NO,NO,NO,NO,SI
0966,1,3045,963,963,SI,NO,NO,NO,NO,NO,NO,NO,NO,NO,NO,NO,NO,SI
0967,1,3052,614,614,NO,NO,NO,NO,NO,NO,NO,NO,NO,NO,NO,NO,NO,NO
0968,1,3025,942,942,SI,NO,NO,NO,NO,NO,NO,NO,NO,NO,NO,NO,NO,SI
0969,1,3046,961,961,SI,SI,NO,NO,NO,NO,NO,NO,NO,NO,NO,NO,NO,NO
0970,1,3032,966,966,NO,SI,NO,NO,NO,NO,NO,NO,NO,NO,NO,NO,NO,SI
0971,1,3001,913,913,NO,NO,NO,NO,NO,NO,SI,NO,NO,NO,NO,SI,NO,SI
0972,1,3043,793,793,NO,NO,NO,NO,NO,NO,NO,NO,NO,NO,NO,NO,NO,SI
0973,1,3001,989,989,NO,NO,NO,NO,SI,NO,NO,NO,NO,NO,NO,NO,NO,SI
0974,1,3049,927,927,NO,NO,NO,NO,NO,NO,NO,NO,NO,NO,NO,NO,SI,SI
0975,1,3049,915,915,SI,SI,NO,NO,SI,NO,NO,NO,NO,NO,NO,NO,NO,SI
0976,1,3034,956,956,SI,NO,NO,NO,NO,NO,NO,NO,NO,NO,NO,SI,NO,SI
0977,1,3005,876,876,NO,NO,NO,SI,NO,NO,NO,NO,NO,NO,NO,NO,NO,SI
0978,1,3019,850,850,NO,SI,NO,NO,NO,NO,NO,NO,NO,NO,NO,NO,NO,SI
0979,1,3002,860,860,SI,NO,NO,NO,NO,NO,NO,NO,NO,NO,NO,SI,NO,SI
0980,1,3038,744,744,NO,NO,NO,NO,NO,NO,NO,NO,NO,NO,NO,NO,NO,SI
0981,1,3029,786,786,NO,NO,NO,NO,NO,NO,NO,NO,NO,NO,NO,NO,NO,NO
0982,1,3021,829,829,NO,NO,NO,NO,NO,NO,NO,NO,NO,NO,NO,NO,NO,NO
0983,1,3050,849,849,NO,NO,NO,NO,NO,NO,NO,NO,NO,NO,NO,NO,NO,SI
0984,1,3034,901,901,NO,NO,NO,SI,NO,NO,NO,NO,NO,NO,NO,NO,NO,SI
0985,1,3046,943,943,NO,SI,NO,NO,NO,NO,NO,NO,NO,NO,NO,NO,NO,SI
0986,1,3045,947,947,SI,NO,NO,NO,NO,SI,NO,NO,NO,NO,NO,NO,NO,SI
0987,1,3013,784,784,SI,SI,NO,NO,NO,NO,NO,NO,NO,NO,NO,NO,NO,SI
0988,1,3024,824,824,SI,SI,NO,SI,NO,NO,NO,NO,NO,NO,NO,NO,NO,SI
0989,1,3001,876,876,SI,SI,NO,NO,NO,NO,NO,NO,NO,NO,NO,NO,NO,SI
0990,1,3001,945,945,NO,SI,NO,NO,NO,NO,NO,NO,NO,NO,NO,NO,NO,SI
0991,1,3049,944,944,NO,SI,NO,NO,NO,NO,NO,NO,NO,NO,NO,NO,NO,SI
0992,1,3006,838,838,NO,NO,NO,NO,NO,NO,NO,NO,NO,NO,NO,SI,NO,NO
0993,1,3019,689,689,NO,SI,NO,NO,NO,NO,NO,NO,NO,NO,NO,NO,NO,SI
0994,1,3045,919,919,NO,NO,NO,NO,SI,NO,NO,NO,NO,NO,NO,NO,NO,SI
0995,1,3045,922,922,SI,NO,NO,NO,NO,NO,NO,NO,NO,NO,NO,SI,NO,SI
0996,1,3046,960,960,SI,NO,NO,NO,NO,NO,NO,NO,NO,NO,NO,NO,NO,SI
0997,1,3045,944,944,NO,NO,NO,SI,NO,NO,NO,NO,NO,NO,NO,NO,NO,NO
0998,1,3046,963,963,NO,SI,NO,NO,NO,NO,NO,NO,NO,NO,NO,NO,NO,SI
0999,1,3049,953,953,NO,NO,NO,NO,NO,NO,NO,NO,NO,NO,NO,NO,NO,SI
1000,1,3045,953,953,NO,NO,NO,SI,NO,NO,NO,NO,NO,NO,NO,NO,NO,SI
1001,1,3021,819,819,NO,NO,NO,NO,NO,NO,NO,NO,NO,NO,NO,NO,NO,SI
1002,1,3001,867,867,SI,SI,NO,NO,NO,NO,NO,NO,NO,NO,NO,NO,NO,SI
1003,1,3051,899,899,NO,NO,NO,NO,NO,NO,NO,NO,NO,NO,NO,NO,NO,NO
1004,1,3049,925,925,NO,SI,SI,NO,NO,NO,SI,NO,NO,NO,NO,NO,NO,SI
1005,1,3046,911,911,SI,SI,NO,SI,NO,NO,NO,NO,NO,NO,NO,NO,NO,NO
1006,1,3005,934,934,SI,NO,NO,SI,NO,NO,NO,NO,NO,NO,NO,NO,NO,SI
1007,1,3034,929,929,NO,NO,NO,SI,NO,NO,NO,NO,NO,NO,NO,NO,SI,SI
1008,1,3044,714,714,NO,NO,NO,SI,NO,NO,NO,NO,NO,NO,NO,NO,NO,SI
1009,1,3049,928,928,NO,NO,NO,NO,NO,NO,NO,NO,NO,NO,NO,NO,NO,NO
1010,1,3049,877,877,NO,NO,NO,NO,SI,NO,NO,NO,NO,NO,NO,NO,NO,SI
1011,1,3011,865,865,NO,SI,NO,NO,NO,NO,NO,NO,NO,NO,NO,NO,NO,SI
1012,1,3034,965,965,NO,NO,NO,NO,NO,SI,NO,NO,NO,NO,SI,NO,NO,SI
1013,1,3034,858,858,SI,SI,NO,NO,NO,SI,NO,NO,NO,NO,NO,NO,NO,NO
1014,1,3001,938,938,NO,NO,NO,NO,NO,NO,NO,NO,NO,NO,NO,NO,NO,SI
1015,1,3022,979,979,NO,NO,NO,SI,NO,NO,NO,NO,NO,NO,NO,NO,NO,SI
1016,1,3046,921,921,NO,NO,NO,NO,NO,NO,NO,NO,NO,NO,SI,NO,NO,SI
1017,1,3045,874,874,NO,NO,NO,NO,NO,NO,NO,NO,NO,NO,NO,NO,NO,SI
1018,1,3034,920,920,NO,NO,NO,SI,NO,NO,NO,NO,NO,NO,NO,NO,NO,SI
1019,1,3003,858,858,SI,NO,NO,NO,NO,NO,NO,NO,NO,NO,NO,SI,SI,SI
1020,1,3045,911,911,NO,NO,NO,NO,NO,NO,NO,NO,NO,NO,NO,SI,NO,SI
1021,1,3005,922,922,NO,SI,NO,NO,NO,SI,NO,NO,NO,NO,NO,NO,NO,SI
1022,1,3045,913,913,NO,NO,NO,NO,NO,NO,NO,NO,NO,NO,NO,SI,NO,SI
1023,1,3014,822,822,NO,SI,NO,NO,NO,NO,NO,NO,NO,NO,NO,NO,NO,SI
1024,1,3034,1000,1000,SI,NO,NO,NO,NO,NO,NO,NO,NO,NO,NO,NO,NO,SI
1025,1,3028,947,947,NO,NO,NO,NO,NO,NO,NO,NO,NO,NO,NO,NO,NO,NO
1026,1,3042,699,699,NO,NO,SI,NO,NO,NO,NO,NO,NO,NO,NO,NO,NO,SI
1027,1,3049,974,974,SI,SI,NO,NO,NO,NO,NO,NO,NO,NO,NO,NO,NO,SI
1028,1,3001,891,891,SI,NO,NO,NO,NO,NO,NO,NO,NO,NO,NO,SI,NO,SI
1029,1,3020,688,688,SI,NO,NO,NO,NO,NO,NO,NO,NO,NO,NO,NO,NO,SI
1030,1,3013,808,808,NO,NO,NO,NO,NO,NO,NO,NO,NO,NO,NO,NO,NO,SI
1031,1,3005,900,900,SI,NO,NO,NO,SI,SI,NO,NO,NO,NO,NO,NO,NO,SI
1032,1,3034,930,930,SI,NO,NO,NO,NO,NO,NO,NO,NO,NO,NO,NO,NO,SI
1033,1,3046,981,981,SI,NO,NO,NO,NO,NO,NO,NO,NO,NO,NO,NO,NO,SI
1034,1,3049,940,940,NO,NO,NO,NO,NO,NO,NO,NO,NO,NO,NO,NO,NO,SI
1035,1,3049,918,918,SI,NO,NO,NO,NO,NO,NO,NO,NO,NO,NO,NO,NO,NO
1036,1,3002,911,911,NO,NO,NO,NO,NO,NO,NO,NO,NO,NO,NO,NO,NO,NO
1037,1,3053,741,741,SI,SI,NO,NO,NO,NO,NO,NO,NO,NO,NO,NO,NO,NO
1038,1,3040,678,678,SI,NO,NO,NO,NO,NO,NO,NO,NO,NO,NO,NO,NO,SI
1039,1,3018,720,720,NO,NO,NO,NO,NO,NO,NO,NO,NO,NO,NO,NO,NO,SI
1040,1,3034,963,963,NO,NO,NO,SI,NO,SI,NO,NO,NO,NO,NO,NO,NO,SI
1041,1,3005,948,948,NO,NO,NO,NO,NO,NO,NO,NO,NO,NO,NO,SI,NO,SI
1042,1,3049,884,884,NO,NO,NO,NO,NO,NO,NO,NO,NO,NO,NO,NO,NO,SI
1043,1,3008,956,956,NO,NO,NO,SI,NO,SI,NO,NO,NO,NO,NO,NO,NO,NO
1044,1,3042,715,715,SI,NO,NO,NO,NO,NO,NO,NO,NO,NO,NO,NO,NO,SI
1045,1,3041,828,828,NO,NO,NO,NO,NO,NO,NO,SI,NO,NO,NO,NO,NO,SI
1046,1,3003,741,741,NO,SI,NO,NO,NO,NO,NO,NO,NO,NO,NO,NO,NO,NO
1047,1,3003,758,758,NO,NO,NO,NO,NO,NO,NO,NO,NO,NO,NO,SI,NO,SI
1048,1,3050,801,801,SI,NO,NO,NO,NO,NO,NO,NO,NO,NO,NO,NO,NO,SI
1049,1,3008,925,925,NO,NO,NO,NO,NO,NO,NO,NO,NO,NO,NO,NO,NO,NO
1050,1,3047,689,689,NO,NO,NO,NO,SI,NO,NO,NO,NO,NO,NO,NO,NO,SI
1051,1,3044,792,792,NO,NO,NO,NO,NO,NO,NO,NO,NO,NO,NO,NO,NO,NO
1052,1,3034,905,905,NO,NO,NO,NO,NO,NO,NO,NO,NO,NO,NO,NO,NO,SI
1053,1,3001,889,889,SI,SI,NO,NO,NO,SI,NO,NO,NO,NO,NO,NO,NO,SI
1054,1,3008,961,961,SI,SI,NO,SI,NO,NO,NO,NO,NO,NO,NO,NO,NO,SI
1055,1,3022,753,753,NO,NO,NO,NO,NO,SI,NO,NO,NO,NO,NO,SI,NO,SI
1056,1,3049,908,908,SI,NO,NO,NO,NO,NO,NO,NO,NO,NO,NO,NO,NO,SI
1057,1,3008,917,917,SI,NO,NO,NO,NO,NO,NO,NO,NO,NO,NO,SI,NO,SI
1058,1,3004,890,890,NO,NO,NO,NO,NO,NO,NO,NO,NO,NO,NO,NO,NO,SI
1059,1,3049,966,966,SI,SI,NO,NO,NO,NO,NO,NO,NO,NO,NO,NO,NO,NO
1060,1,3044,730,730,SI,NO,NO,NO,NO,NO,NO,NO,NO,NO,NO,NO,NO,SI
1061,1,3001,962,962,NO,NO,NO,NO,NO,NO,NO,NO,NO,NO,NO,NO,NO,SI
1062,1,3045,906,906,SI,SI,NO,SI,SI,SI,NO,NO,NO,NO,NO,NO,NO,SI
1063,1,3023,780,780,NO,NO,NO,NO,NO,NO,NO,NO,NO,NO,NO,SI,NO,SI
1064,1,3045,919,919,SI,NO,NO,NO,NO,SI,NO,NO,NO,NO,NO,NO,NO,SI
1065,1,3017,788,788,NO,NO,NO,NO,NO,NO,NO,NO,NO,NO,NO,NO,NO,SI
1066,1,3008,853,853,SI,NO,NO,NO,SI,NO,NO,NO,NO,NO,NO,NO,NO,SI
1067,1,3046,899,899,NO,SI,NO,NO,NO,NO,NO,NO,NO,NO,NO,NO,NO,SI
1068,1,3050,703,703,NO,NO,NO,NO,SI,NO,NO,NO,NO,NO,NO,SI,NO,SI
1069,1,3046,918,918,NO,SI,NO,NO,NO,NO,NO,NO,NO,NO,NO,NO,NO,SI
1070,1,3004,725,725,NO,NO,NO,NO,NO,NO,NO,NO,NO,NO,NO,NO,NO,SI
1071,1,3005,886,886,NO,SI,NO,NO,NO,NO,NO,NO,NO,NO,NO,NO,NO,SI
1072,1,3046,911,911,NO,NO,NO,NO,NO,NO,NO,NO,NO,NO,NO,NO,NO,SI
1073,1,3042,897,897,SI,NO,NO,SI,NO,NO,NO,NO,NO,NO,NO,NO,SI,NO
1074,1,3038,779,779,NO,NO,NO,NO,NO,NO,NO,NO,NO,NO,NO,NO,NO,SI
1075,1,3008,947,947,SI,NO,NO,NO,NO,NO,NO,NO,NO,NO,NO,NO,NO,NO
1076,1,3049,950,950,SI,NO,NO,NO,NO,NO,NO,NO,NO,SI,NO,NO,NO,SI
1077,1,3039,600,600,SI,NO,NO,NO,NO,NO,NO,NO,NO,NO,NO,NO,NO,SI
1078,1,3046,957,957,SI,NO,NO,NO,NO,NO,NO,NO,NO,NO,NO,NO,NO,SI
1079,1,3025,808,808,SI,SI,NO,NO,NO,NO,NO,NO,NO,NO,NO,NO,NO,SI
1080,1,3001,908,908,SI,SI,NO,NO,NO,NO,NO,NO,NO,NO,NO,NO,NO,SI
1081,1,3001,906,906,SI,SI,NO,SI,NO,NO,NO,NO,NO,NO,NO,NO,NO,SI
1082,1,3049,892,892,SI,SI,NO,NO,NO,NO,NO,NO,NO,NO,NO,NO,NO,SI
1083,1,3004,800,800,SI,NO,NO,NO,NO,NO,NO,NO,NO,NO,NO,NO,NO,SI
1084,1,3001,934,934,NO,NO,SI,NO,NO,NO,NO,NO,NO,NO,NO,NO,NO,SI
1085,1,3047,750,750,NO,SI,NO,NO,NO,NO,NO,NO,NO,NO,NO,NO,NO,SI
1086,1,3010,744,744,NO,SI,NO,NO,NO,NO,NO,NO,NO,NO,NO,NO,NO,SI
1087,1,3011,749,749,SI,NO,NO,NO,NO,NO,NO,NO,NO,NO,NO,NO,NO,SI
1088,1,3029,927,927,NO,SI,NO,NO,NO,NO,NO,NO,NO,NO,NO,NO,NO,SI
1089,1,3001,975,975,SI,SI,SI,NO,NO,SI,NO,NO,NO,NO,NO,NO,SI,SI
1090,1,3049,877,877,NO,SI,NO,NO,NO,NO,NO,NO,NO,NO,NO,SI,NO,SI
1091,1,3001,904,904,SI,NO,NO,NO,NO,NO,NO,NO,NO,NO,NO,NO,NO,NO
1092,1,3046,913,913,NO,NO,NO,NO,NO,NO,NO,NO,NO,NO,NO,SI,NO,SI
1093,1,3054,668,668,NO,SI,NO,NO,NO,NO,NO,NO,NO,NO,NO,NO,NO,SI
1094,1,3030,816,816,SI,NO,NO,NO,NO,SI,NO,NO,NO,NO,NO,NO,NO,SI
1095,1,3039,635,635,NO,NO,NO,NO,NO,NO,NO,NO,NO,NO,NO,NO,NO,SI
1096,1,3008,898,898,NO,NO,NO,NO,NO,NO,NO,NO,NO,NO,NO,NO,NO,SI
1097,1,3045,905,905,NO,NO,NO,NO,NO,NO,NO,NO,NO,NO,NO,NO,NO,SI
1098,1,3049,911,911,SI,NO,NO,NO,NO,NO,NO,NO,NO,NO,NO,SI,NO,SI
1099,1,3019,901,901,NO,NO,NO,NO,NO,NO,NO,NO,NO,NO,NO,NO,NO,NO
1100,1,3049,915,915,SI,SI,NO,SI,NO,NO,NO,NO,NO,NO,NO,NO,NO,NO
1101,1,3005,930,930,NO,NO,NO,NO,NO,NO,NO,NO,NO,NO,NO,NO,NO,SI
1102,1,3046,899,899,NO,SI,NO,NO,NO,NO,NO,NO,NO,NO,NO,NO,NO,SI
1103,1,3034,949,949,NO,SI,NO,NO,NO,NO,NO,NO,NO,NO,NO,NO,NO,NO
1104,1,3040,780,780,SI,NO,NO,NO,NO,NO,NO,NO,NO,NO,NO,NO,NO,SI
1105,1,3045,943,943,SI,NO,NO,NO,NO,NO,NO,NO,NO,NO,NO,NO,NO,NO
1106,1,3033,903,903,NO,SI,NO,NO,NO,NO,NO,NO,NO,NO,NO,NO,NO,SI
1107,1,3001,961,961,NO,NO,NO,NO,NO,SI,SI,NO,NO,NO,NO,NO,NO,SI
1108,1,3049,913,913,SI,SI,NO,NO,NO,NO,NO,NO,NO,NO,NO,NO,NO,SI
1109,1,3053,804,804,SI,NO,NO,NO,NO,NO,NO,NO,NO,NO,NO,NO,NO,SI
1110,1,3049,919,919,NO,NO,NO,SI,NO,NO,NO,NO,NO,NO,NO,NO,NO,NO
1111,1,3024,944,944,NO,NO,NO,NO,NO,NO,NO,NO,NO,NO,NO,NO,NO,SI
1112,1,3045,921,921,SI,NO,NO,NO,NO,NO,NO,NO,NO,NO,NO,NO,NO,SI
1113,1,3002,742,742,NO,NO,NO,NO,NO,NO,NO,NO,NO,NO,NO,NO,NO,NO
1114,1,3045,881,881,SI,SI,NO,NO,NO,SI,NO,NO,NO,NO,NO,NO,NO,SI
1115,1,3011,806,806,NO,SI,NO,NO,NO,NO,NO,NO,NO,NO,NO,SI,NO,SI
1116,1,3013,691,691,NO,SI,SI,NO,NO,NO,NO,NO,NO,NO,NO,NO,NO,SI
1117,1,3046,954,954,NO,NO,NO,NO,NO,NO,NO,NO,NO,NO,NO,NO,NO,SI
1118,1,3052,855,855,SI,NO,NO,NO,NO,NO,NO,NO,NO,NO,NO,NO,NO,SI
1119,1,3008,916,916,NO,SI,NO,NO,NO,NO,NO,NO,NO,NO,NO,NO,NO,SI
1120,1,3007,742,742,NO,SI,NO,NO,NO,NO,NO,NO,NO,NO,NO,NO,NO,SI
1121,1,3049,970,970,NO,NO,NO,NO,NO,NO,NO,NO,NO,NO,NO,NO,NO,NO
1122,1,3005,923,923,NO,SI,NO,NO,NO,NO,NO,NO,NO,NO,NO,NO,SI,SI
1123,1,3008,941,941,NO,NO,NO,NO,NO,NO,NO,NO,NO,NO,NO,NO,NO,SI
1124,1,3008,969,969,NO,NO,NO,NO,NO,NO,NO,NO,NO,NO,NO,NO,NO,SI
1125,1,3021,895,895,NO,NO,NO,NO,NO,NO,NO,NO,NO,NO,NO,NO,NO,NO
1126,1,3045,938,938,NO,SI,NO,NO,NO,NO,NO,NO,NO,NO,NO,NO,NO,NO
1127,1,3031,675,675,NO,NO,NO,NO,NO,NO,NO,NO,NO,NO,NO,NO,NO,NO
1128,1,3001,899,899,NO,NO,NO,NO,SI,NO,NO,NO,NO,NO,NO,NO,NO,SI
1129,1,3043,912,912,NO,NO,NO,NO,NO,SI,NO,NO,NO,NO,NO,SI,NO,SI
1130,1,3039,854,854,NO,NO,NO,NO,NO,NO,NO,NO,NO,NO,NO,NO,NO,SI
1131,1,3005,979,979,SI,NO,NO,SI,NO,NO,NO,NO,NO,NO,NO,NO,NO,SI
1132,1,3030,666,666,SI,NO,NO,NO,NO,NO,NO,NO,NO,NO,NO,NO,NO,SI
1133,1,3018,803,803,NO,NO,NO,NO,NO,NO,NO,NO,NO,NO,NO,NO,SI,SI
1134,1,3004,750,750,NO,NO,NO,SI,NO,NO,NO,NO,NO,NO,NO,SI,NO,SI
1135,1,3021,731,731,SI,NO,NO,NO,NO,NO,NO,NO,NO,NO,NO,NO,NO,SI
1136,1,3028,905,905,NO,NO,NO,NO,NO,NO,NO,NO,NO,NO,NO,NO,NO,SI
1137,1,3008,939,939,SI,NO,NO,NO,NO,NO,NO,NO,NO,NO,NO,NO,NO,SI
1138,1,3045,938,938,SI,NO,NO,NO,NO,NO,NO,NO,NO,NO,NO,NO,NO,SI
1139,1,3024,772,772,NO,NO,NO,NO,NO,NO,NO,NO,NO,NO,NO,NO,NO,SI
1140,1,3024,725,725,NO,NO,NO,NO,NO,SI,NO,NO,NO,NO,NO,NO,NO,SI
1141,1,3045,909,909,SI,NO,NO,NO,NO,NO,NO,NO,NO,NO,NO,NO,NO,SI
1142,1,3033,849,849,SI,NO,NO,NO,NO,NO,NO,NO,NO,NO,NO,NO,SI,SI
1143,1,3005,923,923,NO,NO,NO,SI,NO,NO,NO,NO,NO,NO,NO,NO,NO,SI
1144,1,3004,906,906,SI,SI,NO,NO,NO,SI,NO,NO,NO,NO,NO,NO,NO,SI
1145,1,3005,910,910,NO,NO,NO,NO,NO,NO,NO,NO,NO,NO,NO,NO,NO,NO
1146,1,3010,766,766,SI,SI,NO,NO,NO,NO,NO,NO,NO,NO,NO,NO,NO,SI
1147,1,3045,926,926,SI,NO,NO,NO,NO,NO,NO,NO,NO,NO,NO,NO,NO,SI
1148,1,3034,940,940,NO,NO,NO,NO,NO,NO,NO,NO,NO,NO,NO,SI,NO,SI
1149,1,3040,903,903,NO,SI,NO,NO,NO,NO,NO,NO,NO,NO,NO,NO,NO,SI
1150,1,3023,849,849,SI,SI,NO,NO,NO,NO,NO,NO,NO,NO,NO,NO,NO,SI
1151,1,3046,901,901,SI,NO,NO,NO,NO,NO,NO,NO,NO,NO,NO,NO,NO,SI
1152,1,3046,917,917,NO,NO,NO,NO,NO,NO,NO,NO,NO,NO,NO,NO,NO,SI
1153,1,3005,949,949,SI,NO,NO,NO,NO,NO,NO,NO,NO,NO,NO,SI,NO,SI
1154,1,3045,941,941,SI,NO,NO,NO,NO,NO,NO,NO,NO,NO,NO,NO,NO,SI
1155,1,3017,612,612,NO,NO,SI,SI,NO,NO,NO,NO,NO,NO,NO,NO,NO,SI
1156,1,3054,717,717,NO,NO,NO,NO,NO,NO,NO,NO,NO,NO,NO,NO,NO,SI
1157,1,3002,791,791,SI,SI,NO,NO,NO,NO,NO,SI,NO,NO,NO,NO,NO,SI
1158,1,3046,905,905,SI,NO,NO,NO,NO,NO,SI,NO,NO,NO,NO,NO,NO,NO
1159,1,3023,678,678,NO,SI,NO,SI,NO,NO,NO,NO,NO,NO,NO,NO,NO,SI
1160,1,3049,971,971,NO,NO,NO,NO,NO,NO,NO,NO,NO,NO,NO,NO,NO,NO
1161,1,3015,749,749,SI,NO,NO,NO,NO,NO,NO,NO,NO,NO,NO,NO,NO,SI
1162,1,3049,934,934,NO,NO,NO,NO,NO,NO,NO,NO,NO,NO,NO,NO,NO,SI
1163,1,3053,634,634,SI,NO,NO,NO,NO,NO,NO,NO,NO,NO,NO,NO,NO,SI
1164,1,3008,961,961,NO,SI,NO,NO,NO,NO,NO,NO,NO,NO,NO,NO,NO,SI
1165,1,3043,684,684,NO,NO,NO,NO,NO,NO,NO,NO,NO,NO,NO,NO,NO,SI
1166,1,3046,955,955,SI,NO,NO,NO,NO,NO,NO,NO,NO,NO,NO,NO,NO,SI
1167,1,3008,886,886,SI,NO,NO,NO,SI,NO,NO,NO,NO,NO,NO,NO,NO,SI
1168,1,3016,723,723,NO,SI,NO,NO,NO,NO,NO,NO,NO,NO,NO,NO,NO,SI
1169,1,3042,928,928,NO,SI,NO,SI,NO,NO,NO,NO,NO,NO,NO,NO,NO,SI
1170,1,3001,944,944,NO,NO,NO,NO,NO,NO,NO,NO,NO,NO,NO,SI,NO,SI
1171,1,3001,923,923,SI,NO,NO,NO,NO,NO,NO,NO,NO,NO,NO,NO,NO,SI
1172,1,3005,940,940,NO,NO,NO,NO,NO,NO,NO,NO,NO,NO,NO,SI,NO,SI
1173,1,3011,775,775,SI,NO,NO,NO,NO,NO,NO,NO,NO,NO,NO,NO,NO,SI
1174,1,3049,914,914,NO,NO,NO,NO,NO,NO,NO,NO,NO,NO,NO,NO,NO,SI
1175,1,3008,959,959,NO,NO,NO,NO,NO,NO,NO,NO,NO,NO,NO,NO,NO,SI
1176,1,3011,775,775,NO,NO,NO,NO,NO,NO,NO,NO,NO,NO,NO,NO,NO,SI
1177,1,3053,856,856,SI,NO,NO,SI,NO,NO,NO,NO,NO,NO,NO,NO,NO,SI
1178,1,3045,934,934,SI,NO,NO,NO,NO,NO,NO,NO,NO,NO,NO,NO,NO,SI
1179,1,3008,949,949,SI,NO,NO,NO,NO,NO,NO,NO,NO,NO,NO,NO,NO,SI
1180,1,3005,945,945,SI,NO,NO,NO,NO,NO,NO,NO,NO,NO,NO,NO,NO,SI
1181,1,3025,756,756,SI,NO,NO,NO,NO,NO,NO,NO,NO,NO,NO,NO,NO,SI
1182,1,3008,898,898,NO,NO,NO,NO,NO,NO,NO,NO,NO,NO,NO,NO,NO,SI
1183,1,3050,747,747,NO,SI,NO,NO,NO,NO,NO,NO,NO,NO,NO,NO,NO,SI
1184,1,3049,948,948,NO,NO,NO,NO,NO,NO,NO,NO,NO,NO,NO,NO,NO,SI
1185,1,3034,969,969,NO,NO,NO,NO,NO,NO,NO,NO,NO,NO,NO,NO,NO,SI
1186,1,3052,728,728,SI,NO,NO,NO,NO,NO,NO,NO,NO,NO,NO,SI,NO,SI
1187,1,3032,788,788,SI,NO,NO,NO,NO,NO,NO,NO,NO,NO,NO,NO,NO,SI
1188,1,3015,819,819,SI,SI,NO,NO,NO,NO,NO,NO,NO,SI,NO,NO,NO,NO
1189,1,3046,947,947,SI,SI,NO,NO,NO,NO,NO,NO,NO,NO,NO,NO,NO,SI
1190,1,3008,936,936,NO,NO,NO,NO,SI,NO,NO,NO,NO,NO,NO,SI,NO,NO
1191,1,3036,794,794,SI,NO,NO,NO,NO,NO,NO,NO,NO,NO,NO,SI,NO,NO
1192,1,3009,749,749,SI,NO,NO,NO,NO,NO,NO,NO,NO,NO,NO,NO,NO,SI
1193,1,3005,933,933,SI,SI,NO,NO,NO,NO,NO,NO,NO,NO,NO,NO,NO,SI
1194,1,3008,936,936,SI,SI,NO,NO,NO,NO,NO,NO,NO,NO,NO,NO,NO,SI
1195,1,3049,899,899,SI,NO,NO,NO,NO,NO,NO,NO,NO,NO,NO,NO,NO,SI
1196,1,3034,1000,1000,NO,NO,NO,NO,NO,NO,NO,NO,NO,NO,NO,NO,NO,SI
1197,1,3045,870,870,NO,NO,NO,NO,NO,NO,NO,NO,NO,NO,NO,NO,NO,SI
1198,1,3049,957,957,SI,NO,NO,NO,NO,NO,NO,NO,NO,NO,NO,NO,NO,SI
1199,1,3050,756,756,NO,NO,NO,NO,NO,NO,NO,NO,NO,NO,NO,NO,NO,NO
1200,1,3005,918,918,SI,NO,NO,NO,NO,NO,NO,NO,NO,NO,NO,NO,NO,NO
1201,1,3049,958,958,NO,NO,NO,NO,NO,NO,NO,NO,NO,NO,NO,NO,NO,NO
1202,1,3034,910,910,SI,NO,NO,NO,NO,NO,NO,NO,NO,NO,NO,NO,NO,NO
1203,1,3030,731,731,SI,NO,NO,NO,NO,NO,NO,NO,NO,NO,NO,NO,NO,SI
1204,1,3045,917,917,SI,NO,NO,NO,NO,NO,NO,NO,NO,NO,NO,SI,NO,SI
1205,1,3018,1000,1000,SI,SI,NO,NO,NO,NO,NO,NO,NO,NO,NO,NO,NO,SI
1206,1,3046,917,917,NO,NO,NO,NO,NO,NO,NO,NO,NO,NO,NO,NO,NO,SI
1207,1,3005,918,918,NO,SI,NO,NO,NO,NO,NO,NO,NO,NO,NO,SI,NO,SI
1208,1,3049,910,910,NO,SI,NO,NO,NO,NO,NO,NO,NO,NO,NO,NO,NO,NO
1209,1,3045,954,954,NO,NO,NO,NO,NO,NO,NO,NO,NO,NO,NO,NO,NO,SI
1210,1,3001,892,892,NO,NO,NO,NO,NO,NO,NO,NO,NO,NO,NO,NO,NO,SI
1211,1,3045,929,929,SI,SI,NO,NO,NO,NO,NO,NO,NO,NO,NO,NO,NO,SI
1212,1,3001,917,917,SI,SI,NO,NO,NO,NO,NO,NO,NO,NO,NO,SI,NO,SI
1213,1,3046,996,996,NO,NO,NO,NO,NO,NO,NO,NO,NO,NO,NO,NO,NO,SI
1214,1,3027,846,846,NO,SI,NO,NO,NO,NO,NO,NO,NO,NO,NO,NO,NO,SI
1215,1,3045,943,943,NO,SI,NO,NO,NO,NO,NO,NO,NO,NO,NO,NO,NO,NO
1216,1,3045,943,943,NO,NO,NO,NO,NO,NO,NO,NO,NO,NO,NO,NO,NO,SI
1217,1,3046,929,929,NO,NO,NO,SI,NO,NO,NO,NO,NO,NO,NO,NO,NO,SI
1218,1,3020,688,688,NO,NO,NO,NO,NO,NO,NO,NO,NO,NO,NO,NO,NO,SI
1219,1,3028,757,757,NO,SI,NO,NO,NO,NO,NO,NO,NO,NO,NO,NO,NO,SI
1220,1,3049,891,891,NO,NO,NO,NO,NO,NO,NO,NO,NO,NO,NO,NO,NO,SI
1221,1,3025,837,837,NO,NO,NO,NO,NO,NO,NO,NO,NO,NO,NO,NO,NO,SI
1222,1,3034,896,896,NO,NO,NO,NO,NO,NO,NO,NO,NO,NO,NO,NO,NO,SI
1223,1,3030,780,780,NO,NO,NO,NO,NO,SI,NO,NO,NO,NO,NO,SI,NO,SI
1224,1,3007,798,798,SI,NO,NO,NO,NO,NO,NO,NO,NO,NO,NO,NO,NO,SI
1225,1,3008,897,897,NO,SI,NO,NO,NO,NO,NO,NO,NO,NO,NO,NO,NO,SI
1226,1,3005,930,930,NO,SI,NO,NO,NO,NO,NO,NO,NO,NO,NO,NO,NO,SI
1227,1,3034,991,991,NO,SI,NO,NO,NO,NO,NO,SI,NO,NO,NO,NO,NO,SI
1228,1,3030,763,763,NO,NO,NO,NO,NO,NO,NO,NO,NO,NO,NO,SI,NO,SI
1229,1,3005,982,982,SI,SI,NO,NO,NO,NO,NO,NO,NO,NO,NO,NO,NO,NO
1230,1,3046,952,952,NO,NO,NO,NO,NO,NO,NO,NO,NO,NO,NO,NO,NO,SI
1231,1,3045,892,892,SI,SI,NO,NO,NO,NO,NO,NO,NO,NO,NO,NO,NO,NO
1232,1,3024,907,907,NO,SI,NO,NO,NO,NO,NO,NO,NO,NO,NO,SI,NO,NO
1233,1,3043,868,868,NO,NO,NO,SI,SI,NO,NO,NO,NO,NO,NO,NO,NO,SI
1234,1,3001,900,900,NO,NO,NO,NO,NO,NO,NO,NO,NO,NO,NO,NO,NO,SI
1235,1,3045,898,898,NO,SI,NO,NO,NO,NO,NO,NO,NO,NO,NO,NO,NO,SI
1236,1,3047,733,733,NO,NO,NO,SI,SI,NO,NO,NO,NO,NO,NO,NO,NO,NO
1237,1,3008,910,910,NO,SI,NO,NO,NO,NO,NO,NO,NO,NO,NO,NO,NO,SI
1238,1,3008,928,928,NO,NO,NO,NO,NO,NO,NO,NO,NO,NO,NO,NO,NO,SI
1239,1,3013,804,804,NO,SI,NO,NO,NO,NO,NO,NO,NO,NO,NO,NO,NO,SI
1240,1,3034,962,962,SI,NO,NO,NO,NO,NO,NO,NO,NO,NO,NO,NO,NO,SI
1241,1,3008,963,963,NO,NO,NO,SI,NO,NO,NO,NO,NO,NO,NO,NO,NO,NO
1242,1,3004,794,794,NO,SI,NO,NO,NO,NO,NO,NO,NO,NO,NO,NO,NO,SI
1243,1,3034,856,856,SI,NO,NO,NO,NO,NO,NO,NO,NO,NO,NO,NO,NO,SI
1244,1,3032,820,820,SI,NO,NO,NO,NO,NO,NO,NO,NO,NO,NO,NO,NO,NO
1245,1,3005,994,994,SI,NO,NO,NO,NO,NO,NO,NO,NO,NO,NO,NO,NO,SI
1246,1,3045,951,951,SI,NO,NO,NO,NO,SI,NO,NO,NO,NO,NO,NO,NO,NO
1247,1,3054,822,822,NO,NO,NO,NO,NO,NO,NO,NO,NO,NO,NO,NO,NO,SI
1248,1,3046,925,925,NO,SI,NO,NO,NO,NO,NO,NO,NO,NO,NO,SI,NO,SI
1249,1,3034,992,992,NO,NO,NO,NO,NO,NO,NO,NO,NO,NO,NO,NO,NO,SI
1250,1,3041,873,873,NO,NO,NO,NO,NO,NO,NO,NO,NO,NO,NO,NO,NO,NO
1251,1,3008,885,885,SI,NO,NO,NO,NO,NO,NO,NO,NO,NO,NO,NO,NO,SI
1252,1,3001,941,941,SI,NO,NO,NO,NO,NO,NO,NO,NO,NO,NO,NO,NO,SI
1253,1,3008,919,919,NO,NO,NO,NO,NO,NO,NO,NO,NO,NO,NO,NO,NO,NO
1254,1,3053,816,816,SI,NO,NO,SI,NO,NO,NO,NO,NO,NO,NO,NO,NO,SI
1255,1,3045,953,953,SI,NO,NO,NO,NO,NO,NO,NO,NO,NO,NO,NO,NO,NO
1256,1,3049,922,922,NO,SI,NO,NO,NO,NO,NO,NO,NO,NO,NO,NO,NO,NO
1257,1,3006,737,737,SI,NO,NO,NO,NO,NO,NO,NO,NO,NO,NO,SI,SI,SI
1258,1,3019,674,674,NO,NO,NO,NO,NO,NO,NO,NO,NO,NO,NO,NO,NO,SI
1259,1,3007,846,846,SI,SI,NO,NO,NO,NO,NO,NO,NO,NO,NO,SI,NO,SI
1260,1,3005,917,917,NO,SI,NO,NO,NO,NO,NO,NO,NO,NO,NO,NO,NO,SI
1261,1,3019,817,817,SI,NO,NO,NO,NO,NO,NO,NO,NO,NO,NO,NO,NO,SI
1262,1,3045,933,933,NO,NO,NO,NO,NO,SI,NO,NO,NO,NO,NO,NO,NO,SI
1263,1,3034,944,944,NO,NO,NO,NO,NO,NO,NO,NO,NO,NO,NO,NO,NO,SI
1264,1,3034,905,905,NO,NO,NO,NO,SI,NO,NO,NO,NO,NO,NO,NO,NO,SI
1265,1,3005,914,914,NO,NO,NO,NO,SI,NO,NO,NO,NO,NO,NO,SI,NO,SI
1266,1,3045,919,919,SI,NO,NO,NO,NO,NO,NO,NO,NO,NO,NO,SI,NO,NO
1267,1,3001,1000,1000,NO,SI,NO,NO,NO,NO,NO,NO,NO,NO,NO,NO,NO,SI
1268,1,3049,899,899,SI,NO,NO,NO,NO,NO,NO,NO,NO,NO,NO,SI,NO,SI
1269,1,3034,926,926,NO,NO,NO,NO,SI,NO,NO,NO,NO,NO,NO,NO,NO,SI
1270,1,3006,829,829,NO,SI,NO,NO,NO,NO,NO,NO,NO,NO,NO,NO,NO,SI
1271,1,3003,840,840,NO,NO,NO,NO,NO,NO,NO,NO,NO,NO,NO,NO,NO,SI
1272,1,3046,934,934,SI,NO,NO,NO,NO,NO,NO,NO,NO,NO,NO,NO,NO,NO
1273,1,3046,923,923,SI,NO,NO,NO,NO,NO,NO,NO,NO,NO,NO,NO,NO,SI
1274,1,3034,885,885,SI,SI,NO,NO,NO,NO,NO,SI,NO,NO,NO,NO,NO,SI
1275,1,3008,939,939,SI,NO,NO,NO,NO,NO,NO,NO,NO,NO,NO,NO,SI,SI
1276,1,3034,948,948,SI,NO,NO,NO,NO,NO,NO,NO,NO,NO,NO,NO,NO,SI
1277,1,3034,937,937,NO,NO,NO,NO,NO,NO,NO,NO,NO,NO,NO,NO,NO,NO
1278,1,3008,869,869,SI,NO,NO,NO,NO,NO,NO,NO,NO,SI,NO,NO,NO,NO
1279,1,3030,666,666,NO,SI,NO,NO,NO,NO,NO,NO,NO,NO,NO,SI,NO,NO
1280,1,3045,992,992,SI,NO,NO,NO,NO,NO,NO,NO,NO,NO,NO,NO,NO,SI
1281,1,3050,884,884,NO,SI,NO,SI,SI,NO,NO,NO,NO,NO,NO,NO,NO,SI
1282,1,3049,948,948,SI,SI,NO,NO,NO,NO,NO,NO,NO,NO,NO,NO,NO,SI
1283,1,3009,730,730,NO,NO,NO,SI,NO,NO,NO,NO,NO,NO,NO,NO,NO,SI
1284,1,3007,816,816,NO,SI,NO,NO,NO,NO,NO,NO,NO,NO,NO,SI,NO,SI
1285,1,3046,906,906,SI,SI,NO,NO,NO,NO,NO,NO,NO,NO,NO,NO,NO,SI
1286,1,3049,960,960,SI,NO,NO,NO,NO,NO,NO,NO,NO,NO,NO,NO,NO,SI
1287,1,3047,697,697,NO,NO,NO,NO,NO,NO,NO,NO,NO,NO,NO,NO,NO,SI
1288,1,3046,927,927,NO,SI,NO,NO,NO,NO,NO,NO,NO,NO,NO,NO,NO,SI
1289,1,3056,866,866,NO,SI,NO,NO,NO,NO,NO,NO,NO,NO,NO,NO,NO,SI
1290,1,3008,885,885,SI,SI,NO,NO,NO,NO,NO,NO,NO,NO,NO,SI,NO,SI
1291,1,3034,904,904,NO,SI,NO,NO,SI,NO,NO,NO,NO,NO,NO,NO,NO,SI
1292,1,3046,918,918,SI,NO,NO,NO,NO,NO,NO,NO,NO,NO,NO,NO,NO,SI
1293,1,3049,960,960,SI,NO,NO,NO,NO,SI,NO,NO,NO,NO,NO,NO,NO,SI
1294,1,3045,936,936,SI,NO,NO,NO,NO,NO,NO,NO,NO,NO,NO,NO,NO,NO
1295,1,3005,936,936,NO,NO,NO,NO,NO,NO,NO,NO,NO,NO,NO,NO,NO,SI
1296,1,3038,762,762,SI,NO,NO,NO,NO,NO,NO,NO,NO,NO,NO,NO,NO,SI
1297,1,3045,928,928,NO,NO,NO,SI,NO,NO,NO,NO,NO,NO,NO,NO,NO,SI
1298,1,3034,877,877,NO,NO,NO,NO,NO,NO,NO,NO,NO,NO,NO,NO,NO,SI
1299,1,3010,871,871,NO,SI,NO,SI,NO,NO,NO,NO,NO,NO,NO,NO,NO,SI
1300,1,3042,838,838,NO,NO,NO,NO,NO,NO,NO,NO,NO,NO,NO,NO,NO,SI
1301,1,3001,916,916,SI,NO,NO,NO,NO,NO,NO,NO,NO,NO,NO,NO,NO,SI
1302,1,3049,963,963,NO,NO,NO,NO,NO,NO,NO,NO,NO,NO,NO,NO,NO,SI
1303,1,3029,938,938,NO,NO,NO,NO,NO,NO,NO,NO,NO,NO,NO,NO,NO,SI
1304,1,3026,935,935,SI,SI,NO,SI,NO,NO,NO,NO,NO,NO,NO,NO,NO,SI
1305,1,3034,924,924,SI,NO,NO,SI,NO,NO,NO,NO,NO,NO,NO,NO,NO,SI
1306,1,3012,781,781,SI,SI,NO,SI,NO,NO,NO,NO,NO,NO,NO,NO,NO,SI
1307,1,3036,755,755,SI,NO,NO,NO,NO,NO,NO,NO,NO,NO,NO,NO,NO,SI
1308,1,3045,947,947,NO,NO,NO,SI,SI,NO,NO,NO,NO,NO,NO,NO,NO,NO
1309,1,3008,921,921,SI,NO,NO,NO,NO,NO,NO,NO,NO,NO,NO,NO,SI,SI
1310,1,3002,600,600,SI,SI,NO,SI,NO,NO,NO,NO,NO,NO,NO,NO,NO,SI
1311,1,3008,984,984,NO,SI,NO,NO,NO,NO,NO,NO,NO,NO,NO,NO,NO,SI
1312,1,3008,908,908,NO,NO,NO,NO,NO,NO,NO,NO,NO,NO,NO,NO,NO,NO
1313,1,3049,943,943,NO,SI,NO,NO,NO,NO,NO,NO,NO,NO,NO,NO,NO,SI
1314,1,3034,954,954,NO,NO,NO,NO,NO,NO,NO,NO,NO,NO,NO,NO,NO,NO
1315,1,3001,898,898,NO,NO,NO,NO,NO,NO,SI,NO,NO,NO,NO,NO,NO,SI
1316,1,3005,844,844,NO,NO,NO,NO,NO,NO,NO,NO,NO,NO,NO,SI,NO,SI
1317,1,3001,910,910,SI,NO,NO,NO,NO,NO,NO,NO,NO,NO,NO,NO,NO,SI
1318,1,3028,883,883,SI,SI,NO,SI,NO,NO,NO,NO,NO,NO,NO,NO,NO,SI
1319,1,3012,690,690,NO,NO,NO,NO,NO,NO,NO,NO,NO,NO,NO,NO,NO,SI
1320,1,3005,913,913,NO,SI,NO,SI,NO,NO,NO,NO,NO,NO,NO,NO,NO,SI
1321,1,3001,947,947,NO,NO,NO,SI,NO,NO,NO,NO,NO,NO,NO,NO,NO,SI
1322,1,3029,688,688,NO,SI,NO,NO,NO,NO,NO,NO,NO,NO,NO,NO,NO,SI
1323,1,3011,735,735,SI,NO,NO,NO,NO,NO,NO,NO,NO,NO,NO,NO,SI,SI
1324,1,3005,905,905,NO,NO,NO,SI,NO,NO,NO,NO,NO,NO,NO,NO,NO,SI
1325,1,3001,923,923,NO,SI,NO,NO,NO,NO,NO,NO,NO,NO,NO,NO,NO,SI
1326,1,3005,935,935,SI,NO,NO,NO,NO,NO,NO,NO,NO,NO,NO,NO,NO,SI
1327,1,3049,887,887,SI,SI,NO,NO,NO,NO,NO,NO,NO,NO,NO,NO,NO,SI
1328,1,3001,950,950,NO,NO,NO,NO,NO,NO,NO,NO,NO,NO,NO,NO,NO,NO
1329,1,3008,905,905,SI,NO,NO,NO,NO,NO,NO,NO,NO,NO,NO,NO,NO,SI
1330,1,3008,986,986,NO,NO,NO,NO,NO,SI,NO,NO,NO,NO,NO,NO,NO,SI
1331,1,3001,940,940,NO,NO,NO,SI,SI,NO,NO,NO,NO,NO,NO,SI,NO,SI
1332,1,3054,885,885,SI,SI,NO,NO,NO,NO,NO,NO,NO,NO,NO,NO,NO,SI
1333,1,3037,821,821,SI,NO,NO,NO,NO,NO,NO,NO,NO,NO,NO,NO,NO,NO
1334,1,3001,940,940,SI,NO,NO,SI,NO,NO,NO,NO,NO,NO,NO,NO,NO,SI
1335,1,3045,862,862,NO,NO,NO,SI,NO,NO,NO,NO,NO,NO,NO,NO,NO,NO
1336,1,3042,829,829,NO,NO,NO,NO,NO,NO,NO,NO,NO,NO,NO,NO,NO,SI
1337,1,3046,942,942,NO,NO,NO,NO,NO,NO,NO,NO,NO,NO,NO,NO,NO,SI
1338,1,3048,904,904,NO,NO,NO,NO,NO,NO,NO,NO,NO,NO,NO,NO,NO,SI
1339,1,3049,959,959,NO,NO,NO,NO,SI,NO,NO,NO,NO,NO,NO,NO,NO,SI
1340,1,3034,976,976,SI,SI,NO,NO,NO,NO,NO,NO,NO,NO,NO,NO,NO,SI
1341,1,3023,791,791,SI,NO,NO,NO,NO,NO,NO,NO,NO,NO,NO,NO,NO,NO
1342,1,3008,951,951,NO,NO,NO,NO,NO,NO,NO,NO,NO,NO,NO,NO,NO,SI
1343,1,3005,966,966,NO,NO,NO,NO,NO,NO,NO,NO,NO,NO,NO,SI,NO,SI
1344,1,3045,897,897,SI,SI,NO,NO,NO,NO,NO,NO,NO,NO,NO,NO,NO,NO
1345,1,3021,805,805,SI,NO,NO,NO,NO,NO,NO,NO,NO,NO,NO,NO,NO,SI
1346,1,3015,770,770,NO,NO,NO,NO,NO,NO,NO,NO,NO,NO,NO,NO,NO,SI
1347,1,3049,939,939,SI,NO,NO,NO,NO,NO,NO,NO,NO,NO,NO,NO,NO,NO
1348,1,3034,939,939,NO,SI,NO,SI,NO,NO,NO,NO,NO,NO,NO,NO,NO,SI
1349,1,3005,926,926,SI,SI,NO,NO,NO,NO,NO,NO,NO,NO,NO,NO,NO,SI
1350,1,3056,687,687,SI,NO,NO,NO,NO,NO,NO,NO,NO,NO,NO,NO,NO,NO
1351,1,3049,904,904,SI,NO,NO,NO,NO,NO,NO,NO,NO,NO,NO,SI,NO,SI
1352,1,3056,831,831,NO,SI,NO,NO,NO,NO,NO,NO,NO,NO,NO,NO,NO,SI
1353,1,3005,932,932,SI,NO,NO,SI,NO,NO,NO,NO,NO,NO,NO,NO,NO,SI
1354,1,3046,865,865,SI,SI,SI,NO,NO,NO,NO,NO,NO,NO,NO,NO,NO,SI
1355,1,3008,865,865,NO,NO,NO,NO,NO,NO,NO,NO,NO,NO,NO,NO,NO,SI
1356,1,3052,902,902,NO,NO,NO,NO,NO,NO,NO,NO,NO,NO,NO,NO,NO,SI
1357,1,3026,786,786,SI,NO,NO,NO,NO,NO,NO,NO,NO,NO,SI,NO,NO,SI
1358,1,3029,917,917,NO,NO,NO,NO,NO,NO,NO,NO,NO,NO,NO,NO,NO,NO
1359,1,3001,926,926,NO,NO,NO,NO,NO,NO,NO,NO,NO,NO,NO,NO,NO,SI
1360,1,3034,955,955,NO,NO,NO,NO,NO,NO,NO,NO,NO,NO,NO,NO,NO,SI
1361,1,3005,931,931,NO,NO,NO,NO,NO,NO,NO,NO,NO,NO,NO,NO,NO,SI
1362,1,3005,940,940,NO,SI,NO,NO,NO,SI,NO,NO,NO,NO,NO,NO,NO,SI
1363,1,3036,805,805,SI,NO,NO,NO,NO,NO,NO,NO,NO,NO,NO,NO,NO,NO
1364,1,3043,716,716,SI,NO,NO,NO,NO,NO,NO,NO,NO,NO,NO,NO,NO,SI
1365,1,3007,706,706,NO,NO,NO,NO,NO,NO,NO,NO,NO,NO,NO,NO,NO,SI
1366,1,3036,718,718,SI,NO,NO,NO,NO,NO,NO,NO,NO,NO,NO,NO,NO,SI
1367,1,3001,928,928,NO,NO,NO,NO,NO,NO,NO,NO,NO,NO,NO,NO,NO,NO
1368,1,3046,927,927,NO,SI,NO,NO,NO,NO,NO,NO,NO,NO,NO,NO,NO,NO
1369,1,3036,760,760,SI,NO,NO,NO,NO,NO,NO,NO,NO,NO,NO,NO,NO,NO
1370,1,3013,704,704,NO,SI,NO,NO,NO,NO,NO,NO,NO,NO,NO,NO,NO,SI
1371,1,3007,738,738,NO,SI,NO,NO,NO,NO,NO,NO,NO,NO,NO,NO,NO,SI
1372,1,3005,907,907,SI,NO,NO,NO,NO,NO,NO,NO,NO,NO,NO,NO,NO,SI
1373,1,3001,922,922,SI,NO,NO,NO,NO,SI,NO,NO,NO,NO,NO,NO,NO,SI
1374,1,3008,959,959,NO,NO,SI,NO,SI,NO,NO,NO,NO,NO,NO,NO,NO,SI
1375,1,3005,1000,1000,NO,SI,NO,SI,NO,NO,NO,NO,NO,NO,NO,NO,NO,SI
1376,1,3031,797,797,NO,NO,NO,NO,SI,NO,NO,NO,NO,NO,NO,NO,NO,SI
1377,1,3034,948,948,SI,NO,NO,NO,NO,NO,NO,NO,NO,NO,NO,NO,NO,SI
1378,1,3026,720,720,SI,NO,NO,NO,NO,NO,NO,NO,SI,NO,NO,SI,NO,SI
1379,1,3041,896,896,SI,NO,NO,NO,NO,NO,NO,NO,NO,NO,NO,NO,NO,NO
1380,1,3005,940,940,NO,SI,NO,NO,NO,NO,NO,NO,NO,NO,NO,NO,NO,SI
1381,1,3049,938,938,SI,NO,NO,NO,NO,NO,NO,NO,NO,NO,NO,NO,NO,SI
1382,1,3049,957,957,NO,SI,NO,NO,NO,NO,NO,NO,NO,NO,NO,NO,NO,SI
1383,1,3008,921,921,SI,SI,NO,SI,NO,NO,NO,NO,NO,NO,NO,NO,NO,SI
1384,1,3008,977,977,SI,SI,SI,NO,NO,NO,NO,NO,NO,NO,NO,NO,NO,NO
1385,1,3005,934,934,SI,NO,NO,NO,NO,NO,NO,NO,NO,NO,NO,NO,NO,SI
1386,1,3034,957,957,NO,NO,NO,NO,SI,NO,NO,NO,NO,NO,NO,NO,NO,SI
1387,1,3033,675,675,SI,NO,NO,NO,NO,NO,SI,NO,NO,NO,NO,SI,NO,SI
1388,1,3026,628,628,SI,NO,NO,SI,NO,NO,NO,NO,NO,NO,NO,NO,NO,NO
1389,1,3005,957,957,NO,NO,NO,NO,NO,NO,NO,NO,NO,NO,NO,NO,NO,NO
1390,1,3046,954,954,NO,NO,NO,NO,NO,NO,NO,NO,NO,NO,NO,SI,NO,SI
1391,1,3049,918,918,SI,NO,NO,NO,NO,NO,NO,NO,NO,NO,NO,NO,NO,SI
1392,1,3045,956,956,NO,SI,NO,NO,NO,NO,NO,NO,NO,NO,NO,NO,NO,SI
1393,1,3025,882,882,SI,NO,NO,NO,NO,SI,NO,NO,NO,NO,NO,NO,NO,SI
1394,1,3046,913,913,SI,SI,NO,NO,NO,NO,NO,NO,NO,NO,NO,NO,NO,SI
1395,1,3046,961,961,SI,NO,NO,NO,NO,NO,NO,NO,NO,NO,NO,NO,NO,NO
1396,1,3046,954,954,NO,SI,NO,NO,NO,NO,NO,NO,NO,NO,NO,SI,NO,NO
1397,1,3016,632,632,NO,NO,NO,NO,NO,NO,NO,NO,NO,NO,NO,SI,NO,SI
1398,1,3033,702,702,SI,NO,NO,NO,NO,NO,NO,NO,NO,NO,NO,NO,NO,NO
1399,1,3005,879,879,NO,NO,NO,NO,NO,NO,NO,NO,NO,NO,NO,NO,NO,NO
1400,1,3035,751,751,NO,NO,NO,NO,NO,NO,NO,NO,NO,NO,NO,NO,NO,SI
1401,1,3035,873,873,SI,NO,NO,NO,NO,NO,NO,NO,NO,NO,NO,NO,NO,SI
1402,1,3011,873,873,NO,NO,NO,NO,NO,NO,NO,NO,NO,NO,NO,NO,NO,NO
1403,1,3046,942,942,SI,NO,NO,NO,NO,NO,NO,NO,NO,NO,NO,NO,NO,NO
1404,1,3008,966,966,SI,NO,NO,NO,NO,NO,NO,NO,NO,NO,NO,NO,NO,SI
1405,1,3049,947,947,NO,NO,NO,NO,NO,NO,NO,NO,NO,NO,NO,SI,NO,SI
1406,1,3045,925,925,NO,NO,NO,NO,NO,NO,NO,NO,NO,NO,NO,SI,NO,SI
1407,1,3034,965,965,NO,NO,NO,NO,NO,NO,NO,NO,NO,NO,NO,NO,NO,SI
1408,1,3038,780,780,NO,SI,NO,NO,NO,NO,NO,NO,NO,NO,NO,NO,NO,SI
1409,1,3046,938,938,NO,NO,NO,NO,NO,NO,NO,NO,NO,NO,NO,SI,NO,SI
1410,1,3051,686,686,NO,SI,NO,NO,NO,NO,NO,NO,NO,NO,NO,NO,NO,SI
1411,1,3022,766,766,NO,NO,NO,NO,NO,NO,NO,NO,NO,NO,NO,NO,NO,NO
1412,1,3008,923,923,SI,SI,NO,NO,NO,NO,NO,NO,NO,NO,NO,NO,NO,SI
1413,1,3046,945,945,SI,NO,NO,NO,NO,NO,NO,NO,NO,NO,NO,NO,NO,NO
1414,1,3008,955,955,NO,NO,NO,NO,NO,NO,NO,NO,NO,NO,NO,NO,NO,SI
1415,1,3032,829,829,NO,NO,NO,NO,NO,NO,NO,NO,NO,NO,NO,NO,NO,NO
1416,1,3020,765,765,SI,NO,NO,NO,NO,NO,NO,NO,NO,NO,NO,SI,NO,SI
1417,1,3045,930,930,NO,NO,NO,NO,NO,NO,NO,NO,NO,NO,NO,NO,NO,SI
1418,1,3045,979,979,NO,NO,NO,NO,NO,NO,NO,NO,NO,NO,NO,NO,NO,NO
1419,1,3046,946,946,SI,NO,NO,NO,NO,NO,NO,NO,NO,NO,NO,NO,NO,SI
1420,1,3056,711,711,NO,SI,NO,NO,NO,NO,NO,NO,NO,NO,NO,NO,NO,NO
1421,1,3006,681,681,NO,NO,NO,NO,NO,NO,NO,NO,NO,NO,NO,NO,NO,SI
1422,1,3008,910,910,SI,NO,NO,NO,NO,NO,NO,NO,NO,NO,NO,NO,NO,SI
1423,1,3011,811,811,NO,NO,NO,NO,NO,NO,NO,NO,NO,NO,NO,NO,NO,SI
1424,1,3049,914,914,NO,NO,NO,NO,NO,NO,NO,NO,NO,NO,NO,NO,NO,SI
1425,1,3034,937,937,SI,NO,NO,NO,NO,NO,NO,NO,NO,NO,NO,SI,NO,SI
1426,1,3049,938,938,SI,NO,SI,NO,NO,NO,NO,NO,NO,NO,NO,NO,NO,NO
1427,1,3046,927,927,SI,NO,NO,NO,NO,NO,NO,NO,NO,NO,NO,NO,NO,SI
1428,1,3049,890,890,NO,NO,NO,NO,NO,NO,NO,NO,NO,NO,NO,NO,NO,SI
1429,1,3032,851,851,NO,NO,NO,NO,NO,NO,NO,NO,NO,NO,NO,NO,NO,SI
1430,1,3030,765,765,NO,NO,NO,NO,NO,NO,NO,NO,NO,NO,NO,NO,NO,SI
1431,1,3046,910,910,SI,NO,NO,NO,NO,NO,NO,NO,NO,NO,NO,NO,NO,NO
1432,1,3001,930,930,SI,NO,NO,NO,NO,NO,NO,NO,NO,NO,NO,NO,SI,NO
1433,1,3017,708,708,NO,NO,NO,NO,NO,NO,NO,NO,NO,SI,NO,SI,SI,SI
1434,1,3046,908,908,NO,NO,NO,NO,NO,NO,NO,NO,NO,NO,NO,NO,NO,SI
1435,1,3036,779,779,SI,NO,NO,NO,NO,NO,NO,NO,NO,NO,NO,NO,NO,NO
1436,1,3046,883,883,NO,NO,NO,NO,NO,NO,NO,NO,NO,NO,NO,NO,NO,SI
1437,1,3029,838,838,SI,SI,NO,NO,NO,NO,NO,NO,NO,NO,NO,NO,NO,SI
1438,1,3046,955,955,NO,NO,NO,SI,NO,NO,NO,NO,NO,NO,NO,NO,NO,SI
1439,1,3008,930,930,SI,NO,NO,NO,NO,NO,NO,NO,NO,NO,NO,NO,NO,SI
1440,1,3009,814,814,NO,NO,NO,SI,NO,NO,NO,NO,NO,NO,NO,NO,NO,NO
1441,1,3005,978,978,SI,SI,NO,NO,NO,NO,NO,NO,NO,NO,NO,NO,NO,NO
1442,1,3001,921,921,SI,NO,NO,NO,NO,NO,NO,NO,NO,NO,NO,NO,NO,NO
1443,1,3054,1000,1000,NO,NO,NO,NO,NO,NO,NO,NO,NO,NO,NO,NO,NO,SI
1444,1,3051,648,648,NO,NO,NO,NO,NO,NO,NO,NO,NO,NO,NO,NO,NO,SI
1445,1,3056,621,621,NO,NO,NO,NO,NO,NO,NO,NO,NO,NO,NO,NO,NO,SI
1446,1,3023,885,885,SI,NO,NO,NO,NO,NO,NO,NO,NO,NO,NO,NO,NO,SI
1447,1,3049,922,922,NO,NO,NO,SI,NO,NO,NO,NO,NO,NO,NO,NO,NO,SI
1448,1,3030,840,840,NO,SI,NO,NO,SI,NO,NO,NO,NO,NO,NO,NO,NO,SI
1449,1,3005,908,908,NO,SI,NO,NO,NO,NO,NO,NO,NO,NO,NO,NO,NO,NO
1450,1,3028,757,757,NO,SI,NO,NO,NO,NO,NO,NO,NO,NO,NO,NO,NO,SI
1451,1,3005,910,910,SI,NO,NO,NO,NO,NO,NO,NO,NO,NO,NO,NO,NO,SI
1452,1,3001,969,969,NO,NO,NO,SI,NO,NO,NO,NO,NO,NO,NO,NO,NO,SI
1453,1,3010,819,819,NO,NO,NO,NO,NO,NO,NO,NO,NO,NO,NO,NO,NO,SI
1454,1,3009,805,805,SI,NO,NO,NO,NO,SI,NO,NO,NO,NO,NO,NO,NO,SI
1455,1,3034,918,918,SI,SI,NO,NO,NO,NO,NO,SI,NO,NO,NO,NO,NO,NO
1456,1,3045,929,929,NO,NO,NO,SI,NO,NO,NO,NO,NO,NO,NO,NO,NO,SI
1457,1,3034,939,939,NO,NO,NO,NO,NO,NO,NO,NO,NO,NO,NO,NO,NO,SI
1458,1,3022,742,742,SI,NO,NO,SI,NO,NO,NO,NO,NO,NO,NO,NO,NO,SI
1459,1,3046,870,870,SI,SI,NO,NO,NO,NO,NO,NO,NO,NO,NO,NO,NO,SI
1460,1,3017,784,784,SI,NO,NO,NO,NO,NO,NO,NO,NO,NO,NO,NO,NO,SI
1461,1,3008,950,950,NO,SI,NO,NO,NO,NO,NO,NO,NO,NO,NO,NO,NO,SI
1462,1,3005,910,910,NO,NO,NO,NO,NO,NO,NO,NO,NO,NO,NO,NO,NO,SI
1463,1,3050,846,846,NO,NO,NO,NO,NO,NO,NO,NO,NO,NO,NO,NO,NO,NO
1464,1,3046,903,903,NO,SI,NO,NO,NO,NO,NO,NO,NO,NO,NO,NO,NO,SI
1465,1,3056,889,889,NO,NO,NO,SI,NO,NO,NO,NO,NO,NO,NO,NO,NO,SI
1466,1,3041,902,902,SI,NO,NO,NO,NO,NO,NO,NO,NO,NO,NO,NO,NO,SI
1467,1,3049,929,929,NO,NO,NO,SI,NO,NO,NO,NO,NO,NO,NO,NO,NO,NO
1468,1,3042,827,827,NO,NO,NO,NO,NO,NO,NO,NO,NO,NO,NO,NO,NO,SI
1469,1,3005,928,928,NO,NO,NO,NO,NO,NO,NO,NO,NO,NO,NO,NO,NO,SI
1470,1,3049,1000,1000,NO,SI,NO,NO,NO,NO,SI,NO,NO,NO,NO,NO,NO,NO
1471,1,3046,994,994,SI,NO,NO,NO,NO,NO,NO,NO,NO,NO,NO,NO,NO,SI
1472,1,3001,927,927,SI,NO,NO,NO,NO,NO,NO,NO,NO,NO,NO,NO,NO,SI
1473,1,3046,901,901,NO,NO,NO,NO,NO,NO,NO,NO,NO,NO,NO,NO,NO,SI
1474,1,3005,937,937,NO,SI,NO,NO,NO,NO,NO,NO,NO,NO,NO,NO,NO,SI
1475,1,3046,936,936,NO,NO,NO,NO,NO,SI,NO,NO,NO,NO,NO,NO,NO,SI
1476,1,3037,689,689,NO,NO,NO,NO,NO,NO,NO,NO,NO,NO,NO,SI,NO,NO
1477,1,3034,937,937,SI,NO,NO,NO,NO,NO,NO,NO,NO,NO,NO,NO,NO,SI
1478,1,3049,974,974,NO,SI,NO,NO,NO,NO,NO,NO,NO,NO,NO,NO,NO,SI
1479,1,3005,892,892,SI,SI,NO,NO,NO,NO,NO,NO,NO,NO,NO,SI,NO,SI
1480,1,3015,822,822,SI,SI,NO,NO,NO,NO,NO,NO,NO,NO,NO,NO,NO,NO
1481,1,3040,775,775,NO,SI,NO,NO,NO,NO,NO,NO,NO,NO,NO,NO,NO,SI
1482,1,3055,848,848,SI,NO,NO,NO,NO,NO,NO,NO,NO,NO,NO,SI,NO,SI
1483,1,3039,610,610,SI,NO,NO,NO,NO,NO,NO,NO,NO,NO,NO,NO,NO,NO
1484,1,3008,944,944,SI,SI,NO,NO,NO,NO,NO,NO,NO,NO,NO,NO,NO,SI
1485,1,3046,938,938,SI,NO,NO,NO,NO,SI,NO,NO,NO,NO,NO,NO,NO,SI
1486,1,3044,720,720,SI,NO,NO,NO,NO,NO,NO,NO,NO,NO,NO,NO,NO,SI
1487,1,3005,903,903,NO,NO,NO,NO,NO,NO,NO,NO,NO,NO,NO,NO,NO,SI
1488,1,3010,866,866,NO,NO,NO,NO,NO,NO,NO,NO,NO,NO,NO,NO,NO,SI
1489,1,3001,873,873,SI,SI,NO,NO,NO,NO,NO,NO,NO,NO,NO,NO,NO,SI
1490,1,3008,897,897,SI,SI,NO,NO,NO,NO,NO,NO,NO,NO,NO,NO,NO,SI
1491,1,3034,935,935,SI,NO,NO,NO,NO,NO,NO,NO,NO,NO,NO,NO,NO,SI
1492,1,3042,876,876,SI,NO,NO,NO,NO,NO,NO,NO,NO,NO,NO,NO,NO,SI
1493,1,3037,657,657,NO,NO,NO,NO,NO,NO,NO,NO,NO,NO,NO,SI,NO,SI
1494,1,3034,859,859,NO,NO,NO,NO,NO,NO,NO,NO,NO,NO,NO,SI,NO,SI
1495,1,3055,726,726,NO,NO,NO,NO,NO,NO,NO,NO,NO,NO,NO,NO,NO,SI
1496,1,3014,920,920,NO,NO,NO,NO,NO,NO,NO,NO,NO,NO,NO,NO,NO,SI
1497,1,3001,945,945,NO,NO,NO,NO,NO,NO,NO,NO,NO,NO,NO,NO,NO,SI
1498,1,3006,838,838,SI,NO,NO,NO,NO,NO,NO,NO,NO,NO,NO,NO,NO,NO
1499,1,3034,926,926,NO,NO,NO,NO,NO,NO,NO,NO,NO,NO,NO,NO,NO,NO
1500,1,3045,918,918,SI,NO,NO,NO,NO,NO,NO,NO,NO,NO,NO,NO,NO,SI
1501,1,3049,908,908,NO,SI,NO,NO,NO,NO,NO,NO,NO,NO,NO,NO,NO,SI
1502,1,3001,928,928,NO,NO,NO,NO,NO,NO,NO,NO,NO,NO,NO,NO,NO,NO
1503,1,3001,919,919,SI,NO,NO,NO,NO,NO,NO,NO,NO,NO,NO,NO,NO,SI
1504,1,3005,928,928,NO,NO,NO,SI,NO,SI,NO,NO,NO,NO,NO,NO,NO,SI
1505,1,3046,873,873,NO,NO,SI,NO,NO,NO,NO,NO,NO,NO,NO,NO,NO,SI
1506,1,3008,982,982,SI,NO,SI,NO,NO,NO,NO,NO,NO,NO,NO,NO,NO,SI
1507,1,3005,897,897,SI,NO,NO,NO,NO,SI,NO,NO,NO,NO,NO,SI,NO,SI
1508,1,3049,957,957,SI,NO,NO,NO,SI,NO,NO,NO,NO,NO,NO,NO,NO,SI
1509,1,3040,630,630,NO,SI,NO,NO,NO,NO,NO,NO,NO,NO,NO,NO,NO,SI
1510,1,3047,910,910,NO,SI,NO,NO,NO,NO,NO,NO,NO,NO,NO,NO,NO,NO
1511,1,3008,898,898,NO,NO,NO,NO,SI,SI,NO,NO,NO,NO,NO,SI,NO,SI
1512,1,3051,861,861,NO,SI,NO,SI,NO,SI,NO,NO,NO,NO,NO,NO,NO,SI
1513,1,3023,787,787,SI,NO,NO,NO,NO,NO,NO,NO,NO,NO,NO,NO,NO,SI
1514,1,3047,715,715,NO,NO,NO,NO,NO,NO,NO,NO,NO,NO,NO,SI,NO,SI
1515,1,3049,927,927,SI,SI,NO,NO,NO,NO,NO,NO,NO,NO,NO,SI,NO,SI
1516,1,3046,936,936,NO,SI,NO,NO,NO,NO,NO,NO,NO,NO,NO,NO,NO,SI
1517,1,3008,902,902,NO,NO,NO,NO,NO,NO,NO,NO,NO,NO,NO,NO,NO,SI
1518,1,3052,762,762,SI,SI,NO,NO,NO,NO,NO,NO,NO,NO,NO,SI,NO,SI
1519,1,3020,744,744,NO,NO,NO,NO,NO,SI,NO,NO,NO,NO,NO,NO,NO,SI
1520,1,3049,943,943,SI,NO,NO,NO,NO,NO,NO,NO,NO,NO,NO,NO,NO,SI
1521,1,3045,952,952,SI,NO,NO,NO,NO,NO,NO,NO,NO,NO,NO,NO,NO,SI
1522,1,3014,774,774,SI,NO,NO,NO,NO,NO,NO,NO,NO,NO,NO,NO,NO,SI
1523,1,3045,935,935,NO,NO,NO,SI,NO,NO,NO,NO,NO,NO,NO,SI,NO,SI
1524,1,3001,967,967,SI,NO,NO,NO,NO,NO,NO,NO,NO,NO,NO,NO,NO,NO
1525,1,3017,992,992,NO,NO,NO,SI,NO,NO,NO,NO,NO,NO,NO,NO,NO,SI
1526,1,3032,813,813,NO,NO,NO,NO,NO,NO,NO,NO,NO,NO,NO,NO,NO,SI
1527,1,3049,933,933,NO,NO,NO,SI,NO,NO,NO,NO,NO,NO,NO,NO,NO,SI
1528,1,3045,985,985,SI,NO,NO,SI,NO,NO,NO,NO,NO,NO,NO,NO,NO,SI
1529,1,3043,782,782,NO,NO,NO,NO,NO,NO,NO,NO,NO,NO,NO,NO,NO,NO
1530,1,3044,911,911,NO,NO,NO,NO,NO,NO,NO,SI,NO,NO,NO,NO,NO,SI
1531,1,3024,799,799,NO,NO,NO,NO,NO,NO,NO,NO,NO,NO,NO,NO,NO,NO
1532,1,3045,927,927,NO,NO,NO,NO,NO,NO,NO,NO,NO,NO,NO,NO,SI,SI
1533,1,3041,743,743,NO,SI,NO,NO,NO,NO,NO,NO,NO,NO,NO,NO,NO,SI
1534,1,3045,932,932,NO,NO,NO,NO,NO,NO,NO,NO,NO,NO,NO,NO,NO,SI
1535,1,3014,737,737,NO,NO,NO,NO,NO,NO,NO,NO,NO,NO,NO,NO,NO,NO
1536,1,3049,912,912,SI,NO,NO,NO,SI,NO,NO,NO,NO,NO,NO,NO,NO,NO
1537,1,3025,702,702,NO,NO,NO,NO,NO,NO,NO,NO,NO,NO,NO,NO,NO,NO
1538,1,3041,854,854,NO,SI,NO,NO,NO,NO,NO,NO,NO,NO,NO,SI,NO,SI
1539,1,3037,790,790,SI,NO,NO,NO,NO,SI,NO,NO,NO,NO,NO,NO,NO,SI
1540,1,3026,676,676,SI,NO,NO,NO,SI,NO,NO,NO,NO,NO,NO,NO,NO,SI
1541,1,3005,947,947,SI,SI,NO,SI,NO,NO,NO,NO,NO,NO,NO,NO,NO,NO
1542,1,3008,946,946,NO,SI,NO,NO,NO,NO,NO,NO,NO,NO,NO,NO,NO,NO
1543,1,3035,875,875,NO,NO,NO,NO,NO,NO,NO,NO,NO,NO,NO,NO,NO,SI
1544,1,3032,762,762,NO,NO,NO,NO,NO,NO,NO,NO,NO,NO,NO,NO,NO,SI
1545,1,3033,628,628,NO,NO,NO,NO,NO,NO,NO,NO,NO,NO,NO,NO,NO,SI
1546,1,3029,742,742,NO,NO,SI,SI,NO,NO,NO,NO,NO,NO,NO,NO,NO,SI
1547,1,3020,741,741,NO,NO,NO,SI,NO,NO,NO,NO,NO,NO,NO,NO,NO,SI
1548,1,3046,1000,1000,SI,NO,NO,NO,SI,NO,NO,NO,NO,NO,NO,NO,NO,SI
1549,1,3029,650,650,SI,NO,NO,NO,NO,NO,NO,NO,NO,NO,NO,NO,NO,NO
1550,1,3053,813,813,NO,NO,NO,NO,NO,NO,NO,NO,NO,NO,NO,NO,NO,SI
1551,1,3005,913,913,NO,NO,NO,NO,NO,NO,NO,NO,NO,NO,NO,NO,NO,SI
1552,1,3020,780,780,SI,SI,NO,NO,NO,NO,NO,NO,NO,NO,NO,NO,NO,NO
1553,1,3045,903,903,SI,NO,NO,NO,NO,NO,NO,NO,NO,NO,NO,NO,NO,SI
1554,1,3005,959,959,NO,NO,NO,NO,NO,SI,NO,NO,NO,NO,NO,NO,NO,SI
1555,1,3034,939,939,NO,NO,NO,NO,NO,NO,NO,NO,NO,NO,NO,NO,NO,NO
1556,1,3025,753,753,NO,SI,NO,NO,NO,NO,NO,NO,NO,NO,NO,NO,NO,SI
1557,1,3054,613,613,NO,NO,NO,NO,NO,NO,NO,NO,NO,NO,NO,NO,NO,SI
1558,1,3025,934,934,SI,NO,NO,NO,NO,NO,NO,NO,NO,NO,NO,NO,NO,SI
1559,1,3001,893,893,NO,NO,NO,NO,NO,NO,NO,NO,NO,NO,NO,NO,NO,SI
1560,1,3045,919,919,NO,NO,NO,NO,NO,NO,NO,NO,NO,NO,NO,SI,NO,SI
1561,1,3018,954,954,NO,NO,NO,NO,NO,NO,NO,NO,NO,NO,NO,NO,NO,SI
1562,1,3003,781,781,NO,NO,NO,NO,NO,NO,NO,NO,NO,NO,NO,NO,NO,SI
1563,1,3002,648,648,NO,NO,NO,SI,NO,NO,NO,NO,NO,NO,NO,NO,NO,SI
1564,1,3048,627,627,SI,NO,NO,NO,SI,SI,NO,NO,NO,NO,NO,NO,NO,NO
1565,1,3014,747,747,NO,NO,NO,NO,NO,NO,NO,NO,NO,NO,NO,NO,NO,NO
1566,1,3034,952,952,NO,NO,NO,NO,NO,NO,NO,NO,NO,NO,NO,NO,NO,NO
1567,1,3019,850,850,SI,NO,NO,SI,NO,SI,NO,NO,NO,NO,NO,NO,NO,SI
1568,1,3034,942,942,NO,SI,NO,NO,SI,NO,NO,NO,NO,NO,NO,NO,NO,SI
1569,1,3023,600,600,SI,NO,NO,NO,NO,NO,NO,NO,NO,NO,NO,NO,NO,SI
1570,1,3030,825,825,NO,NO,NO,NO,NO,NO,NO,NO,NO,NO,NO,SI,NO,SI
1571,1,3022,836,836,NO,NO,NO,NO,NO,NO,NO,NO,NO,NO,NO,NO,NO,SI
1572,1,3046,945,945,SI,NO,NO,NO,NO,NO,NO,NO,NO,NO,NO,NO,NO,SI
1573,1,3046,946,946,NO,NO,NO,NO,SI,NO,NO,NO,NO,NO,NO,NO,NO,SI
1574,1,3026,875,875,SI,NO,NO,NO,NO,NO,NO,NO,NO,NO,NO,NO,NO,SI
1575,1,3031,820,820,NO,NO,NO,NO,NO,NO,NO,NO,NO,NO,NO,NO,NO,SI
1576,1,3049,889,889,SI,NO,NO,NO,NO,NO,NO,NO,NO,NO,NO,NO,NO,NO
1577,1,3041,888,888,NO,SI,NO,SI,NO,NO,NO,NO,NO,NO,NO,NO,NO,SI
1578,1,3001,908,908,NO,NO,NO,NO,NO,NO,NO,NO,NO,NO,NO,NO,NO,NO
1579,1,3005,904,904,NO,NO,NO,NO,NO,NO,NO,NO,NO,NO,NO,NO,NO,SI
1580,1,3019,803,803,NO,NO,NO,NO,NO,NO,NO,NO,NO,NO,NO,SI,NO,SI
1581,1,3008,875,875,NO,NO,NO,NO,SI,NO,NO,NO,NO,NO,NO,NO,NO,SI
1582,1,3032,895,895,SI,NO,NO,NO,NO,NO,NO,NO,NO,NO,NO,NO,NO,SI
1583,1,3005,920,920,NO,SI,NO,NO,NO,NO,NO,NO,NO,NO,NO,NO,NO,NO
1584,1,3046,877,877,SI,SI,NO,NO,SI,SI,NO,NO,NO,NO,NO,NO,NO,SI
1585,1,3009,797,797,NO,NO,NO,NO,NO,NO,NO,NO,NO,NO,NO,NO,SI,SI
1586,1,3008,892,892,NO,NO,NO,NO,NO,NO,NO,NO,NO,NO,NO,NO,NO,SI
1587,1,3026,901,901,NO,NO,NO,SI,NO,SI,NO,NO,NO,NO,NO,NO,NO,SI
1588,1,3008,960,960,NO,NO,NO,SI,NO,NO,NO,NO,NO,NO,NO,NO,NO,SI
1589,1,3005,956,956,NO,NO,NO,NO,NO,NO,NO,NO,NO,NO,NO,NO,NO,NO
1590,1,3026,806,806,NO,NO,NO,NO,NO,NO,NO,NO,NO,NO,NO,NO,NO,SI
1591,1,3029,638,638,NO,SI,NO,NO,NO,NO,NO,NO,NO,NO,NO,NO,NO,SI
1592,1,3005,934,934,SI,NO,NO,NO,NO,NO,NO,NO,NO,NO,NO,NO,NO,SI
1593,1,3012,715,715,NO,SI,NO,NO,NO,SI,NO,SI,NO,NO,NO,NO,NO,SI
1594,1,3023,892,892,NO,NO,NO,NO,NO,NO,NO,NO,NO,NO,NO,NO,NO,SI
1595,1,3045,900,900,NO,NO,NO,NO,NO,NO,NO,NO,NO,NO,NO,SI,NO,SI
1596,1,3049,919,919,NO,SI,NO,NO,NO,NO,NO,NO,NO,NO,NO,NO,NO,SI
1597,1,3001,900,900,NO,NO,NO,NO,NO,NO,NO,NO,NO,NO,NO,NO,NO,NO
1598,1,3002,853,853,NO,NO,NO,NO,NO,NO,NO,NO,NO,NO,NO,NO,NO,SI
1599,1,3031,807,807,SI,NO,NO,NO,NO,NO,NO,NO,NO,NO,NO,NO,NO,SI
1600,1,3045,912,912,NO,SI,NO,NO,NO,NO,NO,NO,NO,NO,NO,NO,NO,SI
1601,1,3001,854,854,SI,NO,NO,NO,SI,NO,NO,NO,NO,NO,NO,NO,NO,SI
1602,1,3056,801,801,NO,SI,NO,NO,NO,NO,NO,NO,NO,NO,NO,SI,NO,SI
1603,1,3045,928,928,NO,NO,NO,SI,NO,NO,NO,NO,NO,NO,NO,NO,NO,SI
1604,1,3049,917,917,SI,SI,NO,NO,NO,NO,NO,NO,NO,NO,NO,NO,NO,SI
1605,1,3037,895,895,SI,NO,NO,NO,NO,NO,NO,NO,NO,NO,NO,NO,NO,SI
1606,1,3040,823,823,NO,NO,NO,NO,NO,NO,NO,NO,NO,NO,NO,NO,NO,NO
1607,1,3005,894,894,SI,NO,NO,NO,NO,NO,NO,NO,NO,NO,NO,NO,NO,SI
1608,1,3033,853,853,NO,NO,NO,NO,SI,NO,NO,NO,NO,NO,NO,NO,NO,SI
1609,1,3046,948,948,SI,NO,NO,NO,NO,SI,NO,NO,NO,NO,NO,NO,NO,SI
1610,1,3045,952,952,NO,NO,NO,NO,NO,SI,NO,NO,NO,NO,NO,NO,NO,NO
1611,1,3045,922,922,NO,NO,NO,NO,NO,NO,NO,NO,NO,NO,NO,NO,NO,SI
1612,1,3029,728,728,SI,NO,NO,NO,NO,NO,NO,NO,NO,NO,NO,NO,NO,SI
1613,1,3049,945,945,SI,SI,NO,NO,NO,NO,NO,NO,NO,NO,NO,NO,NO,SI
1614,1,3033,764,764,NO,NO,NO,NO,SI,NO,NO,NO,NO,NO,NO,NO,NO,SI
1615,1,3016,830,830,SI,NO,NO,NO,NO,NO,NO,NO,NO,NO,NO,NO,NO,NO
1616,1,3003,721,721,NO,NO,NO,NO,NO,NO,NO,NO,NO,NO,NO,NO,SI,NO
1617,1,3039,805,805,SI,NO,NO,NO,NO,NO,NO,NO,NO,NO,NO,SI,NO,SI
1618,1,3049,914,914,SI,SI,NO,NO,NO,NO,NO,NO,NO,NO,NO,NO,NO,SI
1619,1,3005,924,924,NO,NO,NO,NO,NO,NO,NO,NO,NO,NO,NO,NO,NO,SI
1620,1,3005,896,896,NO,SI,NO,NO,NO,NO,NO,NO,NO,NO,NO,SI,NO,SI
1621,1,3053,788,788,NO,NO,NO,NO,NO,NO,NO,NO,NO,NO,NO,NO,NO,SI
1622,1,3002,636,636,SI,NO,NO,SI,NO,NO,NO,NO,NO,NO,SI,NO,NO,SI
1623,1,3001,910,910,NO,NO,NO,NO,NO,NO,NO,NO,NO,NO,NO,NO,NO,SI
1624,1,3034,963,963,NO,NO,NO,NO,NO,NO,NO,NO,NO,NO,NO,SI,NO,SI
1625,1,3049,952,952,NO,SI,NO,NO,NO,NO,NO,NO,NO,NO,NO,NO,NO,SI
1626,1,3049,913,913,NO,NO,NO,NO,NO,NO,NO,NO,NO,NO,NO,NO,NO,SI
1627,1,3030,753,753,NO,NO,NO,NO,NO,NO,NO,NO,NO,NO,NO,NO,NO,NO
1628,1,3045,884,884,NO,NO,NO,NO,NO,NO,NO,NO,NO,NO,NO,NO,NO,SI
1629,1,3034,911,911,NO,NO,NO,NO,NO,NO,NO,NO,NO,NO,NO,NO,NO,SI
1630,1,3034,901,901,SI,NO,NO,NO,NO,NO,NO,NO,NO,NO,NO,NO,NO,SI
1631,1,3049,903,903,SI,NO,NO,NO,NO,NO,NO,NO,NO,NO,NO,NO,NO,SI
1632,1,3044,790,790,NO,NO,NO,NO,NO,NO,NO,NO,NO,NO,NO,NO,NO,SI
1633,1,3046,870,870,SI,NO,NO,SI,NO,NO,NO,NO,NO,NO,NO,NO,NO,SI
1634,1,3011,725,725,NO,NO,NO,SI,NO,NO,NO,NO,NO,NO,NO,NO,NO,SI
1635,1,3007,651,651,NO,NO,NO,NO,NO,NO,NO,NO,NO,NO,NO,NO,NO,SI
1636,1,3049,975,975,NO,SI,NO,SI,NO,NO,NO,NO,NO,NO,NO,SI,NO,SI
1637,1,3036,802,802,SI,NO,NO,NO,SI,NO,NO,NO,NO,NO,NO,NO,NO,NO
1638,1,3042,793,793,NO,NO,NO,NO,NO,NO,NO,NO,NO,NO,NO,SI,NO,SI
1639,1,3039,925,925,SI,SI,NO,NO,NO,NO,NO,NO,NO,NO,NO,NO,NO,SI
1640,1,3049,944,944,NO,NO,NO,NO,NO,NO,NO,NO,NO,NO,NO,NO,NO,SI
1641,1,3008,952,952,SI,SI,NO,NO,NO,NO,NO,NO,NO,NO,NO,NO,NO,NO
1642,1,3054,736,736,SI,NO,NO,NO,NO,SI,NO,NO,NO,NO,SI,NO,NO,SI
1643,1,3049,936,936,SI,NO,NO,NO,NO,NO,NO,NO,NO,NO,NO,NO,NO,NO
1644,1,3008,956,956,NO,NO,NO,NO,NO,NO,NO,NO,NO,NO,NO,NO,NO,SI
1645,1,3008,889,889,SI,NO,NO,NO,NO,NO,NO,NO,NO,NO,NO,NO,NO,SI
1646,1,3014,865,865,NO,NO,NO,SI,NO,NO,NO,NO,NO,NO,NO,NO,NO,SI
1647,1,3034,897,897,NO,NO,NO,NO,NO,NO,NO,NO,NO,NO,NO,NO,NO,SI
1648,1,3017,672,672,SI,NO,NO,NO,NO,NO,NO,NO,NO,NO,NO,NO,NO,SI
1649,1,3028,742,742,SI,NO,NO,NO,NO,NO,NO,NO,SI,NO,NO,NO,NO,SI
1650,1,3019,790,790,NO,NO,NO,NO,NO,NO,NO,NO,NO,NO,NO,SI,NO,SI
1651,1,3004,852,852,NO,NO,NO,NO,NO,NO,NO,NO,NO,NO,NO,NO,NO,SI
1652,1,3010,648,648,SI,SI,NO,NO,NO,NO,NO,NO,NO,NO,NO,NO,NO,SI
1653,1,3005,921,921,NO,NO,NO,NO,NO,NO,NO,NO,NO,NO,NO,NO,NO,SI
1654,1,3001,939,939,NO,NO,NO,NO,NO,NO,NO,NO,NO,NO,NO,NO,NO,SI
1655,1,3056,773,773,SI,NO,NO,NO,NO,NO,NO,NO,NO,NO,NO,NO,NO,SI
1656,1,3045,891,891,SI,NO,NO,NO,NO,NO,NO,NO,NO,NO,NO,NO,NO,SI
1657,1,3048,874,874,SI,NO,NO,NO,NO,NO,NO,NO,NO,NO,NO,NO,NO,SI
1658,1,3046,991,991,NO,SI,NO,NO,NO,NO,NO,NO,NO,NO,NO,NO,NO,NO
1659,1,3049,940,940,NO,NO,NO,NO,NO,NO,NO,NO,NO,NO,NO,NO,NO,SI
1660,1,3014,797,797,NO,NO,NO,NO,NO,NO,NO,NO,NO,NO,NO,NO,NO,SI
1661,1,3015,830,830,NO,SI,NO,NO,NO,NO,NO,NO,NO,NO,NO,SI,NO,SI
1662,1,3005,877,877,SI,NO,NO,NO,NO,NO,NO,NO,NO,NO,NO,NO,NO,SI
1663,1,3042,883,883,NO,NO,NO,SI,NO,NO,NO,NO,NO,NO,NO,NO,NO,SI
1664,1,3046,983,983,SI,NO,NO,NO,NO,NO,NO,NO,NO,NO,NO,NO,NO,SI
1665,1,3046,982,982,SI,NO,NO,NO,NO,NO,NO,NO,NO,SI,NO,NO,NO,SI
1666,1,3049,906,906,SI,NO,NO,NO,NO,NO,NO,NO,NO,NO,NO,NO,NO,SI
1667,1,3034,925,925,NO,NO,NO,SI,NO,NO,NO,NO,NO,NO,NO,NO,NO,SI
1668,1,3008,932,932,NO,SI,NO,NO,NO,NO,NO,NO,NO,NO,NO,NO,NO,SI
1669,1,3045,937,937,NO,NO,NO,NO,NO,NO,NO,NO,NO,NO,NO,NO,NO,NO
1670,1,3024,835,835,SI,NO,NO,NO,NO,NO,NO,NO,NO,NO,NO,NO,NO,SI
1671,1,3012,739,739,SI,NO,NO,NO,NO,NO,NO,NO,NO,NO,NO,NO,NO,SI
1672,1,3055,806,806,SI,NO,NO,NO,NO,NO,NO,NO,NO,NO,NO,NO,NO,SI
1673,1,3045,928,928,NO,NO,NO,NO,NO,NO,NO,NO,NO,NO,NO,NO,NO,SI
1674,1,3005,921,921,NO,NO,NO,NO,NO,NO,NO,NO,NO,NO,NO,SI,NO,SI
1675,1,3053,819,819,NO,SI,NO,NO,NO,NO,NO,NO,NO,NO,NO,NO,NO,SI
1676,1,3046,929,929,SI,NO,NO,NO,NO,NO,NO,NO,NO,NO,NO,NO,NO,SI
1677,1,3049,960,960,SI,NO,NO,NO,NO,NO,NO,NO,NO,NO,NO,NO,NO,SI
1678,1,3034,892,892,NO,NO,NO,NO,NO,NO,NO,NO,NO,NO,NO,NO,NO,SI
1679,1,3045,941,941,SI,SI,NO,SI,NO,NO,NO,NO,NO,NO,NO,NO,NO,SI
1680,1,3034,893,893,NO,NO,NO,NO,NO,NO,NO,NO,NO,NO,NO,NO,NO,SI
1681,1,3045,911,911,SI,SI,NO,NO,NO,NO,NO,NO,NO,NO,NO,NO,NO,SI
1682,1,3055,778,778,NO,NO,NO,NO,NO,NO,NO,NO,NO,NO,NO,NO,NO,SI
1683,1,3034,915,915,SI,NO,NO,NO,NO,NO,NO,NO,NO,NO,NO,NO,NO,SI
1684,1,3001,1000,1000,NO,NO,NO,NO,NO,NO,NO,NO,NO,NO,NO,NO,NO,SI
1685,1,3003,758,758,NO,NO,NO,NO,NO,NO,NO,NO,NO,NO,NO,NO,NO,SI
1686,1,3045,936,936,NO,SI,NO,NO,SI,NO,NO,NO,NO,NO,NO,NO,NO,NO
1687,1,3005,927,927,NO,SI,NO,NO,NO,NO,NO,NO,NO,NO,NO,NO,NO,SI
1688,1,3049,972,972,NO,SI,NO,NO,NO,NO,NO,NO,NO,NO,NO,NO,NO,SI
1689,1,3046,998,998,NO,NO,NO,NO,NO,NO,NO,NO,NO,NO,NO,NO,NO,SI
1690,1,3052,848,848,NO,NO,NO,NO,NO,NO,NO,NO,NO,NO,NO,NO,NO,SI
1691,1,3005,910,910,SI,NO,NO,SI,NO,NO,NO,NO,NO,NO,NO,NO,NO,NO
1692,1,3015,683,683,SI,NO,NO,NO,NO,NO,NO,NO,NO,NO,NO,NO,NO,NO
1693,1,3016,839,839,NO,NO,SI,NO,NO,NO,NO,NO,NO,NO,NO,NO,NO,SI
1694,1,3045,951,951,NO,NO,NO,NO,NO,NO,NO,NO,NO,NO,NO,NO,NO,SI
1695,1,3045,964,964,NO,NO,NO,NO,NO,NO,NO,NO,NO,NO,NO,NO,NO,SI
1696,1,3047,762,762,NO,NO,NO,NO,NO,NO,NO,NO,NO,NO,NO,NO,NO,NO
1697,1,3008,943,943,NO,NO,NO,NO,NO,NO,NO,NO,NO,NO,NO,NO,NO,SI
1698,1,3049,934,934,NO,NO,NO,NO,NO,NO,NO,NO,NO,NO,NO,NO,NO,NO
1699,1,3053,883,883,NO,NO,NO,NO,NO,NO,NO,NO,NO,NO,NO,NO,NO,SI
1700,1,3029,934,934,SI,SI,NO,NO,NO,NO,NO,NO,NO,NO,NO,NO,NO,SI
1701,1,3045,944,944,NO,NO,SI,SI,NO,NO,NO,NO,NO,NO,NO,NO,NO,SI
1702,1,3033,859,859,NO,NO,NO,SI,NO,NO,NO,NO,NO,NO,NO,NO,NO,NO
1703,1,3045,969,969,NO,NO,NO,NO,NO,NO,NO,NO,NO,NO,NO,NO,NO,SI
1704,1,3054,842,842,SI,NO,NO,NO,NO,NO,NO,NO,NO,NO,NO,NO,NO,SI
1705,1,3045,948,948,NO,SI,NO,NO,NO,NO,NO,NO,NO,NO,NO,NO,NO,SI
1706,1,3046,942,942,NO,NO,NO,NO,NO,NO,NO,NO,NO,NO,NO,NO,NO,SI
1707,1,3021,859,859,NO,NO,NO,NO,SI,NO,NO,NO,NO,NO,NO,NO,NO,SI
1708,1,3034,925,925,NO,NO,NO,NO,NO,NO,NO,NO,NO,NO,NO,NO,NO,SI
1709,1,3046,924,924,NO,SI,NO,NO,SI,NO,NO,NO,NO,NO,NO,NO,NO,SI
1710,1,3046,933,933,SI,NO,NO,NO,NO,NO,NO,NO,NO,NO,NO,NO,NO,SI
1711,1,3054,883,883,NO,NO,NO,NO,SI,NO,NO,NO,NO,NO,NO,NO,NO,SI
1712,1,3046,947,947,SI,NO,NO,NO,NO,SI,NO,NO,NO,NO,NO,NO,NO,SI
1713,1,3016,759,759,NO,SI,NO,NO,NO,NO,NO,NO,NO,NO,NO,NO,NO,SI
1714,1,3008,875,875,SI,NO,NO,NO,NO,NO,NO,NO,NO,NO,NO,NO,NO,SI
1715,1,3005,880,880,SI,NO,NO,SI,NO,NO,NO,NO,NO,NO,NO,NO,NO,SI
1716,1,3008,922,922,NO,SI,NO,NO,NO,NO,NO,NO,NO,NO,NO,NO,NO,SI
1717,1,3019,768,768,NO,NO,NO,NO,NO,NO,NO,NO,NO,NO,NO,NO,NO,SI
1718,1,3049,901,901,NO,NO,NO,NO,NO,NO,NO,NO,NO,NO,NO,NO,NO,SI
1719,1,3037,831,831,NO,SI,NO,NO,NO,NO,NO,NO,NO,NO,NO,NO,NO,SI
1720,1,3049,954,954,SI,NO,NO,NO,NO,NO,NO,NO,NO,NO,NO,NO,NO,SI
1721,1,3008,897,897,SI,NO,NO,NO,NO,NO,NO,NO,NO,NO,NO,NO,NO,SI
1722,1,3038,880,880,SI,SI,NO,NO,NO,NO,NO,NO,NO,NO,NO,SI,NO,SI
1723,1,3008,971,971,NO,NO,NO,NO,NO,NO,NO,NO,NO,NO,NO,NO,NO,SI
1724,1,3004,806,806,NO,SI,NO,NO,NO,NO,NO,NO,NO,NO,NO,NO,NO,NO
1725,1,3009,730,730,NO,SI,NO,SI,NO,SI,NO,NO,NO,NO,NO,NO,NO,SI
1726,1,3045,912,912,NO,NO,NO,NO,NO,NO,NO,NO,NO,NO,NO,NO,NO,SI
1727,1,3005,962,962,SI,NO,NO,NO,NO,NO,NO,NO,NO,NO,NO,NO,NO,NO
1728,1,3033,783,783,SI,NO,NO,NO,NO,NO,NO,NO,NO,NO,NO,NO,NO,SI
1729,1,3034,881,881,SI,NO,NO,SI,NO,SI,NO,NO,NO,NO,NO,NO,NO,SI
1730,1,3021,684,684,NO,NO,NO,NO,SI,NO,NO,NO,NO,NO,NO,NO,NO,SI
1731,1,3034,936,936,SI,SI,NO,NO,NO,NO,NO,NO,NO,NO,NO,NO,NO,SI
1732,1,3045,954,954,NO,NO,NO,NO,NO,NO,NO,NO,NO,NO,NO,NO,NO,NO
1733,1,3046,929,929,SI,NO,NO,NO,SI,SI,NO,NO,NO,NO,NO,NO,NO,SI
1734,1,3027,860,860,SI,NO,NO,SI,NO,NO,NO,NO,NO,NO,NO,NO,NO,SI
1735,1,3038,906,906,NO,NO,NO,NO,SI,NO,NO,NO,NO,NO,NO,NO,NO,NO
1736,1,3013,736,736,SI,SI,NO,NO,NO,SI,NO,NO,NO,NO,NO,NO,NO,SI
1737,1,3045,926,926,SI,NO,NO,NO,NO,NO,NO,NO,NO,NO,NO,NO,NO,SI
1738,1,3035,714,714,SI,SI,NO,NO,NO,NO,NO,NO,NO,NO,NO,NO,NO,NO
1739,1,3029,794,794,NO,NO,NO,NO,NO,NO,NO,NO,NO,NO,NO,NO,NO,NO
1740,1,3038,610,610,NO,NO,NO,NO,NO,NO,NO,NO,NO,NO,NO,NO,NO,SI
1741,1,3008,953,953,NO,NO,NO,NO,NO,NO,NO,NO,NO,NO,NO,SI,NO,SI
1742,1,3045,881,881,NO,SI,NO,NO,NO,NO,NO,NO,NO,NO,NO,SI,NO,SI
1743,1,3009,785,785,NO,NO,NO,SI,NO,NO,NO,NO,NO,NO,NO,NO,NO,SI
1744,1,3025,783,783,SI,NO,NO,NO,NO,NO,NO,NO,NO,NO,NO,NO,NO,SI
1745,1,3042,685,685,NO,NO,NO,NO,SI,NO,NO,NO,SI,NO,NO,NO,NO,SI
1746,1,3051,720,720,NO,NO,NO,SI,NO,NO,NO,NO,NO,NO,NO,NO,NO,SI
1747,1,3001,880,880,SI,SI,NO,SI,NO,NO,NO,NO,NO,NO,NO,NO,NO,NO
1748,1,3001,924,924,NO,NO,NO,SI,NO,NO,NO,NO,NO,NO,NO,NO,NO,SI
1749,1,3013,648,648,NO,SI,NO,NO,NO,NO,NO,NO,NO,NO,NO,NO,NO,SI
1750,1,3025,753,753,NO,NO,NO,NO,NO,NO,NO,NO,NO,NO,NO,NO,NO,SI
1751,1,3025,653,653,SI,NO,SI,NO,NO,NO,NO,NO,NO,NO,NO,NO,NO,NO
1752,1,3005,952,952,NO,NO,NO,NO,NO,SI,NO,NO,NO,NO,NO,NO,NO,SI
1753,1,3022,764,764,NO,NO,NO,NO,NO,NO,NO,NO,NO,NO,NO,NO,NO,SI
1754,1,3034,923,923,NO,NO,NO,NO,NO,NO,NO,NO,NO,NO,NO,NO,NO,NO
1755,1,3046,955,955,NO,SI,NO,NO,NO,NO,NO,NO,NO,NO,NO,NO,SI,SI
1756,1,3032,869,869,SI,NO,NO,NO,NO,NO,NO,NO,NO,NO,NO,NO,NO,SI
1757,1,3008,943,943,SI,NO,NO,NO,NO,NO,NO,NO,NO,NO,NO,NO,NO,SI
1758,1,3018,729,729,NO,NO,NO,NO,NO,NO,NO,NO,NO,NO,NO,NO,NO,SI
1759,1,3005,933,933,NO,SI,NO,NO,NO,NO,NO,NO,NO,NO,NO,NO,NO,NO
1760,1,3034,918,918,NO,NO,NO,NO,NO,NO,NO,NO,NO,NO,NO,NO,NO,SI
1761,1,3002,871,871,SI,SI,NO,NO,NO,NO,NO,NO,NO,NO,NO,NO,NO,NO
1762,1,3034,892,892,NO,NO,NO,NO,NO,NO,NO,NO,NO,NO,NO,NO,NO,SI
1763,1,3001,955,955,SI,NO,NO,NO,NO,NO,NO,NO,NO,NO,NO,NO,NO,SI
1764,1,3005,900,900,SI,NO,NO,SI,NO,NO,NO,NO,NO,NO,NO,NO,NO,SI
1765,1,3045,953,953,SI,NO,NO,SI,NO,NO,NO,NO,NO,NO,NO,NO,NO,SI
1766,1,3043,766,766,SI,NO,NO,NO,SI,NO,NO,NO,NO,NO,NO,NO,NO,SI
1767,1,3024,668,668,SI,NO,NO,NO,NO,NO,NO,NO,NO,NO,NO,SI,NO,SI
1768,1,3034,896,896,NO,NO,NO,NO,NO,NO,NO,NO,NO,NO,NO,NO,NO,SI
1769,1,3032,768,768,NO,NO,NO,NO,NO,NO,NO,NO,NO,NO,NO,NO,NO,SI
1770,1,3006,600,600,SI,NO,NO,NO,NO,NO,NO,NO,NO,NO,NO,NO,NO,SI
1771,1,3049,945,945,NO,NO,NO,NO,NO,NO,NO,NO,NO,NO,NO,NO,NO,SI
1772,1,3021,704,704,SI,NO,NO,NO,NO,NO,NO,NO,NO,NO,NO,NO,NO,SI
1773,1,3045,957,957,SI,NO,NO,NO,SI,NO,NO,NO,NO,NO,NO,NO,NO,NO
1774,1,3037,851,851,SI,NO,NO,NO,NO,NO,NO,NO,NO,NO,NO,NO,NO,SI
1775,1,3008,902,902,NO,NO,NO,NO,SI,NO,NO,NO,NO,NO,NO,NO,NO,SI
1776,1,3049,959,959,NO,SI,NO,NO,NO,NO,NO,NO,NO,NO,NO,NO,NO,SI
1777,1,3032,737,737,NO,NO,NO,NO,NO,NO,NO,NO,NO,NO,NO,NO,NO,SI
1778,1,3001,945,945,NO,NO,SI,SI,NO,NO,NO,NO,NO,NO,NO,NO,NO,SI
1779,1,3046,955,955,NO,SI,NO,NO,NO,NO,NO,NO,NO,NO,NO,NO,NO,NO
1780,1,3001,960,960,NO,NO,NO,NO,NO,NO,NO,NO,NO,NO,NO,NO,NO,SI
1781,1,3005,929,929,NO,SI,NO,NO,SI,NO,NO,NO,NO,NO,NO,NO,NO,NO
1782,1,3050,735,735,SI,SI,NO,NO,NO,NO,NO,NO,NO,NO,NO,SI,NO,NO
1783,1,3034,932,932,SI,NO,NO,NO,NO,NO,NO,NO,NO,NO,NO,NO,NO,SI
1784,1,3052,918,918,NO,NO,NO,NO,NO,NO,NO,NO,NO,NO,NO,NO,NO,SI
1785,1,3049,1000,1000,NO,SI,NO,NO,NO,NO,NO,NO,NO,NO,NO,NO,NO,SI
1786,1,3049,919,919,NO,NO,NO,NO,NO,NO,NO,NO,NO,NO,NO,NO,NO,SI
1787,1,3008,958,958,SI,NO,NO,NO,NO,NO,NO,NO,NO,NO,NO,NO,NO,SI
1788,1,3040,609,609,NO,SI,NO,NO,NO,NO,NO,NO,NO,NO,NO,NO,NO,SI
1789,1,3003,816,816,NO,NO,NO,NO,NO,NO,NO,NO,NO,NO,NO,NO,NO,SI
1790,1,3046,992,992,SI,NO,NO,NO,NO,NO,NO,NO,NO,NO,NO,NO,NO,SI
1791,1,3046,919,919,NO,NO,NO,NO,NO,SI,NO,NO,NO,NO,NO,NO,NO,NO
1792,1,3008,939,939,NO,NO,NO,SI,NO,SI,NO,NO,NO,NO,NO,NO,NO,SI
1793,1,3013,802,802,SI,SI,NO,NO,NO,NO,NO,NO,NO,NO,NO,NO,NO,SI
1794,1,3045,870,870,SI,SI,NO,NO,NO,NO,NO,NO,NO,NO,NO,NO,NO,SI
1795,1,3042,613,613,NO,SI,NO,NO,NO,NO,NO,NO,NO,NO,NO,NO,NO,SI
1796,1,3001,915,915,NO,NO,NO,NO,NO,NO,NO,NO,NO,NO,NO,NO,NO,SI
1797,1,3017,834,834,SI,NO,NO,NO,NO,NO,NO,NO,NO,NO,NO,NO,NO,SI
1798,1,3045,937,937,NO,NO,NO,NO,NO,NO,NO,NO,NO,NO,NO,SI,NO,SI
1799,1,3005,935,935,SI,NO,NO,NO,NO,NO,NO,NO,NO,NO,NO,NO,NO,SI
1800,1,3016,857,857,SI,SI,NO,SI,NO,NO,NO,NO,NO,NO,NO,NO,NO,SI
1801,1,3049,983,983,NO,NO,NO,NO,NO,NO,NO,NO,NO,NO,NO,NO,NO,SI
1802,1,3046,947,947,NO,SI,NO,NO,NO,NO,NO,NO,NO,NO,NO,SI,NO,SI
1803,1,3052,798,798,SI,SI,NO,NO,NO,NO,NO,NO,NO,NO,NO,NO,NO,SI
1804,1,3001,899,899,NO,NO,NO,NO,NO,NO,NO,NO,NO,NO,NO,SI,NO,NO
1805,1,3034,912,912,SI,NO,NO,NO,NO,NO,NO,NO,NO,NO,NO,SI,NO,SI
1806,1,3008,864,864,NO,NO,NO,NO,NO,NO,SI,NO,NO,NO,NO,NO,NO,SI
1807,1,3051,879,879,SI,NO,NO,NO,NO,NO,NO,NO,NO,NO,NO,NO,NO,SI
1808,1,3046,878,878,NO,NO,NO,NO,NO,NO,NO,NO,NO,NO,NO,NO,NO,SI
1809,1,3001,951,951,NO,NO,NO,NO,NO,NO,NO,NO,NO,NO,NO,NO,NO,SI
1810,1,3034,933,933,NO,SI,NO,NO,NO,NO,SI,NO,NO,NO,NO,NO,NO,SI
1811,1,3049,959,959,SI,NO,NO,NO,NO,NO,NO,NO,NO,NO,NO,NO,NO,SI
1812,1,3010,789,789,NO,NO,NO,NO,SI,NO,NO,NO,NO,NO,NO,NO,NO,NO
1813,1,3034,931,931,SI,NO,NO,NO,NO,NO,NO,NO,NO,NO,NO,NO,NO,NO
1814,1,3022,848,848,SI,NO,NO,NO,NO,NO,NO,NO,NO,NO,NO,NO,NO,NO
1815,1,3053,730,730,NO,NO,NO,NO,NO,NO,NO,NO,NO,NO,NO,NO,NO,SI
1816,1,3005,921,921,SI,NO,NO,NO,NO,NO,NO,NO,NO,NO,NO,NO,NO,NO
1817,1,3041,681,681,SI,NO,NO,SI,NO,NO,NO,NO,NO,NO,NO,SI,NO,SI
1818,1,3051,708,708,SI,NO,NO,NO,NO,SI,NO,NO,NO,NO,NO,SI,NO,NO
1819,1,3051,897,897,NO,SI,NO,NO,NO,NO,NO,NO,NO,NO,NO,NO,NO,SI
1820,1,3005,947,947,SI,NO,NO,NO,NO,NO,NO,NO,NO,NO,NO,NO,SI,SI
1821,1,3005,921,921,NO,NO,NO,NO,NO,NO,NO,NO,NO,NO,NO,NO,NO,SI
1822,1,3048,816,816,NO,SI,NO,NO,NO,NO,NO,NO,NO,NO,NO,NO,NO,SI
1823,1,3034,956,956,NO,SI,NO,NO,NO,NO,NO,NO,NO,NO,NO,NO,NO,SI
1824,1,3013,943,943,SI,NO,NO,NO,NO,NO,NO,NO,NO,NO,NO,SI,NO,SI
1825,1,3045,894,894,NO,NO,SI,NO,NO,NO,NO,NO,NO,NO,NO,NO,NO,SI
1826,1,3034,886,886,NO,NO,NO,NO,NO,NO,NO,NO,NO,NO,NO,NO,NO,SI
1827,1,3001,1000,1000,NO,SI,NO,NO,NO,NO,NO,NO,NO,NO,NO,NO,NO,SI
1828,1,3013,792,792,NO,NO,NO,NO,NO,NO,NO,NO,NO,NO,NO,NO,NO,SI
1829,1,3037,759,759,NO,NO,NO,NO,NO,NO,NO,NO,NO,NO,NO,NO,NO,SI
1830,1,3005,922,922,NO,SI,NO,NO,NO,NO,NO,NO,NO,NO,NO,SI,NO,SI
1831,1,3007,682,682,SI,NO,NO,NO,NO,NO,NO,NO,NO,NO,NO,NO,NO,SI
1832,1,3046,878,878,SI,NO,NO,NO,NO,NO,NO,NO,NO,NO,NO,NO,NO,NO
1833,1,3046,930,930,SI,SI,NO,NO,SI,NO,NO,NO,NO,NO,NO,NO,NO,SI
1834,1,3017,709,709,NO,NO,NO,NO,NO,NO,NO,NO,NO,NO,NO,NO,NO,NO
1835,1,3045,930,930,NO,NO,NO,NO,NO,NO,NO,NO,NO,NO,NO,NO,NO,SI
1836,1,3027,600,600,NO,NO,NO,NO,NO,SI,NO,NO,NO,NO,NO,NO,NO,NO
1837,1,3011,718,718,NO,NO,NO,NO,NO,NO,NO,NO,NO,NO,NO,NO,NO,SI
1838,1,3001,923,923,SI,NO,NO,NO,NO,NO,NO,NO,NO,NO,NO,NO,NO,SI
1839,1,3016,779,779,NO,SI,NO,NO,NO,NO,NO,NO,NO,NO,NO,SI,NO,SI
1840,1,3048,767,767,SI,NO,NO,NO,NO,NO,SI,NO,NO,NO,NO,NO,NO,SI
1841,1,3050,688,688,NO,NO,NO,SI,NO,NO,NO,NO,NO,NO,NO,NO,NO,SI
1842,1,3045,904,904,NO,NO,NO,NO,NO,NO,NO,NO,NO,NO,NO,NO,NO,NO
1843,1,3046,961,961,NO,NO,NO,NO,NO,NO,NO,NO,NO,NO,NO,NO,NO,NO
1844,1,3001,949,949,NO,NO,NO,NO,NO,NO,NO,NO,NO,NO,NO,NO,NO,SI
1845,1,3049,879,879,SI,NO,NO,NO,NO,NO,NO,NO,NO,NO,NO,NO,NO,SI
1846,1,3050,867,867,NO,SI,NO,NO,NO,NO,NO,NO,NO,NO,NO,NO,NO,NO
1847,1,3034,924,924,SI,NO,NO,NO,NO,NO,NO,NO,NO,NO,NO,NO,NO,SI
1848,1,3011,718,718,NO,SI,NO,NO,NO,NO,NO,NO,NO,NO,NO,NO,NO,SI
1849,1,3034,971,971,SI,NO,NO,NO,NO,NO,NO,NO,NO,NO,NO,NO,NO,SI
1850,1,3022,821,821,SI,NO,NO,NO,NO,NO,NO,NO,NO,NO,NO,NO,NO,SI
1851,1,3049,932,932,NO,NO,NO,NO,NO,SI,NO,NO,NO,NO,NO,NO,NO,SI
1852,1,3050,695,695,NO,SI,NO,NO,NO,SI,NO,NO,NO,NO,NO,NO,NO,SI
1853,1,3034,947,947,NO,NO,NO,NO,NO,NO,NO,NO,NO,NO,NO,NO,NO,SI
1854,1,3045,905,905,NO,NO,NO,NO,NO,NO,NO,NO,NO,NO,NO,NO,NO,NO
1855,1,3001,960,960,NO,SI,NO,NO,SI,NO,NO,NO,NO,NO,NO,SI,NO,SI
1856,1,3034,952,952,NO,NO,NO,NO,NO,NO,NO,NO,NO,NO,NO,NO,NO,SI
1857,1,3005,955,955,NO,NO,NO,NO,NO,NO,NO,NO,NO,NO,NO,NO,NO,SI
1858,1,3012,705,705,SI,NO,NO,NO,NO,NO,NO,NO,NO,NO,NO,NO,NO,SI
1859,1,3002,814,814,SI,NO,NO,NO,NO,NO,NO,NO,NO,NO,NO,NO,NO,SI
1860,1,3046,953,953,NO,NO,NO,NO,NO,NO,NO,NO,NO,NO,NO,NO,NO,SI
1861,1,3008,895,895,NO,NO,NO,NO,NO,NO,NO,NO,NO,NO,NO,NO,NO,SI
1862,1,3001,912,912,SI,NO,NO,SI,NO,NO,NO,NO,NO,NO,NO,NO,NO,SI
1863,1,3049,942,942,NO,NO,NO,NO,NO,NO,NO,NO,NO,NO,NO,SI,NO,NO
1864,1,3005,963,963,SI,SI,NO,NO,NO,NO,NO,NO,NO,NO,NO,SI,NO,SI
1865,1,3046,953,953,NO,NO,NO,NO,NO,SI,NO,NO,NO,NO,NO,NO,NO,NO
1866,1,3035,773,773,NO,NO,NO,SI,NO,NO,NO,NO,NO,NO,NO,NO,NO,SI
1867,1,3049,942,942,NO,SI,NO,NO,NO,SI,NO,NO,NO,NO,NO,SI,NO,SI
1868,1,3034,884,884,SI,NO,NO,NO,NO,NO,NO,NO,NO,NO,NO,SI,NO,SI
1869,1,3045,904,904,NO,SI,NO,NO,NO,NO,NO,NO,NO,NO,NO,NO,NO,SI
1870,1,3010,773,773,NO,SI,NO,NO,NO,SI,NO,NO,NO,NO,NO,NO,NO,SI
1871,1,3020,767,767,NO,NO,NO,NO,NO,NO,NO,NO,NO,NO,NO,NO,NO,SI
1872,1,3046,888,888,NO,SI,NO,NO,NO,NO,NO,NO,NO,NO,NO,NO,NO,NO
1873,1,3045,947,947,SI,NO,NO,NO,NO,NO,NO,NO,NO,NO,NO,SI,NO,SI
1874,1,3034,912,912,NO,SI,NO,NO,NO,NO,NO,NO,NO,NO,NO,NO,NO,SI
1875,1,3045,979,979,NO,NO,NO,NO,NO,NO,NO,NO,NO,NO,NO,SI,NO,SI
1876,1,3046,906,906,NO,NO,NO,NO,NO,NO,NO,NO,NO,NO,NO,NO,NO,SI
1877,1,3002,821,821,NO,NO,NO,NO,NO,NO,NO,NO,NO,NO,NO,NO,NO,SI
1878,1,3005,904,904,NO,NO,NO,NO,NO,NO,NO,NO,NO,NO,NO,NO,NO,SI
1879,1,3025,907,907,NO,NO,NO,SI,NO,NO,NO,NO,NO,NO,NO,SI,NO,SI
1880,1,3034,936,936,SI,NO,NO,NO,NO,NO,NO,NO,NO,NO,NO,NO,NO,SI
1881,1,3036,812,812,NO,SI,NO,NO,NO,NO,NO,NO,NO,NO,NO,NO,NO,SI
1882,1,3005,996,996,NO,NO,NO,SI,NO,NO,NO,NO,NO,NO,NO,SI,NO,SI
1883,1,3049,974,974,NO,NO,NO,NO,NO,NO,NO,NO,NO,NO,NO,NO,NO,SI
1884,1,3045,961,961,SI,NO,NO,NO,NO,NO,NO,NO,NO,NO,NO,NO,NO,SI
1885,1,3008,903,903,NO,SI,NO,NO,NO,NO,NO,NO,NO,NO,NO,NO,NO,SI
1886,1,3024,706,706,SI,SI,NO,NO,NO,NO,NO,NO,NO,NO,NO,NO,NO,SI
1887,1,3005,893,893,NO,SI,NO,NO,NO,NO,NO,NO,NO,NO,NO,SI,NO,SI
1888,1,3046,934,934,NO,NO,NO,NO,NO,NO,SI,NO,NO,NO,NO,NO,NO,SI
1889,1,3033,996,996,SI,NO,NO,NO,NO,NO,NO,NO,NO,NO,NO,NO,NO,NO
1890,1,3001,955,955,NO,NO,NO,NO,NO,NO,NO,NO,NO,NO,NO,SI,NO,NO
1891,1,3034,911,911,NO,NO,NO,NO,NO,NO,NO,NO,NO,NO,NO,NO,NO,SI
1892,1,3005,968,968,NO,NO,NO,NO,NO,NO,NO,NO,NO,NO,NO,NO,NO,SI
1893,1,3046,926,926,NO,NO,NO,NO,NO,NO,NO,NO,NO,NO,NO,NO,NO,NO
1894,1,3046,951,951,NO,NO,NO,SI,NO,SI,NO,NO,NO,NO,NO,SI,NO,SI
1895,1,3005,895,895,SI,NO,NO,NO,NO,SI,NO,NO,NO,NO,NO,NO,NO,SI
1896,1,3003,751,751,NO,NO,NO,NO,NO,NO,NO,NO,NO,NO,NO,NO,NO,SI
1897,1,3045,996,996,NO,SI,NO,NO,NO,NO,NO,NO,NO,NO,NO,SI,NO,SI
1898,1,3001,950,950,NO,NO,NO,NO,NO,NO,NO,NO,NO,NO,NO,NO,NO,SI
1899,1,3026,759,759,NO,NO,NO,NO,NO,NO,NO,NO,NO,NO,NO,NO,NO,SI
1900,1,3049,914,914,NO,SI,NO,NO,SI,NO,NO,NO,NO,NO,NO,SI,NO,SI
1901,1,3005,912,912,SI,NO,NO,NO,NO,NO,NO,NO,NO,NO,NO,SI,NO,SI
1902,1,3034,913,913,NO,NO,NO,NO,NO,NO,NO,NO,NO,NO,NO,SI,NO,SI
1903,1,3048,715,715,NO,NO,NO,SI,NO,NO,NO,NO,NO,NO,NO,SI,NO,SI
1904,1,3045,921,921,NO,SI,NO,NO,NO,NO,NO,NO,NO,NO,NO,SI,NO,SI
1905,1,3049,938,938,NO,SI,NO,NO,NO,NO,NO,NO,NO,NO,NO,NO,NO,SI
1906,1,3049,920,920,NO,SI,NO,NO,SI,NO,NO,NO,NO,NO,NO,NO,NO,SI
1907,1,3045,925,925,NO,SI,NO,NO,NO,NO,NO,NO,NO,NO,NO,NO,NO,SI
1908,1,3039,705,705,SI,NO,NO,NO,NO,NO,NO,SI,NO,NO,NO,NO,NO,NO
1909,1,3034,905,905,NO,NO,NO,NO,NO,NO,NO,NO,NO,NO,NO,NO,NO,SI
1910,1,3015,794,794,NO,NO,NO,SI,NO,NO,NO,NO,NO,NO,NO,NO,NO,SI
1911,1,3013,869,869,NO,NO,NO,NO,NO,NO,NO,NO,NO,NO,NO,NO,NO,NO
1912,1,3034,961,961,SI,NO,NO,NO,NO,NO,NO,NO,NO,NO,NO,SI,NO,SI
1913,1,3019,856,856,SI,SI,NO,NO,NO,NO,NO,NO,NO,NO,NO,NO,NO,NO
1914,1,3020,801,801,NO,NO,NO,NO,NO,NO,NO,NO,NO,NO,NO,NO,NO,SI
1915,1,3046,902,902,NO,NO,NO,NO,NO,NO,NO,NO,NO,NO,NO,NO,NO,SI
1916,1,3005,880,880,SI,SI,NO,NO,NO,SI,NO,NO,NO,NO,NO,NO,NO,SI
1917,1,3009,606,606,NO,NO,NO,SI,NO,NO,NO,NO,NO,NO,NO,NO,NO,SI
1918,1,3049,929,929,NO,NO,NO,NO,NO,NO,NO,NO,NO,NO,NO,NO,NO,NO
1919,1,3052,703,703,SI,NO,NO,NO,NO,NO,NO,NO,NO,NO,NO,NO,NO,SI
1920,1,3034,920,920,SI,NO,SI,NO,NO,NO,NO,NO,NO,NO,NO,NO,NO,SI
1921,1,3011,889,889,NO,NO,NO,NO,NO,NO,NO,NO,NO,NO,NO,NO,NO,NO
1922,1,3034,905,905,NO,NO,NO,NO,NO,NO,NO,NO,NO,NO,NO,NO,NO,SI
1923,1,3006,733,733,NO,NO,NO,NO,NO,NO,NO,NO,NO,NO,NO,NO,NO,NO
1924,1,3008,971,971,NO,NO,NO,NO,NO,NO,NO,NO,NO,NO,NO,NO,NO,SI
1925,1,3005,911,911,SI,NO,NO,NO,NO,NO,NO,NO,NO,NO,NO,NO,NO,SI
1926,1,3045,908,908,NO,NO,NO,NO,NO,NO,NO,NO,NO,NO,NO,NO,NO,SI
1927,1,3023,875,875,NO,SI,NO,NO,NO,NO,NO,NO,NO,NO,NO,NO,NO,SI
1928,1,3029,820,820,NO,NO,NO,NO,NO,NO,NO,NO,NO,NO,NO,NO,NO,NO
1929,1,3008,968,968,NO,NO,SI,SI,NO,SI,NO,NO,NO,NO,NO,NO,NO,SI
1930,1,3014,600,600,NO,NO,NO,NO,NO,NO,NO,NO,NO,NO,NO,NO,NO,SI
1931,1,3049,944,944,SI,SI,NO,NO,NO,NO,NO,NO,NO,NO,NO,NO,NO,SI
1932,1,3034,936,936,NO,NO,NO,NO,SI,NO,NO,NO,NO,NO,NO,NO,NO,SI
1933,1,3001,957,957,NO,NO,NO,NO,NO,NO,NO,NO,NO,NO,NO,NO,NO,SI
1934,1,3030,888,888,SI,SI,NO,NO,NO,NO,NO,NO,NO,NO,NO,NO,NO,SI
1935,1,3049,945,945,NO,NO,NO,NO,NO,NO,NO,NO,NO,NO,NO,NO,NO,SI
1936,1,3034,923,923,NO,NO,NO,NO,SI,NO,NO,NO,NO,NO,NO,NO,NO,SI
1937,1,3019,869,869,SI,NO,NO,SI,NO,NO,NO,NO,NO,NO,NO,NO,NO,NO
1938,1,3001,906,906,NO,NO,NO,NO,NO,NO,NO,NO,NO,NO,NO,SI,NO,SI
1939,1,3023,752,752,NO,NO,NO,NO,NO,NO,NO,NO,NO,NO,NO,NO,NO,SI
1940,1,3034,908,908,NO,NO,NO,NO,NO,NO,NO,NO,NO,NO,NO,NO,NO,SI
1941,1,3008,913,913,SI,SI,NO,NO,NO,NO,NO,NO,NO,NO,NO,NO,NO,SI
1942,1,3046,909,909,NO,NO,NO,NO,NO,NO,NO,NO,NO,NO,NO,NO,NO,SI
1943,1,3049,922,922,NO,NO,NO,NO,NO,NO,NO,NO,NO,NO,NO,NO,NO,SI
1944,1,3021,746,746,SI,NO,NO,NO,NO,NO,NO,NO,NO,NO,NO,NO,NO,SI
1945,1,3049,892,892,NO,NO,NO,NO,NO,NO,NO,NO,NO,NO,NO,NO,NO,NO
1946,1,3034,924,924,NO,NO,NO,NO,NO,NO,NO,NO,NO,NO,NO,NO,NO,SI
1947,1,3020,793,793,NO,NO,NO,NO,NO,NO,NO,NO,NO,NO,NO,NO,NO,SI
1948,1,3024,644,644,SI,NO,NO,NO,NO,NO,SI,NO,NO,NO,NO,SI,NO,SI
1949,1,3008,934,934,SI,NO,NO,NO,NO,NO,NO,NO,NO,NO,NO,NO,NO,SI
1950,1,3049,917,917,SI,NO,NO,NO,NO,NO,NO,NO,NO,NO,NO,NO,NO,NO
1951,1,3019,844,844,SI,NO,NO,NO,NO,NO,NO,NO,NO,NO,NO,NO,NO,SI
1952,1,3033,636,636,NO,NO,NO,NO,NO,NO,NO,NO,NO,NO,NO,NO,NO,SI
1953,1,3001,918,918,NO,NO,NO,NO,NO,NO,NO,NO,NO,NO,NO,NO,NO,NO
1954,1,3005,965,965,SI,NO,NO,NO,NO,NO,NO,NO,NO,NO,NO,NO,NO,NO
1955,1,3049,910,910,NO,NO,NO,NO,NO,NO,NO,NO,NO,NO,NO,SI,NO,SI
1956,1,3034,958,958,NO,NO,NO,NO,NO,NO,NO,NO,NO,NO,NO,NO,NO,SI
1957,1,3001,923,923,SI,NO,NO,SI,NO,NO,NO,NO,NO,NO,NO,NO,NO,SI
1958,1,3046,899,899,NO,NO,NO,NO,NO,NO,NO,NO,NO,NO,NO,SI,NO,SI
1959,1,3009,684,684,SI,NO,NO,NO,NO,NO,NO,NO,NO,NO,NO,NO,NO,SI
1960,1,3053,875,875,SI,NO,NO,NO,NO,NO,NO,NO,NO,NO,NO,NO,NO,SI
1961,1,3034,908,908,NO,NO,NO,SI,NO,NO,NO,NO,NO,NO,NO,NO,NO,SI
1962,1,3003,848,848,SI,NO,NO,SI,NO,NO,NO,NO,NO,NO,NO,NO,NO,SI
1963,1,3008,856,856,NO,NO,NO,NO,NO,NO,NO,NO,SI,NO,NO,SI,NO,SI
1964,1,3034,943,943,NO,NO,NO,NO,NO,NO,NO,NO,NO,NO,NO,NO,NO,SI
1965,1,3005,963,963,NO,NO,NO,NO,NO,NO,NO,NO,NO,NO,NO,SI,NO,NO
1966,1,3045,957,957,NO,NO,NO,NO,SI,NO,NO,NO,NO,NO,NO,NO,NO,SI
1967,1,3050,827,827,NO,NO,NO,NO,NO,SI,NO,NO,NO,NO,NO,SI,NO,SI
1968,1,3005,903,903,NO,SI,NO,NO,NO,NO,NO,NO,NO,NO,NO,NO,NO,NO
1969,1,3045,924,924,NO,NO,NO,SI,NO,NO,SI,NO,NO,NO,NO,NO,NO,SI
1970,1,3005,966,966,NO,NO,NO,SI,NO,NO,NO,NO,NO,NO,NO,NO,NO,SI
1971,1,3049,987,987,SI,NO,SI,NO,NO,NO,NO,NO,NO,NO,NO,NO,NO,SI
1972,1,3046,908,908,NO,NO,NO,NO,NO,NO,NO,NO,NO,NO,NO,SI,NO,SI
1973,1,3050,713,713,SI,NO,NO,NO,NO,NO,NO,NO,NO,NO,NO,NO,NO,SI
1974,1,3045,906,906,NO,NO,NO,NO,NO,NO,NO,NO,NO,NO,NO,NO,NO,SI
1975,1,3017,847,847,SI,NO,NO,NO,SI,NO,NO,NO,NO,NO,NO,NO,NO,NO
1976,1,3033,753,753,NO,NO,NO,NO,NO,NO,NO,NO,NO,NO,NO,NO,NO,SI
1977,1,3034,1000,1000,SI,NO,NO,NO,NO,NO,NO,NO,NO,NO,NO,NO,NO,SI
1978,1,3016,741,741,NO,NO,NO,NO,SI,NO,NO,NO,NO,NO,NO,NO,NO,NO
1979,1,3054,813,813,NO,NO,NO,NO,NO,NO,NO,NO,NO,NO,NO,SI,NO,SI
1980,1,3032,725,725,SI,NO,NO,NO,NO,NO,NO,NO,NO,NO,NO,NO,NO,SI
1981,1,3041,751,751,SI,NO,NO,NO,NO,SI,NO,NO,NO,NO,NO,NO,NO,SI
1982,1,3034,927,927,NO,NO,NO,NO,NO,NO,NO,NO,NO,NO,NO,NO,NO,NO
1983,1,3027,791,791,SI,NO,NO,NO,NO,NO,NO,NO,NO,NO,NO,NO,NO,SI
1984,1,3004,874,874,NO,NO,NO,NO,NO,NO,NO,NO,NO,NO,NO,NO,NO,SI
1985,1,3026,879,879,NO,NO,NO,NO,NO,NO,NO,NO,NO,NO,NO,NO,NO,NO
1986,1,3042,896,896,NO,NO,NO,NO,NO,NO,NO,NO,NO,NO,NO,NO,NO,SI
1987,1,3007,765,765,SI,NO,NO,NO,NO,NO,NO,NO,NO,NO,NO,SI,NO,NO
1988,1,3008,964,964,NO,NO,NO,NO,NO,NO,NO,NO,NO,NO,NO,NO,NO,NO
1989,1,3001,900,900,SI,NO,NO,NO,NO,NO,NO,NO,NO,NO,NO,NO,NO,SI
1990,1,3025,798,798,NO,NO,NO,NO,NO,NO,NO,NO,NO,NO,NO,NO,NO,SI
1991,1,3005,911,911,NO,NO,NO,NO,NO,NO,NO,NO,NO,NO,NO,NO,NO,SI
1992,1,3005,915,915,SI,SI,NO,NO,NO,NO,NO,NO,NO,NO,NO,NO,NO,NO
1993,1,3037,789,789,NO,SI,NO,NO,NO,NO,NO,NO,NO,NO,NO,NO,NO,SI
1994,1,3034,918,918,NO,NO,NO,NO,NO,NO,NO,NO,NO,NO,NO,NO,NO,SI
1995,1,3034,900,900,SI,SI,NO,NO,NO,NO,NO,NO,NO,NO,NO,NO,NO,NO
1996,1,3042,683,683,NO,NO,NO,SI,NO,NO,NO,NO,NO,NO,NO,NO,NO,SI
1997,1,3017,829,829,NO,NO,NO,NO,NO,NO,NO,NO,NO,NO,NO,NO,NO,SI
1998,1,3049,944,944,SI,NO,NO,NO,NO,NO,NO,NO,NO,NO,NO,NO,NO,NO
1999,1,3011,806,806,SI,NO,NO,NO,NO,NO,NO,NO,NO,NO,NO,NO,NO,SI
2000,1,3008,945,945,NO,NO,NO,NO,NO,NO,NO,NO,NO,NO,NO,NO,NO,NO
2001,1,3013,748,748,NO,NO,NO,NO,NO,NO,NO,NO,NO,NO,NO,NO,NO,SI
2002,1,3046,872,872,SI,NO,NO,NO,NO,NO,NO,NO,NO,NO,NO,SI,NO,SI
2003,1,3006,674,674,SI,SI,NO,NO,NO,NO,NO,NO,NO,NO,NO,NO,NO,SI
2004,1,3049,935,935,NO,NO,NO,NO,NO,NO,NO,NO,NO,NO,NO,SI,NO,SI
2005,1,3029,690,690,SI,NO,NO,SI,NO,NO,NO,NO,NO,NO,NO,NO,NO,SI
2006,1,3049,926,926,NO,NO,NO,NO,NO,NO,NO,NO,NO,NO,NO,NO,NO,SI
2007,1,3038,795,795,NO,NO,NO,NO,NO,NO,NO,NO,NO,NO,NO,NO,NO,NO
2008,1,3015,850,850,SI,NO,NO,NO,NO,NO,NO,NO,NO,NO,NO,NO,NO,SI
2009,1,3046,922,922,SI,NO,NO,NO,NO,NO,NO,NO,NO,NO,NO,NO,NO,SI
2010,1,3010,674,674,SI,NO,NO,NO,NO,NO,NO,NO,NO,NO,NO,NO,NO,SI
2011,1,3001,971,971,NO,SI,NO,NO,NO,NO,NO,NO,NO,NO,NO,NO,NO,SI
2012,1,3018,770,770,SI,NO,NO,SI,NO,NO,NO,NO,NO,NO,NO,NO,NO,SI
2013,1,3049,981,981,NO,NO,NO,NO,NO,NO,NO,NO,NO,NO,NO,NO,NO,SI
2014,1,3026,913,913,SI,SI,NO,NO,SI,NO,NO,NO,NO,NO,NO,NO,NO,SI
2015,1,3049,903,903,NO,NO,NO,SI,NO,NO,NO,NO,NO,NO,NO,NO,NO,NO
2016,1,3035,768,768,SI,SI,NO,NO,NO,NO,NO,NO,NO,NO,NO,NO,NO,SI
2017,1,3017,672,672,SI,NO,NO,SI,SI,NO,NO,NO,NO,NO,NO,NO,NO,SI
2018,1,3012,744,744,NO,SI,NO,NO,NO,NO,SI,NO,NO,NO,NO,NO,NO,NO
2019,1,3023,805,805,NO,NO,NO,NO,NO,NO,NO,NO,NO,NO,NO,NO,NO,SI
2020,1,3049,933,933,NO,NO,NO,NO,SI,NO,NO,NO,NO,NO,NO,SI,NO,NO
2021,1,3007,791,791,SI,NO,NO,NO,NO,NO,NO,NO,NO,NO,NO,NO,NO,SI
2022,1,3034,916,916,NO,NO,NO,NO,NO,NO,NO,NO,NO,NO,NO,SI,NO,SI
2023,1,3049,912,912,SI,NO,NO,SI,NO,NO,NO,NO,NO,SI,NO,NO,NO,SI
2024,1,3045,956,956,SI,SI,NO,SI,NO,NO,NO,NO,NO,NO,NO,NO,NO,NO
2025,1,3040,922,922,NO,SI,NO,NO,SI,NO,NO,NO,NO,NO,NO,NO,NO,SI
2026,1,3004,749,749,NO,NO,NO,NO,NO,NO,NO,NO,NO,NO,NO,NO,NO,NO
2027,1,3037,829,829,SI,NO,NO,NO,NO,NO,NO,NO,NO,NO,NO,NO,NO,SI
2028,1,3034,917,917,NO,NO,NO,NO,NO,NO,NO,NO,NO,NO,NO,NO,NO,SI
2029,1,3026,801,801,NO,NO,NO,NO,NO,NO,NO,NO,NO,NO,NO,NO,NO,SI
2030,1,3035,898,898,SI,SI,NO,NO,NO,NO,NO,NO,NO,NO,NO,NO,NO,SI
2031,1,3045,915,915,NO,NO,NO,NO,NO,NO,NO,NO,NO,NO,NO,NO,NO,SI
2032,1,3001,944,944,SI,NO,NO,NO,NO,NO,NO,NO,NO,NO,NO,NO,NO,SI
2033,1,3045,934,934,SI,SI,NO,NO,NO,NO,NO,NO,NO,NO,NO,NO,NO,SI
2034,1,3050,720,720,NO,SI,NO,NO,NO,NO,NO,NO,NO,NO,NO,NO,NO,SI
2035,1,3019,753,753,NO,NO,NO,NO,NO,NO,NO,NO,NO,NO,NO,NO,NO,NO
2036,1,3049,922,922,SI,NO,NO,NO,NO,NO,NO,NO,NO,NO,NO,NO,NO,SI
2037,1,3049,921,921,NO,NO,NO,NO,NO,NO,NO,NO,NO,NO,NO,NO,NO,SI
2038,1,3029,828,828,SI,NO,NO,NO,SI,NO,NO,NO,NO,NO,NO,NO,NO,SI
2039,1,3014,783,783,SI,NO,NO,NO,NO,NO,NO,NO,NO,NO,NO,NO,NO,SI
2040,1,3042,600,600,NO,NO,NO,NO,NO,NO,NO,NO,NO,NO,NO,NO,NO,SI
2041,1,3046,939,939,NO,NO,NO,SI,NO,NO,NO,NO,NO,NO,NO,NO,NO,SI
2042,1,3042,880,880,SI,NO,NO,NO,NO,NO,NO,NO,NO,NO,NO,NO,NO,SI
2043,1,3022,605,605,NO,SI,NO,SI,NO,SI,NO,NO,NO,NO,NO,NO,NO,NO
2044,1,3045,953,953,SI,NO,NO,NO,NO,NO,NO,NO,NO,NO,NO,NO,NO,NO
2045,1,3037,804,804,SI,SI,NO,NO,NO,NO,NO,NO,NO,NO,NO,NO,NO,SI
2046,1,3034,909,909,NO,NO,NO,NO,NO,NO,NO,NO,SI,NO,NO,NO,NO,SI
2047,1,3014,892,892,NO,SI,NO,SI,NO,NO,NO,NO,NO,NO,NO,NO,NO,SI
2048,1,3045,872,872,NO,NO,NO,NO,NO,NO,NO,NO,NO,NO,NO,NO,NO,SI
2049,1,3008,924,924,NO,NO,NO,NO,NO,NO,NO,NO,NO,NO,NO,NO,NO,SI
2050,1,3049,964,964,SI,NO,NO,NO,SI,NO,NO,NO,NO,NO,NO,NO,NO,SI
2051,1,3026,884,884,SI,SI,NO,NO,NO,NO,NO,NO,NO,NO,NO,NO,NO,NO
2052,1,3007,832,832,NO,NO,NO,NO,NO,NO,NO,NO,NO,NO,NO,NO,NO,SI
2053,1,3040,686,686,SI,SI,NO,NO,NO,NO,NO,NO,NO,NO,NO,NO,NO,SI
2054,1,3024,787,787,NO,SI,NO,NO,NO,NO,NO,NO,NO,NO,NO,SI,NO,NO
2055,1,3001,899,899,SI,NO,NO,NO,NO,NO,NO,NO,NO,NO,NO,SI,NO,SI
2056,1,3046,924,924,NO,NO,NO,NO,NO,NO,NO,NO,NO,NO,NO,NO,NO,SI
2057,1,3049,925,925,SI,NO,NO,NO,SI,NO,NO,NO,NO,NO,NO,NO,NO,SI
2058,1,3045,930,930,NO,NO,NO,NO,NO,NO,NO,NO,NO,NO,NO,NO,NO,SI
2059,1,3016,681,681,NO,NO,NO,NO,NO,NO,NO,NO,NO,NO,NO,NO,NO,SI
2060,1,3034,923,923,SI,NO,SI,NO,NO,NO,NO,NO,NO,NO,NO,NO,NO,SI
2061,1,3034,946,946,NO,NO,NO,NO,NO,NO,NO,NO,NO,NO,NO,NO,NO,SI
2062,1,3008,1000,1000,NO,NO,NO,NO,NO,NO,NO,NO,NO,NO,NO,NO,NO,SI
2063,1,3027,730,730,NO,SI,NO,NO,NO,NO,NO,NO,NO,NO,NO,NO,NO,SI
2064,1,3008,944,944,SI,SI,NO,NO,NO,NO,NO,NO,NO,NO,NO,NO,NO,SI
2065,1,3006,683,683,NO,NO,NO,NO,NO,NO,NO,NO,NO,NO,NO,NO,NO,SI
2066,1,3039,842,842,NO,NO,NO,SI,NO,NO,NO,NO,NO,NO,NO,NO,NO,SI
2067,1,3045,986,986,SI,NO,NO,NO,NO,NO,NO,NO,NO,NO,NO,NO,NO,SI
2068,1,3005,943,943,NO,NO,NO,NO,NO,NO,NO,NO,NO,NO,NO,NO,NO,NO
2069,1,3045,916,916,SI,NO,NO,NO,SI,NO,NO,NO,NO,NO,NO,NO,NO,NO
2070,1,3036,787,787,SI,NO,NO,NO,NO,NO,NO,NO,NO,NO,NO,NO,NO,SI
2071,1,3049,994,994,NO,NO,NO,NO,NO,NO,NO,NO,NO,NO,NO,NO,NO,SI
2072,1,3001,1000,1000,NO,SI,NO,NO,NO,NO,NO,NO,NO,NO,NO,NO,NO,NO
2073,1,3050,697,697,SI,NO,NO,NO,NO,NO,NO,NO,NO,NO,NO,NO,NO,SI
2074,1,3015,771,771,NO,SI,NO,NO,NO,NO,NO,NO,NO,NO,NO,SI,NO,SI
2075,1,3001,953,953,NO,NO,NO,NO,NO,NO,NO,NO,NO,NO,NO,SI,NO,SI
2076,1,3054,835,835,NO,SI,NO,NO,NO,NO,NO,NO,NO,NO,NO,NO,NO,SI
2077,1,3041,866,866,NO,SI,NO,NO,NO,NO,NO,NO,NO,NO,NO,NO,NO,SI
2078,1,3001,926,926,SI,SI,NO,NO,NO,NO,NO,NO,NO,NO,NO,NO,NO,SI
2079,1,3049,909,909,SI,SI,NO,NO,NO,NO,NO,NO,NO,NO,NO,NO,NO,SI
2080,1,3005,979,979,SI,NO,NO,NO,NO,SI,NO,NO,NO,NO,NO,NO,NO,SI
2081,1,3046,921,921,NO,NO,NO,NO,NO,NO,NO,NO,NO,NO,NO,NO,NO,SI
2082,1,3001,963,963,SI,NO,NO,NO,NO,NO,NO,NO,NO,NO,NO,NO,NO,NO
2083,1,3001,906,906,SI,NO,NO,NO,NO,NO,NO,NO,NO,NO,NO,NO,NO,SI
2084,1,3008,923,923,NO,NO,NO,NO,NO,NO,NO,NO,NO,NO,NO,NO,NO,SI
2085,1,3005,920,920,SI,NO,NO,NO,SI,NO,NO,NO,NO,NO,NO,NO,NO,SI
2086,1,3048,873,873,NO,NO,NO,NO,NO,NO,NO,NO,NO,NO,NO,NO,NO,NO
2087,1,3037,806,806,SI,SI,NO,SI,NO,SI,NO,NO,NO,NO,NO,SI,NO,SI
2088,1,3005,968,968,SI,NO,NO,NO,NO,NO,NO,NO,NO,NO,NO,NO,NO,NO
2089,1,3024,760,760,NO,NO,NO,NO,NO,NO,NO,NO,NO,NO,NO,SI,NO,SI
2090,1,3023,763,763,NO,SI,NO,NO,NO,NO,NO,NO,NO,NO,NO,NO,NO,NO
2091,1,3045,921,921,NO,NO,NO,SI,NO,NO,NO,NO,NO,NO,NO,NO,NO,SI
2092,1,3008,945,945,NO,NO,NO,SI,NO,NO,NO,NO,NO,NO,NO,NO,NO,SI
2093,1,3051,746,746,SI,SI,NO,SI,NO,NO,NO,NO,NO,NO,NO,NO,NO,SI
2094,1,3005,913,913,NO,NO,NO,SI,NO,NO,NO,NO,NO,NO,NO,SI,NO,SI
2095,1,3044,646,646,NO,NO,NO,NO,NO,NO,NO,NO,NO,NO,NO,NO,NO,SI
2096,1,3010,769,769,NO,NO,NO,NO,NO,NO,NO,NO,NO,NO,NO,NO,NO,SI
2097,1,3001,947,947,NO,NO,NO,NO,NO,NO,NO,NO,NO,NO,NO,NO,NO,SI
2098,1,3049,925,925,SI,SI,NO,NO,NO,NO,NO,NO,NO,NO,NO,NO,NO,SI
2099,1,3009,752,752,SI,SI,NO,NO,NO,NO,SI,NO,NO,NO,NO,NO,NO,SI
2100,1,3045,854,854,NO,NO,NO,NO,NO,NO,NO,NO,NO,NO,NO,SI,NO,SI
2101,1,3051,669,669,SI,NO,NO,SI,NO,NO,NO,NO,NO,NO,NO,SI,NO,NO
2102,1,3011,867,867,SI,SI,NO,SI,NO,NO,NO,NO,NO,NO,NO,NO,NO,SI
2103,1,3004,702,702,SI,NO,NO,NO,NO,NO,NO,NO,NO,NO,NO,NO,NO,SI
2104,1,3039,877,877,SI,NO,NO,SI,NO,NO,NO,NO,NO,NO,NO,NO,NO,SI
2105,1,3034,968,968,SI,SI,NO,NO,SI,NO,NO,NO,NO,NO,NO,NO,NO,NO
2106,1,3048,808,808,NO,NO,NO,NO,NO,NO,NO,NO,NO,NO,NO,NO,NO,SI
2107,1,3001,951,951,NO,NO,NO,NO,SI,NO,NO,NO,NO,NO,NO,NO,NO,SI
2108,1,3013,692,692,NO,SI,NO,NO,NO,NO,NO,NO,NO,NO,NO,SI,NO,SI
2109,1,3026,895,895,NO,NO,NO,NO,NO,NO,NO,NO,NO,NO,NO,NO,NO,NO
2110,1,3045,905,905,NO,NO,NO,NO,NO,NO,NO,NO,NO,NO,NO,NO,NO,NO
2111,1,3008,965,965,SI,SI,NO,NO,NO,NO,NO,NO,NO,NO,NO,NO,NO,SI
2112,1,3034,934,934,NO,NO,NO,NO,NO,NO,NO,NO,NO,NO,NO,SI,NO,SI
2113,1,3008,902,902,SI,NO,NO,NO,NO,NO,NO,NO,NO,NO,NO,NO,NO,SI
2114,1,3003,876,876,SI,NO,NO,NO,NO,NO,NO,NO,NO,NO,NO,NO,NO,SI
2115,1,3005,970,970,NO,NO,NO,NO,NO,NO,NO,NO,NO,NO,NO,NO,NO,SI
2116,1,3006,760,760,NO,NO,NO,NO,NO,NO,NO,NO,NO,NO,NO,SI,SI,SI
2117,1,3046,957,957,NO,SI,NO,NO,SI,NO,NO,NO,NO,NO,NO,NO,NO,SI
2118,1,3007,703,703,NO,SI,NO,NO,SI,NO,NO,NO,NO,NO,NO,NO,NO,SI
2119,1,3040,668,668,NO,SI,NO,NO,NO,NO,NO,NO,NO,NO,NO,NO,NO,SI
2120,1,3022,783,783,NO,NO,NO,NO,NO,NO,NO,NO,NO,NO,NO,NO,NO,SI
2121,1,3006,897,897,SI,NO,NO,NO,NO,NO,NO,NO,NO,NO,NO,NO,NO,SI
2122,1,3008,905,905,SI,NO,NO,NO,NO,NO,NO,NO,NO,NO,NO,SI,NO,SI
2123,1,3046,944,944,SI,SI,NO,NO,SI,NO,NO,NO,NO,NO,NO,NO,NO,SI
2124,1,3005,946,946,SI,NO,NO,NO,NO,NO,NO,NO,NO,NO,NO,NO,NO,SI
2125,1,3025,783,783,SI,SI,NO,NO,NO,SI,NO,NO,NO,NO,NO,NO,NO,SI
2126,1,3045,908,908,SI,NO,NO,NO,NO,NO,NO,NO,NO,NO,NO,NO,NO,SI
2127,1,3046,927,927,NO,SI,NO,NO,NO,NO,NO,NO,NO,NO,NO,NO,NO,SI
2128,1,3034,960,960,SI,SI,NO,NO,NO,NO,NO,NO,NO,NO,NO,NO,NO,SI
2129,1,3046,915,915,NO,NO,NO,NO,NO,NO,NO,NO,NO,NO,NO,NO,NO,SI
2130,1,3049,935,935,SI,SI,NO,NO,NO,SI,NO,NO,NO,NO,NO,SI,NO,NO
2131,1,3005,949,949,SI,NO,NO,NO,NO,NO,NO,NO,NO,NO,NO,NO,NO,SI
2132,1,3054,600,600,NO,NO,NO,NO,NO,NO,NO,NO,NO,NO,NO,NO,NO,NO
2133,1,3008,918,918,NO,NO,NO,NO,NO,NO,NO,NO,NO,NO,NO,NO,NO,SI
2134,1,3037,819,819,NO,NO,NO,NO,NO,NO,NO,NO,NO,NO,NO,SI,NO,SI
2135,1,3020,824,824,NO,NO,NO,NO,NO,NO,NO,NO,NO,NO,NO,NO,NO,SI
2136,1,3005,902,902,NO,NO,NO,SI,NO,NO,NO,NO,NO,NO,NO,NO,NO,SI
2137,1,3045,929,929,SI,SI,NO,NO,NO,NO,NO,NO,NO,NO,NO,NO,NO,SI
2138,1,3005,953,953,NO,NO,NO,NO,NO,NO,NO,NO,NO,NO,NO,NO,NO,NO
2139,1,3054,749,749,SI,SI,NO,NO,NO,NO,NO,NO,NO,NO,NO,SI,NO,SI
2140,1,3005,924,924,SI,NO,NO,NO,NO,SI,NO,NO,NO,NO,NO,NO,NO,SI
2141,1,3045,960,960,SI,SI,NO,NO,NO,NO,NO,NO,NO,NO,NO,NO,SI,NO
2142,1,3046,922,922,SI,SI,NO,NO,NO,NO,NO,NO,NO,NO,NO,NO,NO,SI
2143,1,3005,928,928,NO,NO,NO,NO,NO,NO,NO,SI,NO,NO,NO,NO,NO,SI
2144,1,3045,935,935,NO,SI,NO,NO,NO,NO,NO,NO,NO,NO,NO,NO,NO,SI
2145,1,3045,887,887,SI,NO,NO,NO,NO,NO,NO,NO,NO,NO,NO,NO,NO,NO
2146,1,3036,922,922,SI,SI,NO,NO,NO,NO,NO,NO,NO,NO,NO,NO,NO,SI
2147,1,3055,868,868,SI,NO,NO,NO,NO,NO,NO,NO,NO,NO,NO,NO,NO,NO
2148,1,3013,842,842,NO,SI,NO,NO,NO,NO,NO,NO,NO,NO,NO,NO,NO,SI
2149,1,3049,968,968,SI,NO,NO,NO,SI,NO,NO,NO,NO,NO,NO,SI,SI,SI
2150,1,3001,992,992,SI,NO,NO,NO,NO,NO,NO,NO,NO,NO,NO,NO,NO,SI
2151,1,3005,951,951,SI,NO,NO,NO,NO,SI,NO,NO,NO,NO,NO,NO,NO,SI
2152,1,3001,874,874,NO,NO,NO,NO,NO,NO,NO,NO,NO,NO,NO,NO,NO,SI
2153,1,3008,913,913,NO,NO,NO,SI,NO,NO,NO,NO,NO,NO,NO,NO,NO,SI
2154,1,3001,919,919,NO,NO,NO,NO,NO,NO,NO,NO,NO,NO,NO,SI,NO,SI
2155,1,3045,980,980,NO,SI,NO,NO,NO,NO,NO,NO,NO,NO,NO,NO,NO,NO
2156,1,3001,882,882,NO,NO,NO,NO,NO,NO,NO,NO,NO,NO,NO,NO,NO,SI
2157,1,3001,895,895,NO,NO,NO,NO,NO,NO,NO,NO,NO,NO,NO,NO,NO,NO
2158,1,3049,960,960,SI,NO,NO,NO,NO,NO,NO,NO,NO,NO,NO,SI,NO,NO
2159,1,3005,947,947,NO,NO,NO,SI,NO,NO,NO,NO,NO,NO,NO,SI,NO,SI
2160,1,3046,910,910,NO,NO,NO,NO,NO,NO,NO,NO,NO,NO,NO,NO,NO,SI
2161,1,3046,911,911,NO,SI,NO,NO,NO,NO,NO,NO,NO,NO,NO,NO,NO,SI
2162,1,3008,913,913,SI,SI,NO,SI,NO,NO,NO,NO,NO,NO,NO,NO,NO,SI
2163,1,3049,895,895,SI,NO,NO,SI,NO,NO,NO,NO,NO,NO,NO,NO,NO,NO
2164,1,3034,934,934,SI,NO,NO,NO,NO,NO,NO,NO,NO,NO,NO,NO,NO,SI
2165,1,3046,910,910,SI,NO,NO,NO,NO,NO,NO,NO,NO,NO,NO,NO,NO,NO
2166,1,3049,917,917,NO,NO,NO,NO,SI,SI,NO,NO,NO,NO,NO,NO,NO,SI
2167,1,3008,945,945,NO,NO,NO,NO,NO,NO,NO,NO,NO,NO,NO,NO,NO,NO
2168,1,3049,940,940,NO,NO,NO,NO,NO,NO,NO,NO,NO,NO,NO,NO,NO,SI
2169,1,3043,858,858,NO,NO,NO,NO,NO,SI,NO,NO,NO,NO,NO,NO,NO,SI
2170,1,3006,827,827,SI,NO,NO,NO,NO,NO,NO,NO,NO,NO,NO,NO,NO,SI
2171,1,3005,974,974,NO,NO,NO,NO,NO,NO,NO,NO,NO,NO,NO,NO,NO,SI
2172,1,3005,931,931,NO,NO,NO,NO,NO,NO,NO,NO,NO,NO,NO,SI,NO,SI
2173,1,3029,780,780,NO,NO,NO,NO,NO,NO,NO,NO,NO,NO,NO,SI,NO,NO
2174,1,3034,931,931,SI,SI,NO,NO,NO,NO,NO,NO,NO,NO,NO,NO,NO,SI
2175,1,3040,910,910,SI,NO,NO,NO,NO,NO,NO,NO,NO,NO,NO,NO,NO,SI
2176,1,3034,904,904,NO,NO,NO,NO,NO,NO,NO,NO,NO,NO,NO,NO,NO,SI
2177,1,3046,931,931,SI,NO,NO,NO,NO,NO,NO,NO,NO,NO,NO,NO,NO,NO
2178,1,3001,899,899,SI,NO,NO,NO,NO,NO,NO,NO,NO,NO,NO,SI,NO,SI
2179,1,3007,692,692,NO,NO,NO,NO,NO,NO,NO,NO,NO,NO,NO,NO,NO,SI
2180,1,3046,983,983,SI,SI,NO,NO,NO,NO,NO,NO,NO,NO,NO,NO,NO,SI
2181,1,3048,682,682,NO,NO,NO,NO,NO,NO,NO,NO,NO,NO,NO,SI,NO,SI
2182,1,3029,700,700,SI,NO,NO,NO,NO,NO,NO,NO,NO,NO,NO,NO,NO,SI
2183,1,3005,916,916,NO,NO,NO,NO,NO,SI,NO,NO,NO,NO,NO,NO,NO,NO
2184,1,3049,917,917,NO,NO,NO,NO,NO,NO,NO,NO,NO,NO,NO,NO,NO,NO
2185,1,3045,965,965,SI,SI,NO,NO,NO,NO,NO,NO,NO,NO,NO,NO,NO,SI
2186,1,3045,915,915,SI,NO,NO,NO,NO,NO,NO,NO,NO,NO,NO,NO,NO,NO
2187,1,3034,918,918,NO,NO,NO,SI,NO,NO,NO,NO,NO,NO,NO,NO,NO,NO
2188,1,3001,954,954,SI,NO,NO,NO,NO,SI,NO,NO,NO,NO,NO,NO,NO,SI
2189,1,3034,993,993,NO,NO,NO,SI,NO,NO,NO,NO,NO,NO,NO,NO,NO,SI
2190,1,3005,980,980,NO,SI,NO,SI,NO,NO,NO,NO,NO,NO,NO,NO,NO,NO
2191,1,3046,904,904,NO,SI,NO,NO,NO,NO,NO,NO,NO,NO,NO,NO,NO,SI
2192,1,3005,971,971,NO,NO,NO,NO,NO,NO,NO,NO,NO,NO,NO,NO,NO,SI
2193,1,3053,719,719,NO,SI,NO,NO,NO,NO,NO,NO,NO,NO,NO,NO,NO,NO
2194,1,3046,908,908,SI,SI,NO,NO,SI,NO,NO,NO,NO,NO,NO,NO,NO,SI
2195,1,3005,894,894,NO,NO,NO,NO,NO,NO,NO,NO,NO,NO,NO,NO,NO,SI
2196,1,3047,865,865,SI,NO,NO,NO,NO,NO,NO,NO,NO,NO,NO,NO,NO,SI
2197,1,3010,640,640,SI,NO,NO,NO,NO,NO,NO,NO,NO,NO,NO,NO,NO,SI
2198,1,3049,918,918,NO,NO,NO,SI,NO,NO,NO,NO,NO,NO,NO,NO,NO,SI
2199,1,3046,933,933,NO,NO,NO,NO,SI,NO,NO,NO,NO,NO,NO,NO,NO,SI
2200,1,3045,934,934,NO,NO,NO,NO,NO,NO,NO,NO,NO,NO,NO,NO,NO,SI
2201,1,3045,919,919,SI,SI,NO,NO,NO,NO,NO,NO,NO,NO,NO,NO,NO,NO
2202,1,3005,952,952,NO,SI,NO,NO,NO,NO,NO,NO,NO,NO,NO,NO,NO,SI
2203,1,3045,965,965,NO,NO,NO,NO,NO,NO,NO,NO,NO,NO,NO,NO,NO,SI
2204,1,3008,890,890,NO,NO,NO,NO,NO,NO,NO,NO,NO,NO,NO,NO,NO,SI
2205,1,3013,852,852,NO,NO,NO,NO,NO,NO,NO,NO,NO,NO,NO,SI,NO,SI
2206,1,3001,898,898,SI,SI,NO,NO,NO,NO,NO,NO,NO,NO,NO,NO,NO,NO
2207,1,3049,947,947,NO,NO,NO,NO,NO,NO,NO,NO,NO,NO,NO,NO,NO,SI
2208,1,3034,973,973,SI,NO,NO,NO,NO,NO,NO,NO,NO,NO,NO,NO,NO,SI
2209,1,3036,857,857,SI,NO,NO,SI,NO,NO,NO,NO,NO,NO,NO,NO,NO,SI
2210,1,3020,738,738,NO,NO,NO,NO,NO,NO,NO,NO,NO,NO,NO,NO,NO,NO
2211,1,3001,895,895,NO,NO,NO,NO,NO,NO,NO,NO,NO,NO,NO,NO,NO,SI
2212,1,3009,814,814,SI,NO,NO,SI,NO,NO,NO,NO,NO,NO,NO,NO,NO,SI
2213,1,3036,695,695,NO,NO,NO,NO,NO,NO,NO,NO,NO,NO,NO,NO,NO,SI
2214,1,3048,769,769,NO,NO,NO,SI,NO,NO,NO,NO,NO,NO,NO,NO,NO,SI
2215,1,3015,692,692,NO,SI,NO,NO,NO,NO,NO,NO,NO,NO,NO,NO,NO,SI
2216,1,3020,724,724,NO,SI,NO,NO,NO,NO,NO,NO,NO,NO,NO,SI,NO,SI
2217,1,3002,855,855,NO,NO,NO,NO,NO,NO,NO,NO,NO,NO,NO,NO,NO,SI
2218,1,3017,696,696,SI,NO,NO,NO,NO,NO,NO,NO,NO,NO,NO,SI,NO,SI
2219,1,3008,906,906,NO,SI,NO,NO,NO,NO,NO,NO,NO,NO,NO,NO,NO,SI
2220,1,3046,918,918,NO,NO,NO,NO,NO,NO,NO,NO,NO,NO,NO,NO,NO,SI
2221,1,3049,952,952,SI,NO,NO,NO,NO,NO,NO,NO,NO,NO,NO,NO,NO,SI
2222,1,3054,795,795,NO,SI,NO,NO,NO,NO,NO,NO,NO,NO,NO,NO,NO,SI
2223,1,3047,698,698,NO,SI,NO,SI,NO,NO,NO,NO,NO,NO,NO,NO,NO,SI
2224,1,3046,971,971,NO,NO,NO,NO,NO,NO,NO,NO,NO,NO,NO,SI,NO,NO
2225,1,3045,941,941,SI,SI,NO,NO,NO,NO,NO,NO,NO,NO,NO,NO,NO,SI
2226,1,3016,756,756,SI,NO,NO,NO,NO,NO,NO,NO,NO,NO,NO,NO,NO,SI
2227,1,3034,938,938,SI,SI,NO,NO,NO,NO,NO,NO,NO,NO,NO,NO,NO,NO
2228,1,3009,836,836,NO,NO,NO,NO,NO,NO,NO,NO,NO,NO,NO,SI,NO,NO
2229,1,3005,898,898,NO,SI,NO,NO,NO,NO,NO,NO,NO,NO,NO,NO,NO,SI
2230,1,3008,893,893,NO,NO,NO,NO,NO,NO,NO,NO,NO,NO,NO,NO,NO,NO
2231,1,3052,772,772,NO,NO,NO,NO,NO,NO,NO,NO,NO,NO,NO,NO,NO,SI
2232,1,3008,901,901,NO,NO,NO,NO,NO,NO,NO,NO,NO,NO,NO,NO,NO,SI
2233,1,3045,971,971,SI,NO,NO,NO,NO,NO,NO,NO,NO,NO,NO,NO,NO,SI
2234,1,3001,893,893,NO,SI,NO,NO,NO,NO,NO,NO,NO,NO,NO,NO,SI,NO
2235,1,3012,836,836,NO,SI,NO,NO,NO,NO,NO,NO,NO,NO,NO,SI,NO,SI
2236,1,3034,989,989,NO,NO,NO,NO,NO,NO,NO,NO,NO,NO,NO,NO,NO,NO
2237,1,3001,910,910,SI,NO,NO,NO,NO,NO,NO,NO,NO,NO,NO,NO,NO,SI
2238,1,3045,935,935,SI,NO,NO,NO,NO,NO,NO,NO,NO,NO,NO,NO,NO,SI
2239,1,3045,947,947,SI,NO,NO,NO,NO,NO,NO,NO,NO,NO,NO,NO,NO,SI
2240,1,3045,857,857,SI,NO,NO,NO,NO,NO,NO,NO,NO,NO,NO,NO,SI,SI
2241,1,3013,871,871,NO,NO,NO,NO,NO,NO,NO,NO,NO,SI,NO,NO,NO,SI
2242,1,3034,933,933,NO,NO,NO,NO,NO,NO,NO,NO,NO,NO,NO,NO,NO,NO
2243,1,3044,665,665,NO,NO,NO,NO,NO,SI,NO,NO,NO,NO,NO,SI,NO,SI
2244,1,3003,937,937,SI,NO,NO,NO,NO,NO,NO,NO,NO,NO,NO,NO,NO,SI
2245,1,3001,959,959,SI,NO,NO,NO,NO,NO,NO,NO,NO,NO,NO,NO,NO,SI
2246,1,3049,903,903,NO,NO,NO,NO,NO,NO,NO,NO,NO,NO,NO,SI,NO,NO
2247,1,3005,949,949,NO,SI,NO,NO,NO,NO,NO,NO,NO,NO,NO,SI,NO,SI
2248,1,3008,912,912,SI,SI,NO,NO,NO,NO,NO,NO,NO,NO,NO,NO,NO,SI
2249,1,3034,883,883,NO,NO,NO,NO,NO,NO,NO,NO,NO,NO,NO,NO,NO,SI
2250,1,3019,758,758,NO,NO,NO,NO,NO,SI,NO,NO,NO,NO,NO,NO,NO,NO
2251,1,3033,876,876,SI,SI,NO,NO,NO,NO,NO,NO,NO,NO,NO,SI,NO,SI
2252,1,3005,953,953,SI,NO,NO,NO,NO,NO,NO,NO,NO,NO,NO,NO,NO,SI
2253,1,3049,866,866,SI,NO,NO,NO,NO,NO,NO,NO,NO,NO,NO,NO,NO,SI
2254,1,3030,789,789,NO,SI,SI,NO,NO,NO,NO,NO,NO,NO,NO,NO,NO,SI
2255,1,3046,942,942,NO,SI,NO,NO,NO,NO,NO,NO,NO,NO,NO,NO,NO,SI
2256,1,3045,905,905,SI,NO,NO,NO,NO,NO,NO,NO,NO,NO,NO,SI,NO,SI
2257,1,3046,936,936,NO,NO,NO,NO,NO,SI,NO,NO,NO,NO,NO,NO,NO,SI
2258,1,3034,938,938,SI,NO,NO,NO,NO,NO,NO,NO,NO,NO,NO,SI,NO,SI
2259,1,3034,918,918,SI,SI,NO,NO,NO,NO,NO,NO,NO,NO,NO,NO,NO,SI
2260,1,3046,974,974,SI,NO,NO,NO,NO,NO,NO,NO,NO,NO,NO,SI,NO,SI
2261,1,3046,950,950,NO,NO,NO,NO,NO,NO,NO,NO,NO,NO,NO,NO,NO,SI
2262,1,3023,841,841,NO,NO,NO,NO,NO,NO,NO,NO,NO,NO,NO,NO,NO,SI
2263,1,3031,703,703,NO,NO,NO,NO,NO,NO,NO,NO,NO,NO,NO,NO,NO,SI
2264,1,3036,717,717,SI,NO,NO,NO,NO,NO,NO,NO,NO,NO,NO,NO,NO,NO
2265,1,3034,956,956,NO,SI,NO,SI,NO,NO,NO,NO,NO,NO,NO,NO,NO,SI
2266,1,3012,902,902,NO,NO,NO,NO,NO,NO,NO,NO,NO,NO,NO,SI,NO,SI
2267,1,3017,803,803,NO,NO,NO,NO,NO,NO,NO,NO,NO,NO,NO,NO,NO,SI
2268,1,3017,903,903,SI,NO,NO,NO,NO,NO,NO,NO,NO,NO,NO,SI,NO,SI
2269,1,3045,910,910,NO,NO,SI,NO,NO,NO,NO,NO,NO,NO,NO,NO,NO,SI
2270,1,3005,887,887,SI,NO,NO,NO,NO,SI,NO,NO,NO,NO,NO,SI,NO,SI
2271,1,3034,914,914,NO,NO,NO,NO,NO,NO,NO,NO,NO,NO,NO,NO,NO,NO
2272,1,3010,834,834,NO,NO,NO,SI,NO,NO,NO,NO,NO,NO,NO,NO,NO,NO
2273,1,3045,938,938,SI,NO,NO,NO,NO,SI,NO,NO,NO,NO,NO,NO,NO,SI
2274,1,3042,776,776,NO,NO,NO,NO,NO,NO,NO,NO,NO,NO,NO,SI,NO,SI
2275,1,3001,948,948,NO,NO,NO,SI,NO,NO,NO,NO,NO,NO,NO,NO,NO,SI
2276,1,3034,907,907,NO,SI,NO,NO,NO,NO,NO,NO,NO,NO,NO,SI,NO,NO
2277,1,3051,699,699,NO,NO,NO,NO,NO,NO,NO,NO,NO,NO,NO,NO,NO,SI
2278,1,3034,901,901,NO,NO,SI,NO,NO,NO,NO,NO,NO,NO,NO,NO,NO,SI
2279,1,3001,959,959,NO,NO,NO,NO,NO,NO,NO,NO,NO,NO,NO,NO,NO,SI
2280,1,3045,945,945,SI,SI,NO,NO,NO,NO,NO,NO,NO,NO,NO,NO,NO,SI
2281,1,3007,796,796,NO,NO,NO,NO,NO,NO,NO,NO,NO,NO,NO,NO,NO,SI
2282,1,3034,901,901,SI,NO,NO,NO,NO,NO,NO,NO,NO,NO,NO,NO,NO,NO
2283,1,3046,969,969,NO,NO,NO,NO,NO,NO,NO,NO,NO,NO,NO,NO,NO,SI
2284,1,3003,998,998,SI,SI,NO,NO,NO,NO,NO,NO,NO,NO,NO,NO,NO,SI
2285,1,3047,648,648,SI,NO,NO,NO,NO,NO,NO,NO,NO,NO,NO,NO,NO,SI
2286,1,3046,938,938,NO,NO,SI,NO,NO,NO,NO,NO,NO,NO,NO,NO,NO,SI
2287,1,3046,886,886,NO,NO,NO,NO,NO,NO,NO,NO,NO,NO,NO,NO,NO,SI
2288,1,3053,763,763,SI,NO,NO,NO,NO,NO,NO,NO,NO,NO,NO,NO,NO,NO
2289,1,3005,909,909,SI,NO,NO,SI,NO,NO,NO,NO,NO,NO,NO,NO,NO,SI
2290,1,3013,730,730,NO,NO,NO,NO,NO,NO,NO,NO,NO,NO,NO,NO,NO,SI
2291,1,3005,906,906,NO,SI,NO,NO,NO,NO,NO,NO,NO,NO,NO,NO,NO,SI
2292,1,3016,808,808,SI,SI,NO,NO,NO,NO,NO,NO,NO,NO,SI,SI,NO,NO
2293,1,3001,953,953,SI,NO,NO,NO,NO,NO,NO,NO,NO,NO,NO,NO,NO,SI
2294,1,3049,935,935,NO,NO,NO,NO,NO,NO,NO,NO,NO,NO,NO,NO,NO,SI
2295,1,3001,930,930,NO,NO,NO,NO,NO,NO,NO,NO,SI,NO,NO,NO,NO,SI
2296,1,3001,947,947,NO,NO,NO,NO,NO,NO,NO,NO,NO,NO,NO,NO,NO,SI
2297,1,3038,700,700,NO,NO,NO,NO,NO,SI,NO,NO,NO,NO,NO,SI,NO,SI
2298,1,3025,739,739,NO,NO,NO,NO,NO,NO,NO,NO,NO,NO,NO,SI,NO,SI
2299,1,3034,961,961,NO,NO,NO,NO,NO,NO,NO,NO,NO,NO,NO,NO,NO,SI
2300,1,3007,823,823,NO,NO,NO,NO,NO,NO,NO,NO,NO,NO,NO,NO,NO,SI
2301,1,3017,887,887,SI,NO,NO,NO,NO,SI,NO,NO,NO,NO,NO,NO,NO,SI
2302,1,3005,919,919,SI,NO,NO,NO,NO,NO,NO,NO,NO,NO,NO,NO,NO,SI
2303,1,3030,845,845,NO,SI,NO,SI,NO,NO,NO,NO,NO,NO,NO,NO,NO,SI
2304,1,3030,763,763,SI,NO,NO,NO,NO,NO,NO,NO,NO,NO,NO,NO,NO,SI
2305,1,3049,882,882,SI,NO,NO,SI,NO,NO,NO,NO,NO,NO,NO,NO,NO,SI
2306,1,3046,936,936,SI,NO,NO,NO,NO,SI,NO,NO,NO,NO,NO,NO,NO,SI
2307,1,3024,796,796,NO,NO,NO,NO,NO,NO,NO,NO,NO,NO,NO,NO,NO,SI
2308,1,3046,940,940,NO,SI,NO,NO,NO,NO,NO,NO,NO,NO,NO,NO,NO,SI
2309,1,3021,862,862,SI,NO,NO,NO,NO,NO,NO,NO,NO,NO,NO,SI,NO,SI
2310,1,3008,935,935,SI,NO,NO,NO,NO,NO,NO,NO,NO,NO,NO,NO,NO,SI
2311,1,3052,747,747,NO,SI,NO,NO,NO,NO,NO,NO,NO,NO,NO,NO,NO,SI
2312,1,3046,932,932,NO,NO,NO,NO,NO,NO,NO,NO,NO,NO,NO,NO,NO,SI
2313,1,3047,794,794,NO,NO,NO,NO,NO,NO,NO,NO,NO,NO,NO,SI,NO,SI
2314,1,3005,921,921,SI,SI,NO,NO,NO,NO,NO,NO,NO,NO,NO,NO,NO,NO
2315,1,3045,942,942,SI,NO,NO,NO,NO,NO,NO,NO,NO,NO,NO,NO,NO,SI
2316,1,3001,961,961,SI,NO,NO,NO,NO,NO,NO,NO,NO,NO,NO,NO,NO,NO
2317,1,3034,967,967,NO,SI,NO,NO,NO,NO,NO,NO,NO,NO,NO,NO,NO,SI
2318,1,3017,815,815,NO,NO,NO,NO,NO,NO,NO,NO,NO,NO,NO,NO,NO,SI
2319,1,3048,933,933,NO,NO,NO,NO,NO,NO,NO,NO,NO,NO,NO,NO,NO,SI
2320,1,3025,805,805,NO,NO,NO,NO,NO,NO,NO,NO,NO,NO,NO,NO,NO,SI
2321,1,3053,722,722,NO,SI,NO,NO,NO,NO,NO,NO,NO,NO,NO,SI,NO,SI
2322,1,3044,718,718,SI,NO,NO,NO,NO,NO,NO,NO,NO,NO,NO,NO,NO,NO
2323,1,3008,896,896,SI,NO,NO,NO,NO,SI,NO,NO,NO,NO,NO,NO,NO,SI
2324,1,3046,969,969,SI,NO,NO,NO,NO,NO,NO,NO,NO,NO,NO,NO,NO,SI
2325,1,3036,791,791,NO,NO,NO,NO,NO,SI,NO,NO,NO,NO,NO,NO,NO,SI
2326,1,3048,822,822,NO,NO,NO,NO,NO,NO,NO,NO,NO,NO,NO,NO,NO,SI
2327,1,3042,839,839,NO,NO,NO,NO,NO,NO,NO,NO,NO,NO,NO,SI,NO,SI
2328,1,3049,950,950,NO,SI,NO,NO,NO,NO,NO,NO,NO,NO,NO,NO,NO,SI
2329,1,3020,857,857,NO,NO,NO,NO,SI,NO,NO,NO,NO,NO,NO,SI,NO,SI
2330,1,3034,895,895,NO,NO,NO,NO,NO,NO,NO,NO,NO,NO,NO,NO,NO,SI
2331,1,3012,720,720,NO,NO,NO,SI,NO,NO,NO,NO,NO,NO,NO,SI,NO,NO
2332,1,3034,993,993,NO,NO,NO,NO,NO,NO,NO,NO,NO,NO,NO,NO,NO,SI
2333,1,3008,914,914,SI,NO,NO,NO,NO,NO,NO,NO,NO,NO,NO,NO,NO,SI
2334,1,3039,669,669,NO,NO,NO,NO,NO,NO,NO,NO,NO,NO,NO,NO,NO,SI
2335,1,3030,868,868,NO,NO,NO,NO,NO,NO,NO,NO,NO,NO,NO,NO,NO,SI
2336,1,3018,764,764,NO,SI,NO,NO,NO,NO,NO,NO,NO,NO,NO,NO,NO,SI
2337,1,3005,924,924,SI,NO,NO,NO,NO,NO,NO,NO,NO,NO,NO,NO,NO,SI
2338,1,3001,946,946,SI,NO,NO,NO,NO,NO,SI,NO,NO,NO,NO,NO,NO,SI
2339,1,3046,906,906,SI,NO,NO,NO,NO,NO,NO,NO,NO,NO,NO,NO,NO,NO
2340,1,3005,918,918,SI,NO,NO,NO,NO,NO,NO,NO,NO,NO,NO,NO,NO,SI
2341,1,3001,909,909,NO,NO,NO,NO,NO,NO,NO,NO,NO,NO,NO,NO,NO,SI
2342,1,3001,959,959,SI,NO,NO,SI,NO,NO,NO,NO,NO,NO,NO,SI,NO,SI
2343,1,3027,876,876,NO,NO,NO,NO,NO,NO,NO,NO,NO,NO,NO,SI,NO,SI
2344,1,3005,928,928,NO,SI,NO,NO,NO,NO,NO,NO,NO,NO,NO,NO,NO,NO
2345,1,3005,908,908,NO,NO,NO,NO,SI,NO,NO,NO,NO,NO,NO,NO,NO,SI
2346,1,3001,925,925,NO,SI,NO,NO,NO,NO,NO,NO,NO,NO,NO,NO,NO,SI
2347,1,3034,894,894,NO,NO,NO,NO,NO,NO,NO,NO,NO,NO,NO,SI,NO,SI
2348,1,3043,934,934,SI,NO,SI,NO,NO,NO,NO,NO,NO,NO,NO,NO,NO,SI
2349,1,3023,738,738,SI,SI,NO,NO,NO,NO,NO,NO,NO,NO,NO,NO,NO,NO
2350,1,3019,687,687,SI,SI,SI,NO,NO,NO,NO,NO,NO,NO,NO,NO,NO,SI
2351,1,3041,775,775,NO,NO,NO,NO,NO,NO,NO,NO,NO,NO,NO,NO,NO,SI
2352,1,3046,916,916,NO,NO,NO,NO,NO,NO,NO,NO,NO,NO,NO,SI,NO,SI
2353,1,3029,861,861,NO,NO,NO,NO,NO,NO,NO,NO,NO,NO,NO,NO,NO,NO
2354,1,3036,862,862,SI,SI,NO,SI,SI,NO,NO,NO,NO,NO,NO,NO,NO,SI
2355,1,3052,708,708,SI,NO,NO,NO,NO,NO,NO,NO,NO,NO,NO,NO,NO,SI
2356,1,3020,801,801,NO,NO,NO,SI,NO,NO,NO,NO,NO,NO,NO,NO,NO,SI
2357,1,3034,951,951,NO,NO,NO,NO,NO,NO,NO,NO,NO,NO,NO,NO,NO,SI
2358,1,3005,935,935,SI,SI,NO,NO,NO,NO,NO,NO,NO,NO,NO,NO,NO,SI
2359,1,3049,970,970,SI,NO,NO,NO,NO,NO,NO,NO,NO,NO,NO,NO,NO,SI
2360,1,3045,928,928,NO,NO,NO,NO,NO,NO,NO,NO,NO,NO,NO,NO,NO,SI
2361,1,3045,940,940,NO,SI,NO,NO,NO,NO,NO,NO,NO,NO,NO,SI,NO,SI
2362,1,3001,933,933,SI,NO,NO,NO,NO,NO,NO,NO,NO,NO,NO,NO,NO,SI
2363,1,3011,797,797,NO,NO,NO,NO,NO,NO,NO,NO,NO,NO,NO,SI,NO,SI
2364,1,3001,911,911,SI,NO,NO,NO,NO,NO,NO,NO,NO,NO,NO,SI,NO,SI
2365,1,3033,702,702,NO,NO,NO,NO,NO,NO,NO,NO,NO,NO,NO,NO,NO,SI
2366,1,3028,646,646,NO,NO,NO,NO,NO,NO,NO,NO,NO,NO,NO,NO,NO,SI
2367,1,3006,870,870,NO,NO,NO,NO,NO,NO,NO,NO,NO,NO,NO,NO,NO,NO
2368,1,3005,915,915,SI,NO,NO,NO,NO,NO,NO,NO,NO,NO,NO,NO,NO,SI
2369,1,3005,898,898,SI,NO,NO,NO,NO,NO,SI,NO,NO,NO,NO,NO,NO,SI
2370,1,3050,714,714,NO,NO,NO,SI,NO,NO,NO,NO,NO,NO,NO,NO,NO,NO
2371,1,3005,897,897,NO,NO,NO,SI,NO,SI,NO,NO,NO,NO,NO,SI,NO,SI
2372,1,3010,753,753,SI,NO,NO,NO,NO,NO,NO,NO,NO,NO,NO,NO,NO,SI
2373,1,3008,953,953,SI,SI,NO,NO,NO,NO,NO,NO,NO,NO,NO,SI,NO,SI
2374,1,3045,927,927,NO,NO,NO,NO,NO,NO,NO,NO,NO,NO,NO,NO,NO,SI
2375,1,3021,835,835,NO,NO,NO,NO,NO,NO,NO,NO,NO,NO,NO,SI,NO,SI
2376,1,3008,923,923,NO,NO,NO,NO,NO,NO,NO,NO,NO,NO,NO,NO,NO,SI
2377,1,3049,943,943,SI,NO,NO,NO,NO,NO,NO,NO,NO,NO,NO,NO,NO,NO
2378,1,3055,771,771,SI,NO,NO,SI,NO,NO,NO,NO,NO,NO,NO,SI,NO,SI
2379,1,3003,745,745,SI,NO,NO,NO,NO,NO,NO,NO,NO,NO,NO,NO,NO,SI
2380,1,3020,731,731,NO,SI,SI,NO,NO,SI,NO,NO,NO,NO,NO,NO,SI,SI
2381,1,3004,666,666,NO,NO,NO,NO,NO,NO,NO,NO,NO,NO,NO,NO,NO,SI
2382,1,3049,942,942,NO,NO,NO,NO,NO,NO,NO,NO,NO,NO,NO,NO,NO,SI
2383,1,3008,897,897,SI,SI,NO,NO,NO,NO,NO,NO,NO,NO,NO,NO,NO,SI
2384,1,3001,944,944,NO,SI,NO,NO,NO,NO,SI,NO,NO,NO,NO,SI,SI,NO
2385,1,3002,737,737,NO,NO,NO,NO,NO,NO,NO,NO,NO,NO,NO,NO,NO,SI
2386,1,3028,783,783,SI,NO,SI,NO,NO,NO,NO,NO,NO,NO,NO,NO,NO,SI
2387,1,3005,867,867,NO,NO,NO,NO,NO,NO,NO,NO,NO,NO,NO,NO,NO,SI
2388,1,3028,804,804,SI,NO,NO,NO,NO,NO,NO,NO,NO,NO,NO,SI,NO,SI
2389,1,3006,666,666,SI,NO,NO,SI,NO,NO,NO,NO,NO,NO,NO,NO,NO,SI
2390,1,3049,984,984,SI,NO,NO,NO,NO,NO,NO,NO,NO,NO,NO,NO,SI,NO
2391,1,3032,925,925,NO,NO,NO,NO,NO,NO,NO,NO,NO,NO,NO,NO,NO,NO
2392,1,3046,922,922,NO,NO,NO,NO,SI,NO,NO,NO,NO,NO,NO,NO,NO,NO
2393,1,3046,961,961,SI,NO,NO,NO,NO,SI,SI,NO,NO,NO,NO,NO,NO,NO
2394,1,3045,910,910,SI,NO,NO,SI,NO,NO,NO,NO,NO,NO,NO,NO,NO,SI
2395,1,3008,938,938,NO,NO,NO,NO,NO,NO,NO,NO,NO,NO,NO,NO,NO,NO
2396,1,3027,755,755,SI,NO,NO,NO,NO,NO,NO,NO,NO,NO,NO,NO,NO,SI
2397,1,3046,964,964,NO,NO,NO,NO,NO,NO,NO,NO,NO,NO,NO,NO,NO,SI
2398,1,3012,708,708,NO,SI,NO,NO,NO,NO,NO,NO,NO,NO,NO,SI,NO,SI
2399,1,3001,907,907,NO,NO,NO,NO,NO,NO,NO,NO,NO,NO,NO,NO,NO,SI
2400,1,3045,958,958,NO,NO,NO,NO,NO,NO,NO,NO,NO,NO,NO,NO,NO,NO
2401,1,3025,743,743,NO,NO,NO,NO,NO,NO,NO,NO,NO,NO,NO,NO,NO,SI
2402,1,3046,893,893,NO,NO,NO,NO,NO,NO,NO,NO,NO,NO,NO,NO,NO,SI
2403,1,3030,651,651,NO,NO,NO,NO,NO,NO,NO,NO,NO,NO,NO,NO,NO,SI
2404,1,3029,600,600,SI,NO,NO,NO,NO,NO,NO,NO,NO,NO,NO,SI,NO,SI
2405,1,3038,672,672,NO,NO,NO,NO,NO,NO,NO,NO,NO,NO,NO,NO,NO,SI
2406,1,3046,953,953,SI,NO,NO,SI,NO,NO,NO,NO,NO,NO,NO,NO,NO,NO
2407,1,3008,877,877,SI,NO,NO,NO,NO,SI,NO,NO,NO,NO,NO,NO,NO,SI
2408,1,3034,907,907,SI,NO,NO,NO,NO,NO,NO,NO,NO,NO,NO,NO,NO,SI
2409,1,3049,952,952,NO,SI,NO,NO,NO,NO,NO,NO,NO,NO,NO,NO,NO,SI
2410,1,3034,915,915,SI,SI,NO,NO,NO,NO,NO,NO,NO,NO,NO,NO,NO,NO
2411,1,3034,920,920,SI,SI,NO,NO,NO,NO,NO,NO,NO,NO,NO,NO,NO,SI
2412,1,3045,899,899,SI,NO,NO,NO,NO,NO,NO,NO,NO,NO,NO,NO,NO,SI
2413,1,3008,894,894,SI,NO,NO,NO,NO,NO,NO,NO,NO,NO,NO,NO,NO,SI
2414,1,3028,927,927,NO,SI,NO,NO,NO,NO,NO,NO,NO,NO,NO,SI,NO,SI
2415,1,3005,945,945,SI,NO,NO,NO,NO,NO,NO,NO,NO,NO,NO,NO,NO,SI
2416,1,3036,925,925,NO,NO,NO,SI,NO,NO,NO,NO,NO,NO,NO,NO,NO,SI
2417,1,3005,937,937,NO,NO,NO,NO,NO,NO,NO,NO,NO,NO,NO,NO,NO,SI
2418,1,3049,940,940,NO,NO,NO,NO,NO,NO,NO,NO,NO,NO,NO,NO,NO,NO
2419,1,3026,801,801,NO,NO,NO,NO,NO,NO,NO,NO,NO,NO,NO,NO,NO,NO
2420,1,3049,995,995,NO,SI,NO,NO,NO,NO,NO,NO,NO,NO,NO,NO,NO,NO
2421,1,3045,934,934,SI,NO,NO,NO,NO,NO,NO,NO,NO,NO,NO,NO,NO,SI
2422,1,3046,962,962,NO,NO,NO,NO,NO,NO,NO,NO,NO,NO,NO,SI,NO,SI
2423,1,3034,939,939,NO,NO,NO,SI,NO,NO,NO,NO,NO,NO,NO,NO,NO,SI
2424,1,3025,745,745,SI,NO,NO,NO,NO,NO,NO,NO,NO,NO,NO,NO,NO,SI
2425,1,3045,912,912,NO,NO,NO,NO,NO,NO,NO,NO,NO,NO,SI,NO,NO,SI
2426,1,3034,999,999,NO,NO,NO,SI,NO,NO,NO,NO,NO,NO,NO,NO,NO,SI
2427,1,3034,960,960,SI,NO,NO,NO,NO,NO,NO,NO,NO,NO,NO,NO,NO,NO
2428,1,3045,953,953,NO,NO,NO,NO,NO,NO,NO,NO,NO,NO,NO,NO,NO,SI
2429,1,3046,992,992,NO,NO,SI,NO,NO,NO,NO,NO,NO,NO,NO,NO,NO,SI
2430,1,3045,931,931,SI,NO,NO,NO,NO,NO,NO,NO,NO,NO,NO,SI,SI,SI
2431,1,3020,720,720,NO,SI,NO,NO,NO,NO,NO,NO,NO,NO,NO,NO,NO,NO
2432,1,3013,740,740,NO,NO,NO,NO,SI,NO,NO,NO,NO,NO,NO,NO,NO,NO
2433,1,3029,786,786,NO,NO,NO,NO,SI,NO,NO,NO,NO,NO,NO,NO,NO,SI
2434,1,3008,901,901,NO,NO,NO,NO,NO,NO,NO,NO,NO,NO,NO,NO,NO,NO
2435,1,3001,920,920,NO,SI,NO,NO,NO,NO,NO,NO,NO,NO,NO,NO,NO,SI
2436,1,3034,919,919,SI,NO,NO,NO,NO,NO,NO,NO,NO,NO,NO,NO,NO,NO
2437,1,3025,723,723,SI,NO,NO,NO,NO,NO,NO,NO,NO,NO,NO,NO,NO,NO
2438,1,3027,729,729,NO,NO,NO,NO,NO,NO,NO,NO,NO,NO,NO,NO,NO,SI
2439,1,3045,882,882,NO,NO,NO,NO,NO,NO,NO,NO,NO,NO,NO,NO,NO,SI
2440,1,3046,885,885,NO,NO,NO,SI,NO,NO,NO,NO,NO,NO,NO,SI,NO,SI
2441,1,3045,969,969,SI,NO,NO,NO,NO,NO,NO,NO,NO,NO,NO,SI,NO,SI
2442,1,3049,983,983,NO,NO,NO,NO,NO,NO,NO,NO,NO,NO,NO,NO,NO,SI
2443,1,3049,903,903,NO,SI,NO,NO,NO,NO,NO,NO,NO,NO,NO,NO,NO,SI
2444,1,3001,915,915,SI,NO,NO,NO,NO,NO,NO,SI,NO,NO,NO,NO,NO,SI
2445,1,3005,917,917,SI,NO,NO,NO,SI,NO,NO,NO,NO,NO,NO,NO,NO,SI
2446,1,3046,935,935,SI,NO,NO,NO,NO,NO,SI,NO,NO,NO,NO,SI,NO,SI
2447,1,3049,914,914,NO,NO,NO,NO,NO,SI,NO,NO,NO,NO,NO,NO,NO,SI
2448,1,3001,906,906,SI,NO,NO,NO,NO,NO,NO,NO,NO,NO,NO,NO,NO,SI
2449,1,3046,945,945,NO,NO,NO,NO,NO,NO,NO,NO,NO,NO,NO,NO,SI,NO
2450,1,3043,770,770,NO,NO,NO,SI,NO,NO,NO,NO,NO,NO,NO,NO,NO,SI
2451,1,3045,991,991,SI,SI,NO,NO,NO,NO,NO,NO,NO,NO,NO,NO,NO,SI
2452,1,3046,946,946,SI,NO,NO,NO,NO,NO,SI,NO,NO,NO,NO,SI,NO,SI
2453,1,3046,910,910,NO,NO,NO,NO,NO,NO,NO,NO,NO,NO,NO,SI,NO,SI
2454,1,3008,879,879,NO,SI,NO,NO,NO,SI,NO,NO,NO,NO,NO,NO,NO,SI
2455,1,3034,939,939,NO,SI,NO,NO,NO,NO,SI,NO,NO,NO,NO,NO,NO,SI
2456,1,3049,926,926,NO,NO,NO,NO,NO,NO,NO,NO,NO,NO,NO,NO,NO,SI
2457,1,3028,743,743,SI,NO,NO,NO,NO,NO,NO,NO,NO,NO,NO,NO,NO,SI
2458,1,3042,762,762,NO,NO,NO,SI,NO,NO,NO,NO,NO,NO,NO,NO,NO,SI
2459,1,3001,919,919,SI,NO,NO,SI,NO,NO,NO,NO,NO,NO,NO,NO,NO,SI
2460,1,3046,965,965,SI,SI,NO,NO,NO,NO,NO,NO,NO,NO,NO,SI,NO,SI
2461,1,3008,953,953,NO,NO,NO,NO,NO,NO,NO,NO,NO,NO,NO,NO,NO,SI
2462,1,3005,930,930,NO,SI,NO,NO,NO,NO,NO,NO,NO,NO,NO,NO,NO,SI
2463,1,3018,647,647,NO,NO,NO,NO,NO,NO,NO,NO,NO,NO,NO,NO,NO,SI
2464,1,3005,949,949,SI,SI,NO,NO,NO,NO,NO,NO,NO,NO,NO,NO,NO,NO
2465,1,3029,691,691,NO,NO,NO,NO,NO,NO,NO,NO,NO,NO,NO,NO,NO,SI
2466,1,3035,746,746,NO,NO,NO,NO,NO,NO,NO,NO,NO,NO,NO,NO,NO,NO
2467,1,3046,947,947,NO,NO,NO,NO,NO,NO,NO,NO,NO,NO,NO,NO,NO,SI
2468,1,3008,924,924,NO,NO,NO,NO,NO,NO,NO,NO,NO,NO,NO,NO,NO,SI
2469,1,3049,1000,1000,NO,NO,NO,NO,NO,NO,NO,NO,NO,NO,NO,NO,NO,SI
2470,1,3049,880,880,NO,NO,NO,NO,NO,NO,NO,NO,NO,NO,NO,NO,NO,SI
2471,1,3021,869,869,NO,NO,NO,NO,NO,NO,NO,NO,NO,NO,NO,NO,NO,SI
2472,1,3040,871,871,SI,NO,NO,NO,SI,NO,NO,NO,NO,NO,NO,NO,NO,SI
2473,1,3008,893,893,SI,NO,NO,NO,NO,NO,NO,NO,NO,NO,NO,NO,NO,NO
2474,1,3051,831,831,NO,NO,NO,NO,NO,NO,NO,NO,NO,NO,NO,NO,NO,SI
2475,1,3049,912,912,NO,NO,NO,NO,NO,NO,NO,NO,NO,NO,NO,NO,NO,SI
2476,1,3034,938,938,NO,NO,NO,NO,NO,NO,NO,NO,NO,NO,NO,SI,NO,SI
2477,1,3055,684,684,SI,NO,NO,NO,NO,NO,NO,NO,NO,NO,NO,NO,NO,NO
2478,1,3007,754,754,SI,NO,NO,SI,NO,NO,NO,NO,NO,NO,NO,NO,NO,SI
2479,1,3010,787,787,SI,NO,NO,NO,NO,NO,NO,NO,NO,NO,NO,NO,NO,SI
2480,1,3050,671,671,SI,SI,NO,NO,NO,NO,NO,NO,NO,NO,NO,NO,NO,NO
2481,1,3027,825,825,NO,NO,NO,NO,NO,NO,NO,NO,NO,NO,SI,NO,NO,SI
2482,1,3032,664,664,SI,SI,NO,NO,NO,NO,NO,NO,NO,NO,NO,NO,NO,SI
2483,1,3044,726,726,NO,NO,NO,NO,SI,NO,NO,NO,NO,NO,NO,NO,NO,SI
2484,1,3029,827,827,SI,SI,NO,NO,NO,NO,NO,NO,NO,NO,NO,NO,NO,NO
2485,1,3034,934,934,NO,SI,NO,NO,NO,NO,NO,NO,NO,NO,NO,NO,NO,SI
2486,1,3001,893,893,NO,NO,NO,NO,NO,NO,NO,NO,SI,NO,NO,NO,NO,SI
2487,1,3023,888,888,SI,NO,NO,NO,NO,NO,NO,NO,NO,NO,NO,NO,NO,SI
2488,1,3045,924,924,NO,SI,NO,NO,NO,NO,NO,NO,NO,NO,NO,NO,NO,SI
2489,1,3045,942,942,SI,NO,NO,SI,NO,NO,NO,NO,NO,NO,NO,NO,NO,SI
2490,1,3049,938,938,NO,NO,NO,NO,NO,NO,NO,NO,NO,NO,NO,NO,SI,SI
2491,1,3055,861,861,SI,NO,NO,NO,NO,NO,NO,SI,NO,NO,NO,SI,NO,SI
2492,1,3008,945,945,NO,SI,NO,NO,NO,NO,NO,NO,NO,NO,NO,NO,NO,NO
2493,1,3013,811,811,NO,SI,NO,NO,NO,NO,NO,NO,NO,NO,NO,NO,SI,SI
2494,1,3005,976,976,SI,SI,NO,NO,NO,NO,NO,NO,NO,NO,NO,NO,NO,SI
2495,1,3005,948,948,NO,SI,NO,NO,NO,NO,NO,NO,NO,NO,NO,NO,NO,SI
2496,1,3040,828,828,SI,SI,NO,NO,NO,NO,NO,NO,NO,NO,NO,NO,NO,SI
2497,1,3038,800,800,SI,SI,NO,NO,NO,NO,NO,NO,NO,NO,NO,NO,NO,NO
2498,1,3005,922,922,SI,NO,NO,NO,NO,SI,NO,NO,NO,NO,NO,NO,NO,SI
2499,1,3040,751,751,SI,NO,NO,SI,NO,NO,NO,NO,NO,NO,NO,NO,NO,NO
2500,1,3046,935,935,NO,SI,NO,NO,NO,SI,NO,NO,NO,NO,NO,SI,NO,SI
2501,1,3051,724,724,NO,NO,NO,NO,NO,NO,NO,NO,NO,NO,NO,NO,NO,SI
2502,1,3010,881,881,NO,NO,NO,NO,NO,NO,NO,NO,NO,NO,NO,NO,NO,SI
2503,1,3046,950,950,NO,SI,NO,NO,NO,NO,NO,NO,NO,NO,NO,NO,NO,SI
2504,1,3037,712,712,NO,NO,NO,NO,NO,NO,NO,NO,NO,NO,NO,NO,NO,SI
2505,1,3047,1000,1000,NO,NO,NO,SI,NO,NO,NO,NO,NO,NO,NO,SI,NO,SI
2506,1,3049,940,940,SI,NO,NO,NO,NO,NO,NO,NO,NO,NO,NO,NO,NO,SI
2507,1,3017,801,801,SI,NO,SI,NO,NO,NO,NO,NO,NO,NO,NO,NO,NO,SI
2508,1,3049,945,945,NO,NO,NO,NO,NO,NO,NO,NO,NO,NO,NO,NO,NO,SI
2509,1,3036,696,696,SI,NO,NO,NO,NO,NO,NO,NO,NO,NO,NO,NO,NO,SI
2510,1,3034,874,874,NO,NO,NO,NO,NO,NO,NO,NO,NO,NO,NO,NO,NO,NO
2511,1,3049,897,897,NO,NO,NO,NO,NO,NO,NO,NO,NO,NO,NO,NO,NO,SI
2512,1,3045,976,976,NO,SI,NO,NO,NO,NO,NO,NO,NO,NO,NO,NO,NO,SI
2513,1,3048,741,741,SI,NO,NO,NO,NO,NO,NO,NO,NO,NO,NO,SI,NO,SI
2514,1,3018,660,660,NO,NO,NO,NO,NO,NO,NO,NO,NO,NO,NO,SI,NO,SI
2515,1,3016,729,729,SI,NO,NO,NO,NO,NO,NO,NO,NO,NO,NO,NO,NO,SI
2516,1,3037,891,891,NO,NO,NO,NO,NO,NO,NO,NO,NO,NO,NO,NO,SI,SI
2517,1,3034,914,914,SI,NO,NO,NO,NO,NO,NO,NO,NO,NO,NO,NO,NO,NO
2518,1,3045,924,924,NO,NO,NO,NO,NO,NO,NO,NO,NO,NO,NO,SI,NO,SI
2519,1,3054,629,629,SI,NO,NO,NO,NO,NO,NO,NO,NO,NO,NO,NO,NO,SI
2520,1,3047,865,865,NO,NO,NO,NO,SI,NO,NO,NO,NO,NO,NO,NO,NO,NO
2521,1,3054,682,682,NO,NO,NO,NO,NO,NO,NO,NO,NO,NO,NO,NO,NO,SI
2522,1,3049,895,895,NO,SI,NO,NO,NO,NO,NO,NO,NO,NO,NO,NO,NO,SI
2523,1,3014,779,779,NO,SI,NO,SI,NO,NO,NO,NO,NO,NO,NO,NO,NO,SI
2524,1,3024,775,775,NO,SI,NO,NO,NO,NO,NO,NO,NO,NO,NO,NO,NO,SI
2525,1,3046,917,917,NO,SI,NO,NO,SI,NO,NO,NO,NO,NO,NO,SI,NO,SI
2526,1,3039,734,734,SI,NO,NO,NO,NO,NO,NO,NO,NO,NO,NO,NO,NO,SI
2527,1,3034,938,938,NO,NO,NO,NO,NO,NO,NO,NO,NO,NO,NO,NO,NO,SI
2528,1,3045,927,927,NO,NO,NO,NO,NO,NO,NO,NO,NO,NO,NO,NO,NO,SI
2529,1,3049,888,888,SI,SI,NO,NO,NO,NO,NO,NO,NO,NO,NO,NO,NO,SI
2530,1,3030,715,715,NO,SI,NO,NO,NO,NO,NO,NO,NO,NO,NO,NO,NO,SI
2531,1,3046,894,894,NO,NO,NO,NO,NO,NO,NO,NO,NO,NO,NO,NO,NO,SI
2532,1,3001,962,962,NO,NO,NO,NO,NO,NO,NO,NO,NO,NO,NO,NO,NO,SI
2533,1,3001,874,874,SI,NO,NO,NO,NO,NO,NO,NO,NO,NO,NO,NO,NO,SI
2534,1,3044,707,707,NO,NO,NO,NO,NO,NO,NO,NO,NO,NO,NO,NO,NO,NO
2535,1,3020,765,765,NO,SI,NO,NO,NO,NO,NO,NO,NO,NO,NO,NO,NO,SI
2536,1,3018,864,864,NO,SI,NO,NO,NO,NO,NO,NO,NO,NO,NO,NO,NO,NO
2537,1,3028,951,951,SI,SI,NO,NO,NO,NO,NO,NO,NO,NO,NO,NO,NO,SI
2538,1,3008,986,986,NO,SI,NO,NO,NO,NO,NO,NO,NO,NO,NO,NO,NO,NO
2539,1,3049,951,951,NO,SI,NO,NO,NO,NO,NO,NO,NO,NO,NO,NO,SI,SI
2540,1,3049,918,918,SI,NO,NO,NO,NO,NO,NO,NO,NO,NO,NO,NO,NO,SI
2541,1,3046,928,928,NO,NO,NO,NO,NO,NO,NO,NO,NO,NO,NO,NO,NO,SI
2542,1,3049,900,900,SI,NO,NO,NO,NO,NO,NO,NO,NO,NO,NO,NO,NO,SI
2543,1,3008,905,905,SI,NO,NO,NO,NO,NO,NO,NO,NO,NO,NO,NO,NO,NO
2544,1,3029,652,652,NO,NO,NO,NO,NO,NO,NO,NO,NO,NO,NO,NO,NO,SI
2545,1,3020,787,787,SI,NO,NO,NO,NO,NO,NO,NO,NO,NO,NO,NO,NO,NO
2546,1,3001,959,959,SI,NO,NO,SI,NO,NO,NO,NO,NO,NO,NO,NO,NO,SI
2547,1,3037,755,755,NO,NO,NO,NO,NO,NO,NO,NO,NO,NO,NO,NO,NO,SI
2548,1,3056,720,720,NO,SI,NO,NO,NO,NO,NO,NO,NO,NO,NO,NO,NO,SI
2549,1,3040,760,760,NO,NO,NO,NO,SI,NO,NO,NO,NO,NO,NO,NO,NO,SI
2550,1,3034,904,904,NO,NO,NO,NO,NO,NO,NO,NO,NO,NO,NO,SI,NO,SI
2551,1,3005,967,967,NO,NO,NO,NO,NO,NO,NO,NO,NO,NO,NO,SI,NO,SI
2552,1,3024,846,846,NO,NO,NO,NO,NO,NO,NO,NO,NO,NO,NO,NO,NO,NO
2553,1,3034,882,882,SI,NO,NO,NO,NO,NO,NO,NO,NO,NO,NO,NO,NO,SI
2554,1,3018,680,680,NO,NO,NO,NO,NO,SI,NO,NO,NO,NO,NO,NO,NO,SI
2555,1,3049,985,985,SI,NO,NO,SI,NO,NO,NO,NO,NO,NO,NO,NO,SI,SI
2556,1,3014,773,773,NO,NO,NO,NO,NO,NO,NO,NO,NO,NO,NO,NO,NO,SI
2557,1,3001,918,918,NO,NO,NO,NO,NO,NO,NO,NO,NO,NO,NO,NO,NO,SI
2558,1,3001,928,928,SI,NO,NO,NO,NO,NO,NO,NO,NO,NO,NO,NO,NO,SI
2559,1,3005,939,939,SI,NO,NO,SI,NO,NO,NO,NO,NO,NO,NO,NO,NO,SI
2560,1,3028,806,806,NO,NO,NO,NO,NO,NO,NO,NO,NO,NO,NO,NO,NO,SI
2561,1,3049,948,948,SI,NO,NO,NO,NO,NO,NO,NO,NO,NO,NO,NO,NO,NO
2562,1,3046,887,887,NO,NO,NO,SI,NO,NO,NO,NO,NO,NO,NO,NO,NO,SI
2563,1,3001,953,953,SI,NO,NO,NO,NO,NO,NO,NO,NO,NO,NO,NO,NO,NO
2564,1,3010,846,846,NO,NO,NO,NO,NO,NO,NO,NO,NO,NO,NO,NO,NO,SI
2565,1,3006,777,777,SI,NO,NO,NO,NO,NO,NO,NO,NO,NO,NO,NO,NO,SI
2566,1,3007,813,813,NO,SI,NO,NO,NO,NO,NO,NO,NO,NO,NO,SI,NO,SI
2567,1,3049,922,922,NO,SI,NO,NO,NO,NO,NO,NO,NO,NO,NO,NO,NO,SI
2568,1,3049,954,954,NO,NO,NO,NO,NO,NO,NO,NO,NO,NO,NO,NO,NO,SI
2569,1,3045,982,982,NO,NO,NO,NO,NO,NO,NO,NO,NO,NO,NO,SI,NO,SI
2570,1,3005,937,937,NO,NO,NO,SI,NO,NO,NO,NO,NO,NO,NO,NO,NO,SI
2571,1,3045,933,933,NO,SI,NO,NO,NO,NO,NO,NO,NO,NO,NO,NO,NO,SI
2572,1,3018,764,764,SI,NO,NO,NO,NO,NO,NO,NO,NO,NO,NO,NO,NO,SI
2573,1,3034,901,901,SI,NO,NO,SI,SI,NO,NO,NO,NO,NO,NO,SI,NO,NO
2574,1,3045,924,924,NO,SI,NO,SI,NO,NO,NO,NO,NO,NO,NO,NO,NO,SI
2575,1,3034,928,928,SI,NO,NO,NO,NO,NO,NO,NO,NO,NO,NO,NO,NO,SI
2576,1,3045,934,934,NO,NO,NO,NO,NO,NO,NO,NO,NO,NO,NO,NO,NO,SI
2577,1,3005,910,910,SI,NO,NO,NO,NO,NO,NO,NO,NO,NO,NO,NO,NO,SI
2578,1,3034,905,905,NO,NO,NO,NO,NO,SI,NO,NO,NO,NO,NO,SI,NO,NO
2579,1,3049,891,891,NO,NO,NO,NO,NO,NO,NO,NO,NO,NO,NO,NO,NO,SI
2580,1,3049,865,865,SI,NO,NO,NO,NO,NO,NO,NO,NO,NO,NO,NO,NO,SI
2581,1,3005,906,906,SI,NO,NO,NO,NO,NO,NO,NO,NO,NO,NO,NO,NO,SI
2582,1,3049,963,963,NO,NO,NO,NO,NO,NO,NO,NO,NO,NO,NO,NO,NO,SI
2583,1,3008,938,938,SI,NO,NO,NO,NO,NO,NO,NO,NO,NO,NO,NO,NO,SI
2584,1,3049,918,918,NO,NO,SI,NO,NO,NO,NO,NO,NO,NO,NO,NO,NO,NO
2585,1,3004,825,825,NO,NO,NO,SI,NO,NO,NO,NO,NO,NO,NO,NO,NO,SI
2586,1,3045,916,916,NO,NO,NO,NO,NO,NO,NO,NO,NO,NO,NO,SI,NO,SI
2587,1,3034,878,878,NO,NO,NO,NO,NO,SI,NO,NO,NO,NO,NO,NO,NO,SI
2588,1,3005,904,904,SI,NO,NO,NO,NO,NO,NO,NO,NO,NO,NO,NO,NO,SI
2589,1,3034,986,986,NO,NO,NO,NO,NO,NO,NO,NO,NO,NO,NO,NO,NO,SI
2590,1,3025,803,803,NO,SI,NO,SI,NO,NO,NO,NO,NO,NO,NO,NO,NO,SI
2591,1,3049,932,932,NO,NO,NO,SI,NO,NO,NO,NO,NO,NO,NO,NO,NO,NO
2592,1,3034,925,925,NO,NO,NO,NO,NO,NO,NO,NO,NO,NO,NO,NO,NO,NO
2593,1,3001,970,970,SI,NO,NO,NO,NO,SI,NO,NO,NO,NO,NO,NO,SI,NO
2594,1,3046,947,947,SI,SI,NO,NO,NO,NO,NO,NO,NO,NO,NO,NO,NO,SI
2595,1,3001,894,894,SI,NO,NO,NO,NO,NO,NO,NO,NO,NO,NO,NO,NO,SI
2596,1,3008,918,918,NO,NO,NO,NO,NO,NO,NO,NO,NO,NO,NO,NO,NO,SI
2597,1,3034,924,924,NO,NO,NO,NO,NO,NO,NO,NO,NO,NO,NO,NO,NO,SI
2598,1,3034,929,929,SI,NO,NO,NO,NO,NO,NO,NO,NO,NO,NO,NO,NO,SI
2599,1,3001,939,939,SI,NO,NO,NO,NO,NO,NO,NO,NO,NO,NO,NO,NO,SI
2600,1,3008,963,963,SI,NO,NO,NO,SI,NO,NO,NO,NO,NO,NO,NO,NO,SI
2601,1,3046,964,964,NO,NO,NO,NO,NO,NO,NO,NO,NO,NO,NO,SI,NO,SI
2602,1,3042,774,774,NO,SI,NO,NO,NO,NO,NO,NO,NO,NO,NO,NO,NO,SI
2603,1,3034,892,892,NO,SI,NO,NO,NO,NO,NO,NO,NO,NO,NO,NO,NO,SI
2604,1,3030,874,874,NO,SI,NO,NO,NO,NO,NO,NO,NO,NO,NO,NO,NO,NO
2605,1,3034,957,957,NO,NO,NO,NO,NO,NO,NO,NO,NO,NO,NO,NO,NO,SI
2606,1,3046,950,950,NO,NO,NO,NO,NO,NO,NO,NO,NO,NO,NO,NO,NO,SI
2607,1,3006,783,783,NO,SI,NO,NO,NO,NO,NO,NO,NO,NO,NO,NO,NO,NO
2608,1,3045,944,944,NO,NO,NO,SI,NO,NO,NO,NO,NO,NO,NO,NO,NO,NO
2609,1,3028,793,793,SI,NO,NO,NO,NO,NO,NO,NO,NO,NO,NO,NO,SI,NO
2610,1,3046,926,926,NO,NO,NO,NO,NO,NO,NO,NO,NO,NO,NO,NO,NO,SI
2611,1,3046,891,891,SI,SI,NO,NO,NO,NO,NO,NO,NO,NO,NO,NO,NO,SI
2612,1,3034,935,935,NO,NO,NO,NO,NO,NO,NO,NO,NO,NO,NO,NO,NO,NO
2613,1,3004,831,831,NO,SI,SI,NO,NO,NO,NO,NO,NO,NO,NO,NO,NO,NO
2614,1,3001,968,968,NO,NO,NO,NO,NO,NO,NO,NO,NO,NO,NO,NO,NO,SI
2615,1,3045,961,961,SI,NO,NO,NO,NO,NO,NO,NO,NO,NO,NO,NO,NO,SI
2616,1,3045,945,945,NO,NO,SI,NO,SI,NO,NO,NO,NO,NO,NO,NO,NO,NO
2617,1,3001,959,959,SI,NO,NO,SI,SI,NO,NO,NO,NO,NO,NO,NO,NO,SI
2618,1,3001,974,974,NO,NO,NO,NO,NO,NO,NO,NO,NO,NO,NO,NO,NO,SI
2619,1,3051,683,683,NO,NO,NO,NO,NO,NO,NO,NO,NO,NO,NO,NO,NO,NO
2620,1,3046,949,949,SI,SI,NO,NO,NO,NO,NO,NO,NO,NO,NO,NO,NO,SI
2621,1,3045,945,945,NO,NO,NO,NO,NO,NO,NO,NO,NO,NO,NO,SI,NO,SI
2622,1,3001,920,920,NO,SI,NO,NO,SI,NO,NO,NO,NO,NO,NO,NO,NO,NO
2623,1,3049,965,965,SI,SI,NO,NO,NO,NO,NO,NO,NO,NO,NO,NO,NO,NO
2624,1,3049,988,988,NO,NO,NO,NO,NO,NO,NO,NO,NO,NO,NO,NO,NO,NO
2625,1,3029,929,929,SI,NO,NO,NO,NO,NO,NO,NO,NO,NO,NO,NO,NO,SI
2626,1,3005,961,961,NO,NO,NO,NO,NO,NO,NO,NO,NO,NO,NO,NO,NO,SI
2627,1,3041,709,709,NO,NO,NO,NO,SI,NO,NO,NO,NO,NO,NO,NO,NO,NO
2628,1,3034,927,927,NO,NO,NO,NO,NO,NO,NO,NO,NO,NO,NO,NO,NO,SI
2629,1,3049,913,913,NO,NO,NO,NO,NO,NO,NO,NO,NO,NO,NO,NO,NO,NO
2630,1,3011,675,675,NO,SI,NO,NO,NO,NO,NO,NO,NO,NO,NO,NO,NO,NO
2631,1,3006,638,638,NO,NO,NO,NO,SI,NO,NO,NO,NO,NO,NO,NO,NO,SI
2632,1,3021,828,828,NO,NO,NO,NO,NO,NO,NO,NO,NO,NO,NO,NO,NO,SI
2633,1,3017,907,907,SI,SI,NO,NO,NO,NO,NO,NO,NO,NO,NO,NO,NO,SI
2634,1,3025,839,839,NO,NO,NO,NO,NO,SI,NO,NO,NO,NO,NO,SI,NO,SI
2635,1,3046,959,959,SI,NO,NO,NO,NO,NO,NO,NO,NO,NO,NO,NO,NO,SI
2636,1,3045,932,932,NO,SI,NO,NO,NO,SI,NO,NO,NO,NO,NO,NO,NO,SI
2637,1,3053,700,700,NO,NO,NO,NO,NO,NO,NO,NO,NO,NO,NO,NO,SI,SI
2638,1,3046,900,900,SI,NO,NO,NO,NO,NO,NO,NO,SI,NO,NO,NO,NO,SI
2639,1,3049,928,928,SI,NO,NO,NO,NO,NO,NO,NO,NO,NO,NO,NO,NO,SI
2640,1,3005,969,969,NO,NO,NO,NO,NO,NO,SI,NO,NO,NO,NO,NO,NO,NO
2641,1,3049,904,904,NO,NO,NO,NO,NO,NO,NO,NO,NO,NO,NO,NO,NO,SI
2642,1,3046,944,944,SI,SI,NO,SI,SI,NO,NO,NO,NO,NO,NO,NO,NO,NO
2643,1,3034,930,930,SI,NO,NO,NO,SI,NO,NO,NO,NO,NO,NO,NO,NO,SI
2644,1,3031,660,660,NO,NO,NO,NO,NO,NO,NO,NO,NO,NO,NO,NO,NO,SI
2645,1,3005,948,948,NO,NO,NO,NO,NO,NO,NO,NO,NO,NO,NO,NO,NO,SI
2646,1,3049,947,947,NO,NO,NO,NO,NO,NO,NO,NO,NO,NO,NO,NO,NO,NO
2647,1,3051,879,879,NO,NO,NO,NO,NO,NO,NO,NO,NO,NO,NO,NO,NO,SI
2648,1,3030,775,775,NO,NO,SI,NO,NO,NO,NO,NO,NO,NO,NO,NO,NO,SI
2649,1,3034,901,901,SI,NO,NO,NO,NO,NO,NO,NO,NO,NO,NO,NO,NO,NO
2650,1,3008,892,892,NO,NO,NO,NO,NO,NO,NO,NO,NO,NO,NO,NO,NO,SI
2651,1,3018,763,763,NO,NO,NO,SI,NO,NO,NO,NO,NO,NO,NO,NO,NO,NO
2652,1,3005,962,962,NO,NO,NO,NO,NO,NO,NO,NO,NO,NO,NO,NO,NO,SI
2653,1,3005,901,901,SI,NO,NO,NO,NO,NO,NO,NO,NO,NO,NO,NO,NO,SI
2654,1,3034,928,928,SI,NO,NO,NO,NO,NO,NO,NO,NO,NO,NO,SI,NO,SI
2655,1,3034,924,924,NO,NO,NO,NO,NO,NO,NO,NO,NO,NO,NO,SI,NO,NO
2656,1,3002,785,785,NO,NO,NO,NO,NO,NO,NO,NO,NO,NO,NO,NO,NO,SI
2657,1,3005,979,979,SI,SI,NO,NO,NO,NO,NO,NO,NO,NO,NO,NO,NO,SI
2658,1,3001,922,922,SI,SI,NO,NO,NO,NO,NO,NO,NO,NO,NO,NO,NO,SI
2659,1,3008,918,918,SI,NO,NO,NO,NO,NO,NO,NO,NO,NO,NO,NO,NO,SI
2660,1,3008,945,945,NO,SI,NO,NO,NO,NO,NO,NO,NO,NO,NO,NO,NO,SI
2661,1,3008,981,981,NO,SI,NO,NO,NO,NO,NO,NO,NO,NO,NO,NO,NO,NO
2662,1,3001,893,893,NO,NO,NO,NO,NO,NO,NO,NO,NO,NO,NO,NO,NO,NO
2663,1,3045,965,965,SI,NO,NO,NO,NO,NO,NO,NO,NO,NO,NO,NO,NO,SI
2664,1,3031,736,736,SI,SI,NO,NO,NO,NO,NO,NO,NO,NO,NO,NO,NO,NO
2665,1,3040,774,774,NO,NO,NO,NO,NO,NO,NO,NO,NO,NO,NO,NO,NO,SI
2666,1,3007,744,744,NO,SI,NO,NO,NO,NO,NO,NO,NO,NO,NO,NO,NO,SI
2667,1,3034,890,890,SI,NO,NO,NO,NO,NO,NO,NO,NO,NO,NO,NO,NO,NO
2668,1,3005,912,912,SI,SI,NO,NO,NO,NO,NO,NO,NO,NO,NO,NO,NO,SI
2669,1,3049,887,887,NO,NO,NO,NO,NO,NO,NO,NO,NO,NO,NO,NO,NO,SI
2670,1,3047,848,848,NO,NO,NO,SI,NO,NO,NO,NO,NO,NO,NO,NO,NO,SI
2671,1,3001,873,873,NO,SI,NO,NO,NO,NO,NO,NO,NO,NO,NO,NO,NO,NO
2672,1,3038,773,773,SI,NO,NO,NO,NO,NO,NO,NO,NO,NO,NO,NO,NO,SI
2673,1,3029,782,782,NO,NO,NO,SI,NO,NO,NO,NO,NO,NO,NO,NO,NO,SI
2674,1,3049,963,963,NO,SI,NO,NO,NO,NO,NO,NO,NO,NO,NO,NO,NO,SI
2675,1,3054,849,849,SI,NO,NO,SI,NO,NO,NO,NO,NO,NO,NO,NO,NO,NO
2676,1,3020,626,626,SI,SI,NO,NO,NO,NO,NO,NO,NO,NO,NO,NO,NO,SI
2677,1,3005,918,918,NO,NO,NO,SI,NO,NO,NO,NO,NO,NO,NO,NO,NO,SI
2678,1,3025,795,795,NO,SI,NO,NO,NO,NO,NO,NO,NO,NO,NO,NO,NO,SI
2679,1,3021,719,719,NO,NO,NO,NO,NO,NO,NO,NO,NO,NO,NO,NO,NO,SI
2680,1,3035,840,840,SI,NO,NO,NO,NO,NO,NO,NO,NO,NO,NO,SI,NO,SI
2681,1,3001,903,903,NO,SI,NO,NO,NO,NO,NO,NO,NO,NO,NO,NO,SI,NO
2682,1,3008,928,928,NO,SI,NO,NO,NO,NO,NO,NO,NO,NO,NO,NO,NO,SI
2683,1,3008,956,956,NO,SI,NO,NO,NO,NO,NO,NO,NO,NO,NO,NO,NO,SI
2684,1,3050,734,734,SI,NO,NO,SI,NO,NO,NO,NO,NO,NO,NO,NO,NO,SI
2685,1,3048,600,600,NO,NO,NO,NO,NO,NO,NO,NO,NO,NO,NO,NO,NO,SI
2686,1,3045,935,935,SI,NO,NO,NO,NO,NO,NO,NO,NO,NO,NO,NO,NO,SI
2687,1,3055,772,772,SI,NO,NO,SI,SI,NO,NO,NO,NO,NO,NO,SI,NO,SI
2688,1,3008,983,983,SI,NO,NO,NO,NO,NO,NO,NO,NO,NO,NO,NO,NO,SI
2689,1,3017,856,856,NO,SI,NO,NO,NO,NO,NO,NO,NO,NO,NO,NO,NO,NO
2690,1,3005,948,948,NO,NO,NO,NO,NO,NO,NO,NO,NO,NO,NO,NO,NO,NO
2691,1,3020,954,954,NO,SI,NO,NO,NO,NO,NO,NO,NO,NO,NO,NO,NO,SI
2692,1,3046,959,959,NO,NO,NO,NO,SI,NO,NO,NO,NO,NO,NO,NO,NO,SI
2693,1,3008,944,944,NO,NO,NO,SI,NO,NO,NO,NO,NO,NO,NO,NO,NO,SI
2694,1,3008,955,955,SI,NO,NO,NO,NO,NO,NO,NO,NO,NO,NO,NO,NO,SI
2695,1,3008,923,923,SI,SI,NO,NO,NO,NO,NO,NO,NO,NO,NO,NO,NO,SI
2696,1,3034,937,937,SI,SI,NO,NO,NO,NO,NO,NO,NO,NO,NO,NO,NO,SI
2697,1,3004,820,820,SI,NO,NO,NO,NO,NO,NO,NO,NO,NO,NO,NO,NO,SI
2698,1,3045,909,909,SI,NO,NO,NO,NO,NO,NO,NO,NO,NO,NO,NO,NO,SI
2699,1,3001,962,962,SI,NO,SI,NO,NO,NO,NO,NO,NO,NO,NO,NO,NO,SI
2700,1,3026,789,789,NO,SI,NO,SI,NO,NO,NO,NO,NO,NO,NO,NO,NO,SI
2701,1,3045,947,947,NO,NO,NO,NO,NO,NO,NO,NO,NO,NO,NO,NO,NO,SI
2702,1,3049,876,876,SI,NO,NO,NO,NO,NO,NO,NO,NO,SI,NO,SI,NO,SI
2703,1,3049,934,934,NO,NO,NO,SI,NO,NO,NO,NO,NO,NO,NO,SI,NO,SI
2704,1,3046,916,916,NO,NO,NO,NO,NO,SI,NO,NO,NO,NO,NO,NO,NO,NO
2705,1,3045,923,923,SI,NO,NO,NO,NO,NO,NO,NO,NO,NO,NO,NO,NO,SI
2706,1,3005,892,892,NO,NO,NO,NO,NO,NO,NO,NO,NO,NO,NO,NO,NO,SI
2707,1,3007,728,728,SI,NO,NO,NO,NO,NO,NO,NO,NO,NO,NO,NO,NO,SI
2708,1,3008,896,896,SI,NO,NO,SI,NO,NO,NO,SI,NO,NO,NO,NO,NO,SI
2709,1,3001,965,965,SI,NO,NO,NO,NO,NO,NO,NO,NO,NO,NO,NO,NO,SI
2710,1,3008,979,979,NO,NO,NO,NO,NO,NO,NO,NO,NO,NO,NO,NO,NO,SI
2711,1,3046,911,911,NO,NO,NO,NO,NO,NO,NO,NO,NO,NO,NO,NO,NO,SI
2712,1,3009,710,710,NO,NO,NO,NO,NO,NO,NO,NO,NO,NO,NO,NO,NO,SI
2713,1,3042,719,719,NO,NO,NO,NO,NO,NO,NO,NO,NO,NO,NO,NO,NO,NO
2714,1,3018,716,716,NO,NO,NO,SI,NO,NO,NO,NO,NO,NO,NO,NO,NO,SI
2715,1,3051,803,803,NO,NO,NO,NO,NO,NO,NO,NO,NO,NO,NO,SI,NO,SI
2716,1,3005,952,952,NO,NO,NO,SI,NO,NO,NO,NO,NO,NO,NO,NO,NO,SI
2717,1,3030,695,695,NO,NO,NO,SI,NO,NO,NO,NO,NO,NO,NO,NO,NO,SI
2718,1,3021,661,661,SI,NO,NO,NO,NO,NO,NO,NO,NO,NO,NO,NO,NO,SI
2719,1,3001,951,951,SI,SI,NO,SI,NO,NO,NO,NO,NO,NO,NO,SI,NO,SI
2720,1,3051,840,840,NO,NO,NO,NO,NO,NO,NO,NO,NO,NO,NO,NO,NO,NO
2721,1,3034,921,921,SI,NO,NO,NO,NO,NO,NO,NO,NO,NO,NO,NO,NO,NO
2722,1,3030,770,770,SI,NO,SI,NO,NO,NO,NO,NO,NO,NO,NO,NO,NO,SI
2723,1,3051,732,732,NO,NO,NO,NO,NO,NO,NO,NO,NO,NO,NO,NO,NO,SI
2724,1,3008,921,921,SI,NO,NO,NO,NO,NO,NO,SI,NO,NO,NO,NO,NO,NO
2725,1,3030,747,747,NO,NO,NO,NO,NO,NO,NO,NO,NO,NO,NO,NO,NO,SI
2726,1,3020,724,724,NO,SI,NO,NO,NO,NO,NO,NO,NO,NO,NO,NO,NO,SI
2727,1,3006,664,664,NO,SI,NO,NO,NO,NO,NO,NO,NO,NO,NO,NO,NO,NO
2728,1,3013,827,827,SI,NO,NO,NO,NO,NO,NO,NO,NO,NO,NO,NO,NO,SI
2729,1,3037,730,730,NO,NO,NO,NO,NO,NO,NO,NO,NO,NO,NO,NO,NO,SI
2730,1,3055,692,692,NO,NO,NO,SI,NO,NO,NO,NO,NO,NO,NO,NO,NO,NO
2731,1,3008,856,856,SI,NO,NO,SI,NO,NO,NO,NO,NO,NO,NO,NO,NO,SI
2732,1,3009,808,808,SI,NO,NO,NO,NO,NO,NO,NO,NO,NO,NO,NO,NO,SI
2733,1,3045,910,910,NO,SI,NO,NO,NO,NO,NO,NO,NO,NO,NO,NO,NO,NO
2734,1,3045,903,903,NO,SI,NO,SI,NO,NO,NO,NO,NO,NO,NO,NO,NO,SI
2735,1,3007,808,808,NO,NO,NO,NO,NO,SI,NO,NO,NO,NO,NO,NO,NO,SI
2736,1,3045,943,943,SI,NO,NO,NO,NO,NO,NO,NO,NO,NO,NO,NO,NO,SI
2737,1,3001,964,964,NO,NO,NO,NO,NO,NO,NO,NO,NO,NO,NO,NO,NO,NO
2738,1,3016,605,605,SI,NO,NO,SI,NO,NO,NO,NO,NO,NO,NO,NO,NO,SI
2739,1,3005,962,962,SI,SI,NO,NO,NO,NO,NO,NO,NO,NO,NO,SI,NO,SI
2740,1,3046,961,961,SI,NO,NO,SI,NO,NO,NO,NO,NO,SI,NO,NO,NO,SI
2741,1,3005,930,930,NO,NO,NO,NO,NO,NO,NO,NO,NO,NO,NO,NO,NO,SI
2742,1,3049,927,927,NO,NO,NO,NO,NO,NO,NO,NO,NO,NO,NO,SI,NO,SI
2743,1,3016,764,764,SI,NO,NO,NO,NO,NO,NO,NO,NO,NO,NO,SI,NO,NO
2744,1,3001,939,939,NO,NO,NO,NO,NO,NO,NO,NO,NO,NO,NO,NO,NO,SI
2745,1,3040,851,851,NO,NO,NO,NO,NO,NO,NO,NO,NO,NO,NO,NO,NO,SI
2746,1,3029,853,853,SI,SI,NO,NO,NO,NO,NO,NO,NO,NO,NO,NO,NO,SI
2747,1,3049,894,894,NO,NO,NO,NO,NO,SI,NO,NO,NO,NO,NO,NO,NO,SI
2748,1,3049,900,900,SI,NO,NO,NO,NO,NO,NO,NO,NO,NO,NO,NO,NO,SI
2749,1,3012,685,685,NO,NO,NO,SI,NO,NO,NO,NO,NO,NO,NO,NO,NO,SI
2750,1,3046,913,913,NO,NO,NO,NO,NO,NO,NO,NO,NO,NO,NO,NO,NO,SI
2751,1,3001,876,876,SI,NO,NO,NO,NO,NO,NO,NO,NO,NO,NO,NO,NO,SI
2752,1,3008,905,905,NO,NO,NO,NO,NO,NO,NO,NO,NO,NO,NO,NO,NO,SI
2753,1,3004,896,896,NO,NO,NO,NO,NO,NO,NO,NO,NO,NO,NO,NO,NO,SI
2754,1,3049,900,900,NO,NO,NO,NO,SI,NO,NO,NO,NO,NO,NO,SI,NO,SI
2755,1,3014,709,709,SI,SI,NO,NO,NO,NO,NO,NO,NO,NO,NO,NO,NO,NO
2756,1,3046,908,908,NO,NO,NO,NO,SI,NO,NO,NO,NO,NO,NO,NO,NO,SI
2757,1,3046,929,929,NO,NO,NO,NO,NO,NO,NO,NO,NO,NO,NO,NO,NO,SI
2758,1,3046,928,928,SI,NO,NO,NO,NO,NO,NO,NO,NO,NO,NO,NO,NO,SI
2759,1,3005,936,936,NO,NO,NO,NO,NO,NO,NO,NO,NO,NO,NO,NO,NO,SI
2760,1,3008,981,981,NO,SI,NO,NO,NO,NO,NO,NO,NO,NO,NO,NO,NO,SI
2761,1,3049,977,977,SI,NO,NO,NO,SI,NO,NO,NO,NO,NO,NO,NO,NO,SI
2762,1,3001,916,916,NO,NO,NO,NO,NO,NO,NO,NO,NO,NO,NO,NO,NO,SI
2763,1,3001,1000,1000,SI,SI,NO,NO,NO,NO,NO,NO,NO,NO,NO,NO,NO,NO
2764,1,3005,919,919,NO,NO,NO,NO,NO,NO,NO,NO,NO,NO,NO,NO,NO,SI
2765,1,3005,880,880,NO,NO,NO,NO,NO,NO,NO,NO,NO,NO,NO,NO,NO,SI
2766,1,3001,993,993,NO,NO,NO,NO,NO,NO,NO,NO,NO,NO,NO,NO,NO,SI
2767,1,3022,735,735,NO,NO,NO,NO,NO,NO,NO,NO,NO,NO,NO,SI,NO,SI
2768,1,3034,956,956,NO,SI,NO,NO,NO,NO,NO,NO,NO,NO,NO,NO,NO,NO
2769,1,3005,930,930,NO,NO,NO,NO,NO,NO,NO,NO,NO,NO,NO,NO,NO,SI
2770,1,3009,749,749,SI,NO,NO,NO,NO,SI,NO,NO,NO,NO,NO,NO,NO,SI
2771,1,3034,918,918,NO,NO,NO,NO,NO,NO,NO,NO,NO,NO,NO,NO,NO,SI
2772,1,3055,867,867,NO,NO,NO,NO,NO,NO,NO,NO,NO,NO,NO,SI,NO,SI
2773,1,3006,796,796,NO,SI,NO,NO,NO,NO,NO,NO,NO,NO,NO,NO,NO,SI
2774,1,3009,834,834,NO,NO,NO,NO,SI,NO,NO,NO,NO,NO,NO,NO,NO,SI
2775,1,3034,921,921,SI,NO,NO,NO,NO,NO,NO,NO,NO,NO,NO,NO,NO,SI
2776,1,3001,922,922,SI,NO,NO,NO,NO,NO,NO,NO,NO,NO,NO,NO,NO,SI
2777,1,3005,880,880,SI,SI,NO,NO,NO,NO,NO,NO,NO,NO,NO,NO,NO,SI
2778,1,3026,705,705,NO,NO,NO,SI,NO,NO,NO,NO,NO,NO,NO,NO,SI,SI
2779,1,3034,875,875,SI,NO,NO,NO,NO,NO,NO,NO,NO,NO,NO,NO,NO,SI
2780,1,3034,938,938,NO,NO,NO,NO,NO,NO,NO,NO,NO,NO,NO,NO,NO,SI
2781,1,3036,755,755,NO,NO,NO,NO,NO,NO,NO,NO,NO,NO,NO,NO,NO,NO
2782,1,3046,936,936,SI,NO,NO,NO,NO,NO,NO,SI,NO,NO,NO,NO,NO,SI
2783,1,3001,963,963,SI,SI,NO,NO,NO,NO,NO,NO,NO,NO,NO,NO,NO,SI
2784,1,3020,917,917,NO,SI,NO,NO,NO,NO,NO,NO,NO,NO,NO,NO,NO,SI
2785,1,3050,704,704,SI,NO,NO,NO,NO,NO,NO,NO,NO,NO,NO,NO,NO,SI
2786,1,3023,796,796,NO,NO,NO,SI,NO,NO,NO,NO,NO,NO,NO,NO,NO,SI
2787,1,3007,801,801,SI,NO,NO,NO,NO,NO,NO,NO,NO,NO,NO,NO,NO,NO
2788,1,3045,963,963,NO,NO,NO,SI,NO,NO,SI,NO,NO,NO,NO,NO,NO,NO
2789,1,3026,612,612,NO,SI,NO,NO,NO,NO,NO,NO,NO,NO,NO,NO,NO,SI
2790,1,3045,907,907,SI,NO,NO,NO,NO,NO,NO,NO,NO,NO,NO,NO,NO,SI
2791,1,3005,967,967,SI,NO,NO,NO,NO,NO,NO,NO,NO,NO,NO,NO,NO,SI
2792,1,3008,966,966,NO,NO,NO,NO,NO,NO,NO,NO,NO,NO,NO,SI,NO,SI
2793,1,3034,913,913,SI,NO,NO,NO,NO,NO,NO,NO,NO,NO,NO,NO,NO,SI
2794,1,3049,910,910,NO,SI,NO,NO,NO,NO,NO,NO,NO,NO,NO,NO,NO,SI
2795,1,3001,953,953,NO,SI,NO,NO,NO,NO,NO,NO,NO,NO,NO,NO,NO,SI
2796,1,3045,948,948,SI,SI,NO,NO,NO,NO,NO,NO,NO,NO,NO,SI,NO,SI
2797,1,3005,953,953,NO,SI,NO,NO,NO,NO,NO,NO,NO,NO,NO,NO,NO,SI
2798,1,3001,937,937,SI,SI,NO,NO,NO,NO,NO,NO,NO,NO,NO,NO,NO,NO
2799,1,3049,921,921,SI,NO,NO,NO,NO,NO,NO,NO,NO,NO,NO,SI,NO,SI
2800,1,3044,823,823,SI,NO,NO,NO,NO,NO,NO,NO,NO,NO,NO,NO,NO,SI
2801,1,3005,974,974,NO,NO,NO,NO,NO,NO,NO,NO,NO,NO,NO,NO,NO,SI
2802,1,3001,899,899,NO,NO,NO,NO,NO,NO,NO,NO,NO,NO,NO,NO,NO,SI
2803,1,3008,894,894,NO,NO,NO,NO,NO,NO,NO,NO,NO,NO,NO,NO,NO,NO
2804,1,3052,680,680,NO,NO,NO,NO,NO,NO,NO,NO,NO,NO,NO,SI,NO,SI
2805,1,3034,895,895,NO,NO,NO,NO,NO,NO,NO,NO,NO,NO,NO,SI,NO,SI
2806,1,3009,815,815,SI,NO,NO,SI,NO,NO,NO,NO,NO,NO,NO,NO,NO,SI
2807,1,3008,945,945,NO,NO,NO,SI,NO,NO,NO,NO,NO,NO,NO,NO,NO,SI
2808,1,3003,761,761,SI,SI,NO,NO,NO,NO,NO,NO,NO,NO,NO,NO,NO,SI
2809,1,3045,903,903,SI,NO,SI,NO,NO,NO,NO,NO,NO,NO,NO,NO,NO,NO
2810,1,3051,805,805,NO,NO,NO,NO,NO,NO,NO,NO,NO,NO,NO,NO,NO,SI
2811,1,3001,913,913,SI,NO,NO,NO,NO,NO,NO,NO,NO,NO,NO,NO,NO,NO
2812,1,3008,924,924,SI,NO,NO,NO,NO,NO,NO,NO,NO,NO,NO,NO,NO,SI
2813,1,3038,716,716,NO,NO,NO,SI,NO,NO,NO,NO,NO,NO,NO,NO,NO,SI
2814,1,3027,709,709,NO,SI,NO,NO,NO,NO,NO,NO,NO,NO,NO,NO,NO,SI
2815,1,3004,831,831,SI,SI,NO,NO,NO,NO,NO,NO,NO,NO,NO,NO,NO,SI
2816,1,3048,617,617,NO,NO,NO,NO,SI,NO,NO,NO,NO,NO,NO,NO,NO,SI
2817,1,3045,931,931,NO,NO,NO,NO,NO,NO,NO,NO,NO,NO,NO,NO,NO,SI
2818,1,3034,882,882,NO,NO,NO,NO,NO,NO,NO,NO,NO,NO,NO,NO,NO,SI
2819,1,3034,905,905,NO,NO,NO,NO,NO,NO,NO,NO,NO,NO,NO,SI,NO,NO
2820,1,3032,810,810,SI,SI,NO,NO,SI,NO,NO,NO,NO,NO,NO,SI,NO,SI
2821,1,3018,887,887,NO,SI,NO,NO,NO,NO,NO,NO,NO,NO,NO,NO,NO,SI
2822,1,3042,800,800,NO,NO,NO,NO,NO,NO,NO,NO,NO,NO,NO,NO,NO,SI
2823,1,3008,958,958,NO,NO,NO,NO,NO,NO,NO,NO,NO,NO,NO,NO,NO,SI
2824,1,3045,894,894,NO,NO,NO,NO,NO,NO,NO,NO,NO,NO,NO,NO,NO,SI
2825,1,3049,1000,1000,SI,NO,NO,NO,NO,NO,NO,NO,NO,NO,NO,NO,NO,SI
2826,1,3024,774,774,SI,NO,NO,NO,NO,NO,NO,NO,NO,NO,NO,NO,NO,SI
2827,1,3014,757,757,NO,SI,NO,SI,SI,SI,NO,NO,NO,NO,NO,NO,NO,SI
2828,1,3034,899,899,SI,NO,NO,NO,NO,NO,NO,NO,NO,NO,NO,NO,NO,NO
2829,1,3005,902,902,NO,NO,NO,NO,NO,NO,NO,NO,NO,NO,NO,NO,NO,NO
2830,1,3005,949,949,NO,NO,NO,NO,NO,NO,NO,NO,NO,NO,NO,NO,NO,SI
2831,1,3005,975,975,NO,NO,NO,NO,NO,NO,NO,NO,NO,NO,NO,NO,NO,NO
2832,1,3005,918,918,NO,NO,NO,NO,NO,NO,NO,NO,NO,NO,NO,NO,NO,SI
2833,1,3049,913,913,NO,NO,NO,SI,NO,NO,NO,NO,NO,NO,NO,SI,NO,SI
2834,1,3046,969,969,NO,SI,NO,NO,NO,NO,NO,NO,NO,NO,NO,NO,NO,NO
2835,1,3005,925,925,SI,SI,NO,NO,NO,NO,NO,NO,NO,NO,NO,NO,NO,SI
2836,1,3043,722,722,SI,NO,NO,NO,NO,NO,NO,NO,NO,NO,NO,NO,NO,SI
2837,1,3006,785,785,SI,SI,NO,NO,NO,NO,NO,NO,NO,NO,NO,NO,NO,NO
2838,1,3005,968,968,SI,NO,NO,NO,NO,NO,NO,NO,NO,NO,NO,NO,NO,SI
2839,1,3049,954,954,NO,SI,NO,SI,NO,NO,NO,NO,NO,NO,NO,NO,NO,SI
2840,1,3046,922,922,NO,NO,NO,NO,NO,NO,NO,NO,NO,NO,NO,NO,NO,SI
2841,1,3045,908,908,NO,NO,NO,NO,NO,NO,NO,NO,NO,NO,NO,SI,NO,SI
2842,1,3046,906,906,NO,NO,NO,NO,NO,NO,NO,NO,NO,NO,NO,SI,NO,SI
2843,1,3028,728,728,NO,NO,NO,NO,NO,NO,NO,NO,NO,NO,NO,NO,NO,SI
2844,1,3024,891,891,NO,NO,NO,NO,NO,NO,NO,NO,NO,NO,NO,NO,NO,SI
2845,1,3045,980,980,SI,NO,NO,NO,NO,NO,NO,NO,NO,NO,NO,NO,NO,SI
2846,1,3025,783,783,NO,NO,NO,NO,NO,NO,NO,NO,NO,NO,NO,NO,NO,SI
2847,1,3009,681,681,NO,SI,NO,NO,NO,SI,NO,NO,NO,NO,NO,NO,NO,SI
2848,1,3041,824,824,SI,NO,NO,SI,NO,NO,NO,NO,NO,NO,NO,NO,NO,SI
2849,1,3001,893,893,NO,SI,NO,NO,NO,NO,NO,NO,NO,NO,NO,NO,NO,SI
2850,1,3018,851,851,SI,NO,NO,NO,NO,NO,NO,NO,NO,NO,NO,NO,NO,SI
2851,1,3048,748,748,NO,SI,NO,NO,SI,NO,NO,NO,NO,NO,NO,NO,NO,SI
2852,1,3051,829,829,SI,NO,NO,NO,NO,NO,NO,NO,NO,NO,NO,NO,NO,SI
2853,1,3001,939,939,NO,NO,NO,NO,NO,SI,NO,NO,NO,NO,NO,NO,NO,SI
2854,1,3046,906,906,SI,NO,NO,SI,NO,NO,NO,NO,NO,NO,NO,NO,NO,SI
2855,1,3047,925,925,NO,NO,NO,NO,NO,NO,NO,NO,NO,NO,NO,NO,NO,SI
2856,1,3049,862,862,NO,NO,SI,NO,NO,NO,NO,NO,NO,NO,NO,SI,NO,SI
2857,1,3045,929,929,SI,NO,NO,NO,NO,NO,NO,NO,NO,NO,NO,NO,NO,NO
2858,1,3027,696,696,SI,NO,NO,NO,NO,NO,NO,NO,NO,NO,NO,NO,SI,SI
2859,1,3034,940,940,NO,SI,NO,NO,SI,SI,NO,NO,NO,NO,NO,SI,NO,SI
2860,1,3008,963,963,NO,NO,SI,NO,NO,NO,NO,NO,NO,NO,NO,NO,NO,SI
2861,1,3046,929,929,SI,SI,NO,NO,NO,SI,NO,NO,NO,NO,NO,NO,NO,NO
2862,1,3034,936,936,SI,SI,NO,NO,NO,NO,NO,NO,NO,NO,NO,NO,NO,SI
2863,1,3005,904,904,NO,NO,NO,NO,NO,NO,NO,NO,NO,NO,NO,NO,NO,NO
2864,1,3049,901,901,SI,NO,NO,NO,NO,NO,NO,NO,NO,NO,NO,NO,NO,SI
2865,1,3020,813,813,NO,NO,NO,NO,NO,NO,NO,NO,NO,NO,NO,SI,NO,SI
2866,1,3045,969,969,SI,NO,SI,NO,NO,NO,NO,NO,NO,NO,NO,SI,NO,SI
2867,1,3008,925,925,NO,SI,NO,NO,NO,NO,NO,NO,NO,NO,NO,NO,NO,NO
2868,1,3008,965,965,SI,NO,NO,SI,NO,NO,NO,NO,NO,NO,NO,NO,NO,SI
2869,1,3049,910,910,SI,NO,NO,NO,NO,NO,NO,NO,NO,NO,NO,NO,NO,NO
2870,1,3045,926,926,NO,NO,NO,SI,SI,NO,NO,NO,NO,NO,NO,NO,NO,SI
2871,1,3015,854,854,NO,NO,NO,NO,NO,NO,NO,NO,NO,NO,NO,SI,NO,SI
2872,1,3047,805,805,SI,NO,NO,NO,SI,NO,NO,NO,NO,NO,NO,SI,NO,NO
2873,1,3035,697,697,SI,NO,SI,NO,NO,NO,NO,NO,NO,NO,NO,NO,NO,SI
2874,1,3034,952,952,SI,NO,NO,NO,NO,NO,NO,NO,NO,NO,NO,NO,NO,SI
2875,1,3049,943,943,SI,SI,NO,NO,NO,NO,NO,NO,NO,NO,NO,NO,NO,SI
2876,1,3042,695,695,SI,NO,NO,NO,NO,NO,NO,NO,NO,NO,NO,NO,NO,NO
2877,1,3005,946,946,SI,NO,NO,NO,NO,NO,NO,NO,NO,NO,NO,NO,NO,SI
2878,1,3045,918,918,NO,NO,NO,NO,NO,NO,NO,NO,NO,NO,NO,NO,NO,SI
2879,1,3005,985,985,NO,SI,NO,NO,NO,NO,NO,NO,NO,NO,NO,NO,NO,SI
2880,1,3047,716,716,NO,NO,NO,NO,NO,NO,NO,NO,NO,NO,NO,NO,NO,SI
2881,1,3047,833,833,NO,NO,NO,NO,NO,NO,NO,NO,NO,NO,NO,NO,NO,SI
2882,1,3012,855,855,SI,NO,NO,NO,NO,NO,NO,NO,NO,NO,NO,SI,NO,NO
2883,1,3047,902,902,NO,SI,NO,SI,NO,NO,NO,NO,NO,NO,NO,NO,NO,SI
2884,1,3022,822,822,NO,NO,NO,NO,NO,NO,NO,NO,NO,NO,NO,NO,NO,NO
2885,1,3016,805,805,NO,NO,NO,NO,SI,NO,NO,NO,NO,NO,NO,NO,NO,SI
2886,1,3040,768,768,NO,NO,NO,NO,NO,NO,NO,NO,NO,NO,NO,SI,NO,SI
2887,1,3045,957,957,SI,SI,NO,NO,NO,NO,NO,NO,NO,NO,NO,NO,NO,SI
2888,1,3026,773,773,SI,NO,NO,SI,NO,NO,NO,NO,NO,NO,NO,NO,NO,SI
2889,1,3034,889,889,SI,NO,NO,SI,NO,NO,NO,NO,NO,NO,NO,NO,NO,SI
2890,1,3016,786,786,NO,SI,NO,NO,NO,NO,NO,NO,NO,NO,NO,NO,NO,SI
2891,1,3012,740,740,SI,NO,NO,NO,NO,NO,NO,NO,NO,NO,NO,SI,NO,SI
2892,1,3040,822,822,SI,NO,NO,NO,NO,NO,NO,NO,NO,NO,NO,NO,NO,SI
2893,1,3001,969,969,NO,NO,NO,SI,NO,NO,NO,NO,NO,NO,NO,NO,NO,SI
2894,1,3035,854,854,NO,NO,NO,NO,NO,NO,NO,NO,NO,NO,NO,NO,NO,SI
2895,1,3031,825,825,NO,SI,NO,NO,NO,NO,NO,NO,NO,NO,NO,NO,NO,NO
2896,1,3046,962,962,NO,SI,NO,NO,NO,NO,NO,NO,NO,NO,NO,NO,NO,NO
2897,1,3001,929,929,NO,NO,NO,NO,NO,NO,NO,NO,NO,NO,NO,NO,NO,SI
2898,1,3008,943,943,NO,NO,NO,NO,NO,NO,NO,NO,NO,NO,NO,NO,NO,SI
2899,1,3001,943,943,NO,SI,NO,NO,SI,NO,NO,NO,NO,NO,NO,SI,NO,SI
2900,1,3017,746,746,SI,SI,NO,NO,NO,SI,NO,NO,NO,NO,NO,NO,NO,NO
2901,1,3056,806,806,NO,NO,NO,NO,NO,NO,NO,NO,NO,NO,NO,NO,NO,NO
2902,1,3008,930,930,NO,NO,NO,NO,NO,NO,NO,NO,NO,NO,NO,NO,NO,SI
2903,1,3027,825,825,SI,NO,NO,NO,NO,SI,NO,NO,NO,NO,NO,NO,NO,SI
2904,1,3037,817,817,NO,NO,NO,NO,NO,NO,NO,NO,NO,NO,NO,NO,NO,SI
2905,1,3005,912,912,NO,NO,NO,NO,NO,NO,NO,NO,NO,NO,NO,NO,NO,SI
2906,1,3001,945,945,NO,NO,NO,SI,NO,NO,NO,NO,NO,NO,NO,NO,NO,SI
2907,1,3045,916,916,NO,SI,NO,NO,NO,NO,NO,NO,NO,NO,NO,NO,NO,SI
2908,1,3027,777,777,NO,NO,NO,NO,NO,NO,NO,NO,NO,NO,NO,NO,NO,SI
2909,1,3018,847,847,NO,NO,NO,NO,NO,NO,NO,NO,NO,NO,NO,NO,NO,SI
2910,1,3016,828,828,NO,NO,NO,NO,NO,NO,NO,NO,NO,NO,NO,NO,NO,SI
2911,1,3033,838,838,NO,NO,NO,SI,NO,NO,NO,NO,NO,NO,NO,NO,NO,NO
2912,1,3034,928,928,NO,NO,NO,NO,NO,NO,NO,NO,NO,NO,NO,SI,NO,SI
2913,1,3027,896,896,SI,SI,NO,NO,NO,NO,NO,NO,NO,NO,NO,NO,SI,SI
2914,1,3034,937,937,SI,NO,NO,SI,NO,NO,NO,NO,NO,NO,NO,NO,NO,SI
2915,1,3001,905,905,NO,NO,NO,NO,NO,NO,NO,NO,NO,NO,NO,SI,NO,NO
2916,1,3008,952,952,SI,NO,SI,NO,NO,NO,NO,NO,NO,NO,NO,NO,NO,SI
2917,1,3005,916,916,NO,NO,SI,NO,NO,NO,NO,NO,NO,NO,NO,NO,NO,SI
2918,1,3001,891,891,NO,NO,NO,SI,NO,NO,NO,NO,NO,NO,NO,NO,NO,SI
2919,1,3034,917,917,SI,NO,NO,NO,NO,NO,NO,NO,NO,NO,NO,NO,NO,SI
2920,1,3005,973,973,SI,NO,NO,NO,NO,NO,NO,NO,NO,NO,NO,NO,NO,SI
2921,1,3046,893,893,NO,SI,NO,NO,NO,NO,NO,NO,NO,NO,NO,NO,NO,SI
2922,1,3051,754,754,NO,SI,NO,NO,SI,NO,NO,NO,NO,NO,NO,NO,NO,SI
2923,1,3046,1000,1000,NO,NO,NO,NO,NO,NO,NO,NO,NO,NO,NO,NO,NO,SI
2924,1,3001,941,941,SI,NO,NO,NO,NO,NO,NO,NO,NO,NO,NO,NO,NO,NO
2925,1,3005,883,883,NO,NO,NO,SI,NO,SI,NO,NO,NO,NO,NO,SI,NO,SI
2926,1,3045,860,860,NO,NO,NO,NO,NO,NO,NO,NO,NO,NO,NO,NO,NO,SI
2927,1,3048,917,917,NO,NO,NO,SI,NO,NO,NO,NO,NO,NO,NO,SI,NO,SI
2928,1,3020,846,846,NO,NO,NO,NO,NO,NO,NO,NO,NO,NO,NO,NO,NO,NO
2929,1,3001,956,956,SI,SI,NO,SI,NO,NO,NO,NO,NO,NO,NO,SI,NO,SI
2930,1,3034,951,951,NO,NO,NO,NO,NO,NO,NO,NO,NO,NO,NO,NO,NO,SI
2931,1,3046,942,942,NO,NO,NO,NO,NO,NO,NO,NO,NO,NO,NO,NO,NO,SI
2932,1,3001,925,925,SI,NO,NO,NO,NO,SI,NO,NO,NO,NO,NO,NO,NO,SI
2933,1,3013,776,776,SI,SI,NO,NO,NO,NO,NO,NO,NO,NO,NO,NO,NO,SI
2934,1,3032,991,991,SI,NO,NO,NO,NO,NO,NO,NO,NO,NO,NO,NO,NO,NO
2935,1,3052,758,758,NO,NO,NO,NO,NO,NO,NO,NO,NO,NO,NO,NO,NO,SI
2936,1,3045,923,923,NO,NO,NO,NO,NO,NO,NO,NO,NO,NO,NO,NO,NO,SI
2937,1,3023,715,715,SI,NO,NO,NO,NO,NO,NO,NO,NO,NO,NO,NO,NO,NO
2938,1,3005,942,942,SI,NO,NO,NO,NO,NO,NO,NO,NO,NO,NO,SI,NO,SI
2939,1,3009,742,742,SI,NO,NO,SI,NO,NO,NO,NO,NO,NO,NO,NO,NO,SI
2940,1,3049,915,915,SI,SI,NO,NO,NO,NO,NO,NO,NO,NO,NO,NO,SI,SI
2941,1,3005,958,958,NO,NO,NO,NO,NO,NO,NO,NO,NO,NO,NO,SI,NO,NO
2942,1,3034,972,972,NO,NO,NO,SI,NO,SI,NO,NO,NO,NO,NO,SI,NO,SI
2943,1,3019,923,923,SI,NO,NO,NO,NO,NO,NO,NO,NO,NO,NO,NO,NO,NO
2944,1,3045,978,978,NO,SI,NO,NO,NO,NO,NO,NO,NO,NO,NO,NO,NO,SI
2945,1,3049,938,938,SI,NO,NO,SI,NO,NO,NO,NO,NO,NO,NO,NO,NO,NO
2946,1,3002,842,842,SI,SI,NO,NO,NO,NO,NO,NO,NO,NO,NO,SI,NO,SI
2947,1,3008,923,923,NO,NO,NO,NO,NO,NO,NO,NO,NO,NO,NO,NO,NO,SI
2948,1,3053,897,897,SI,NO,NO,NO,NO,NO,NO,NO,NO,NO,NO,NO,NO,NO
2949,1,3001,947,947,SI,SI,NO,NO,NO,NO,NO,NO,NO,NO,NO,NO,NO,SI
2950,1,3007,755,755,SI,NO,NO,NO,SI,NO,NO,NO,NO,SI,NO,NO,NO,SI
2951,1,3001,921,921,NO,NO,NO,SI,NO,NO,NO,NO,NO,NO,NO,NO,NO,SI
2952,1,3041,662,662,SI,SI,NO,NO,NO,SI,NO,NO,NO,NO,NO,NO,NO,NO
2953,1,3005,914,914,SI,SI,NO,NO,NO,NO,NO,NO,NO,NO,NO,NO,NO,SI
2954,1,3026,725,725,NO,SI,NO,NO,NO,NO,NO,NO,NO,NO,NO,NO,NO,SI
2955,1,3005,940,940,NO,NO,NO,NO,NO,NO,NO,NO,NO,NO,NO,NO,NO,SI
2956,1,3008,928,928,SI,NO,NO,NO,NO,NO,NO,NO,NO,NO,NO,NO,NO,NO
2957,1,3049,948,948,NO,SI,NO,NO,SI,NO,NO,NO,NO,NO,NO,SI,NO,SI
2958,1,3035,763,763,SI,NO,NO,SI,NO,NO,NO,NO,NO,NO,NO,NO,NO,SI
2959,1,3034,971,971,NO,NO,NO,NO,NO,NO,NO,NO,NO,NO,NO,NO,NO,SI
2960,1,3012,727,727,NO,NO,NO,SI,NO,NO,NO,NO,NO,NO,NO,SI,NO,SI
2961,1,3005,937,937,NO,NO,NO,NO,NO,NO,NO,NO,NO,NO,NO,NO,NO,SI
2962,1,3008,955,955,NO,NO,NO,NO,NO,NO,NO,NO,NO,NO,NO,NO,NO,NO
2963,1,3034,872,872,NO,NO,NO,NO,NO,NO,NO,NO,NO,NO,NO,NO,NO,SI
2964,1,3017,822,822,NO,NO,NO,NO,SI,NO,NO,NO,NO,NO,NO,NO,NO,SI
2965,1,3055,765,765,SI,NO,NO,NO,NO,NO,NO,NO,NO,NO,NO,SI,NO,SI
2966,1,3010,890,890,SI,NO,NO,NO,NO,NO,NO,NO,NO,NO,NO,NO,NO,SI
2967,1,3028,812,812,NO,NO,NO,NO,NO,NO,NO,NO,NO,NO,NO,SI,NO,SI
2968,1,3034,911,911,NO,NO,NO,NO,NO,NO,NO,NO,NO,NO,NO,SI,NO,SI
2969,1,3007,693,693,NO,NO,NO,NO,NO,NO,NO,NO,NO,NO,NO,NO,NO,SI
2970,1,3040,912,912,SI,NO,NO,NO,NO,NO,NO,NO,NO,NO,NO,NO,NO,NO
2971,1,3046,945,945,NO,SI,NO,NO,NO,SI,NO,NO,NO,NO,NO,NO,NO,SI
2972,1,3005,950,950,NO,NO,NO,NO,NO,NO,NO,NO,NO,NO,NO,NO,NO,SI
2973,1,3008,932,932,SI,NO,NO,NO,NO,NO,NO,NO,NO,NO,NO,NO,NO,SI
2974,1,3029,634,634,NO,NO,NO,NO,NO,NO,NO,NO,NO,NO,NO,SI,NO,SI
2975,1,3008,960,960,NO,NO,NO,NO,NO,NO,NO,SI,NO,NO,NO,NO,NO,NO
2976,1,3008,954,954,SI,SI,NO,NO,NO,NO,NO,NO,NO,NO,NO,NO,NO,SI
2977,1,3030,858,858,SI,NO,NO,NO,NO,NO,NO,NO,NO,NO,NO,NO,NO,SI
2978,1,3045,932,932,NO,NO,NO,NO,NO,NO,NO,NO,NO,NO,NO,NO,NO,SI
2979,1,3005,887,887,NO,NO,NO,NO,NO,NO,NO,NO,NO,NO,NO,NO,NO,SI
2980,1,3056,820,820,NO,NO,NO,NO,NO,SI,NO,NO,NO,NO,NO,NO,NO,SI
2981,1,3037,781,781,NO,NO,NO,NO,NO,NO,NO,NO,NO,NO,NO,NO,NO,SI
2982,1,3012,888,888,NO,SI,NO,NO,NO,NO,NO,NO,NO,NO,NO,NO,NO,SI
2983,1,3030,814,814,SI,NO,NO,NO,NO,NO,NO,NO,NO,NO,NO,NO,NO,SI
2984,1,3045,977,977,NO,NO,NO,NO,NO,NO,NO,NO,NO,NO,NO,NO,NO,SI
2985,1,3005,900,900,SI,NO,NO,NO,NO,NO,NO,NO,NO,NO,NO,NO,SI,SI
2986,1,3042,825,825,SI,NO,NO,NO,SI,NO,NO,NO,NO,NO,NO,NO,NO,NO
2987,1,3008,930,930,SI,NO,NO,NO,NO,NO,NO,NO,NO,NO,NO,NO,NO,NO
2988,1,3001,915,915,SI,NO,NO,NO,NO,NO,NO,NO,NO,NO,NO,NO,NO,SI
2989,1,3047,635,635,NO,SI,NO,NO,NO,NO,NO,NO,NO,NO,NO,NO,NO,NO
2990,1,3005,922,922,NO,NO,NO,NO,NO,NO,NO,NO,NO,NO,NO,NO,NO,SI
2991,1,3051,867,867,NO,NO,NO,NO,NO,NO,NO,NO,NO,NO,NO,NO,NO,NO
2992,1,3034,977,977,SI,NO,NO,NO,NO,NO,NO,NO,NO,NO,NO,NO,NO,SI
2993,1,3045,933,933,NO,SI,NO,NO,NO,NO,NO,NO,NO,NO,NO,NO,NO,SI
2994,1,3034,914,914,NO,NO,NO,NO,NO,NO,NO,NO,NO,NO,NO,NO,NO,SI
2995,1,3028,698,698,NO,SI,NO,NO,NO,NO,NO,NO,NO,NO,NO,NO,NO,NO
2996,1,3001,937,937,SI,NO,NO,NO,NO,NO,NO,NO,NO,NO,NO,NO,NO,NO
2997,1,3046,983,983,NO,NO,NO,NO,NO,NO,NO,NO,NO,NO,NO,NO,NO,SI
2998,1,3049,948,948,NO,SI,NO,NO,NO,NO,NO,NO,NO,NO,NO,SI,NO,SI
2999,1,3049,893,893,SI,NO,NO,NO,NO,NO,NO,NO,NO,NO,NO,NO,NO,SI
3000,1,3046,931,931,NO,NO,NO,NO,NO,NO,NO,NO,NO,NO,NO,NO,NO,SI
3001,1,3001,912,912,NO,NO,NO,SI,NO,NO,NO,SI,NO,NO,NO,NO,NO,NO
3002,1,3020,631,631,SI,SI,NO,NO,NO,NO,NO,NO,NO,NO,NO,NO,NO,SI
3003,1,3005,965,965,SI,SI,SI,SI,NO,NO,NO,NO,NO,NO,NO,SI,NO,SI
3004,1,3034,926,926,NO,NO,NO,NO,NO,NO,NO,NO,NO,NO,NO,NO,NO,SI
3005,1,3001,955,955,SI,NO,NO,NO,NO,NO,NO,NO,NO,NO,NO,NO,NO,SI
3006,1,3007,676,676,SI,NO,NO,NO,NO,NO,NO,NO,NO,NO,NO,NO,NO,NO
3007,1,3034,858,858,NO,NO,NO,NO,NO,NO,NO,NO,NO,SI,NO,NO,NO,SI
3008,1,3031,786,786,SI,NO,NO,SI,NO,NO,NO,NO,NO,NO,NO,NO,NO,NO
3009,1,3041,818,818,NO,NO,NO,NO,NO,NO,NO,NO,NO,NO,NO,NO,NO,SI
3010,1,3009,736,736,SI,SI,NO,NO,NO,NO,NO,NO,NO,NO,NO,SI,NO,SI
3011,1,3006,602,602,SI,SI,NO,NO,NO,NO,NO,NO,NO,NO,NO,NO,NO,NO
3012,1,3015,767,767,NO,NO,NO,NO,NO,NO,NO,NO,NO,NO,NO,NO,NO,SI
3013,1,3033,797,797,NO,NO,NO,NO,NO,NO,NO,NO,NO,NO,NO,NO,NO,SI
3014,1,3045,854,854,NO,NO,NO,NO,NO,SI,NO,NO,NO,NO,NO,NO,NO,SI
3015,1,3008,946,946,SI,NO,NO,NO,NO,NO,NO,NO,NO,NO,NO,NO,NO,NO
3016,1,3005,898,898,SI,NO,NO,NO,NO,NO,NO,NO,NO,NO,NO,NO,NO,SI
3017,1,3001,944,944,SI,NO,NO,NO,NO,NO,NO,NO,NO,NO,NO,NO,NO,SI
3018,1,3008,901,901,NO,NO,NO,NO,NO,NO,NO,NO,NO,NO,NO,NO,NO,SI
3019,1,3008,923,923,NO,SI,NO,NO,NO,NO,NO,NO,NO,NO,NO,NO,NO,SI
3020,1,3045,926,926,NO,NO,NO,NO,NO,NO,NO,NO,NO,NO,NO,NO,NO,SI
3021,1,3034,917,917,NO,NO,NO,NO,NO,NO,NO,NO,NO,NO,NO,NO,NO,SI
3022,1,3049,939,939,NO,SI,NO,NO,NO,NO,NO,NO,NO,NO,NO,NO,NO,NO
3023,1,3054,708,708,SI,NO,NO,SI,NO,NO,NO,NO,NO,NO,NO,NO,NO,SI
3024,1,3045,907,907,NO,NO,NO,NO,NO,NO,NO,NO,NO,NO,NO,NO,NO,SI
3025,1,3024,767,767,NO,SI,NO,NO,NO,NO,NO,NO,NO,NO,NO,NO,NO,SI
3026,1,3046,944,944,NO,NO,NO,NO,NO,NO,NO,NO,NO,NO,NO,NO,NO,SI
3027,1,3017,808,808,NO,NO,NO,NO,NO,NO,NO,NO,NO,NO,NO,NO,NO,NO
3028,1,3046,993,993,NO,NO,NO,NO,NO,NO,NO,NO,NO,NO,NO,NO,NO,SI
3029,1,3049,893,893,SI,NO,NO,NO,NO,NO,NO,NO,NO,NO,NO,NO,NO,SI
3030,1,3045,955,955,NO,NO,NO,NO,NO,NO,NO,NO,NO,NO,NO,NO,NO,SI
3031,1,3020,693,693,NO,SI,NO,NO,NO,NO,NO,NO,NO,NO,NO,NO,NO,SI
3032,1,3049,886,886,NO,SI,NO,NO,NO,NO,NO,NO,NO,NO,NO,SI,NO,SI
3033,1,3008,905,905,SI,NO,NO,NO,NO,SI,NO,NO,NO,NO,NO,NO,SI,NO
3034,1,3010,787,787,SI,NO,NO,NO,NO,NO,NO,NO,NO,NO,NO,NO,NO,SI
3035,1,3024,784,784,NO,NO,NO,NO,NO,NO,NO,NO,NO,NO,NO,NO,NO,SI
3036,1,3024,876,876,NO,SI,NO,NO,NO,NO,NO,NO,NO,NO,NO,NO,NO,SI
3037,1,3034,926,926,SI,SI,NO,SI,NO,NO,NO,NO,NO,NO,NO,NO,NO,NO
3038,1,3034,908,908,NO,NO,NO,NO,NO,NO,NO,NO,NO,NO,NO,NO,NO,SI
3039,1,3043,885,885,NO,NO,NO,NO,NO,NO,NO,NO,NO,NO,NO,NO,NO,SI
3040,1,3050,770,770,NO,NO,NO,NO,NO,NO,NO,NO,NO,NO,NO,NO,NO,SI
3041,1,3008,913,913,NO,NO,NO,NO,NO,SI,NO,NO,NO,NO,NO,NO,NO,SI
3042,1,3001,955,955,NO,NO,NO,NO,NO,NO,NO,NO,NO,NO,NO,NO,NO,SI
3043,1,3005,928,928,SI,SI,NO,NO,NO,NO,NO,NO,NO,NO,NO,NO,NO,NO
3044,1,3010,789,789,NO,SI,NO,NO,SI,NO,NO,NO,NO,NO,NO,NO,NO,NO
3045,1,3053,898,898,SI,NO,NO,NO,NO,NO,NO,NO,NO,NO,NO,SI,NO,NO
3046,1,3046,955,955,NO,NO,NO,NO,NO,NO,NO,NO,NO,NO,NO,NO,NO,SI
3047,1,3005,934,934,NO,NO,NO,NO,NO,NO,NO,NO,NO,NO,NO,NO,SI,SI
3048,1,3046,930,930,SI,NO,NO,NO,SI,NO,NO,NO,NO,NO,NO,NO,NO,SI
3049,1,3030,893,893,NO,NO,NO,SI,NO,NO,NO,NO,NO,NO,NO,NO,NO,SI
3050,1,3034,934,934,SI,NO,NO,NO,NO,NO,NO,NO,NO,NO,NO,NO,NO,SI
3051,1,3005,890,890,NO,NO,NO,NO,SI,NO,NO,NO,NO,NO,NO,SI,NO,SI
3052,1,3007,819,819,NO,NO,NO,NO,NO,NO,NO,NO,NO,NO,NO,NO,NO,NO
3053,1,3041,825,825,SI,NO,NO,NO,NO,NO,NO,NO,NO,NO,NO,NO,NO,SI
3054,1,3051,695,695,NO,NO,NO,NO,NO,NO,NO,NO,NO,NO,NO,NO,NO,SI
3055,1,3049,898,898,SI,NO,NO,NO,NO,NO,NO,NO,NO,NO,NO,NO,NO,SI
3056,1,3046,925,925,NO,NO,NO,SI,NO,SI,NO,NO,NO,NO,NO,NO,NO,SI
3057,1,3042,723,723,SI,NO,NO,NO,NO,NO,NO,NO,NO,NO,NO,NO,NO,SI
3058,1,3045,918,918,SI,NO,NO,NO,NO,NO,NO,NO,NO,NO,NO,NO,NO,SI
3059,1,3031,768,768,NO,SI,NO,NO,SI,NO,NO,NO,NO,NO,NO,SI,NO,SI
3060,1,3012,758,758,NO,NO,NO,NO,NO,NO,NO,NO,NO,NO,NO,NO,NO,SI
3061,1,3002,721,721,SI,SI,NO,NO,NO,NO,NO,NO,NO,NO,NO,NO,NO,SI
3062,1,3049,974,974,NO,NO,NO,NO,SI,NO,NO,NO,NO,NO,NO,SI,NO,SI
3063,1,3002,790,790,SI,NO,NO,NO,NO,NO,NO,NO,NO,NO,NO,NO,NO,SI
3064,1,3012,803,803,SI,NO,NO,NO,NO,NO,NO,NO,NO,NO,NO,NO,NO,NO
3065,1,3049,943,943,NO,NO,NO,NO,NO,NO,NO,NO,NO,NO,NO,NO,NO,SI
3066,1,3008,933,933,NO,SI,NO,NO,NO,NO,NO,NO,NO,NO,NO,NO,NO,SI
3067,1,3001,895,895,NO,NO,NO,NO,NO,NO,NO,NO,NO,NO,NO,NO,NO,SI
3068,1,3005,937,937,NO,NO,NO,NO,NO,NO,NO,NO,NO,NO,NO,NO,NO,SI
3069,1,3034,902,902,NO,NO,NO,NO,NO,NO,NO,NO,NO,NO,NO,NO,NO,NO
3070,1,3048,776,776,NO,SI,NO,NO,NO,NO,NO,NO,NO,NO,NO,NO,NO,SI
3071,1,3046,944,944,NO,NO,NO,NO,NO,NO,NO,NO,NO,NO,NO,NO,NO,SI
3072,1,3045,920,920,SI,NO,NO,NO,NO,NO,NO,NO,NO,NO,NO,SI,NO,SI
3073,1,3033,980,980,NO,NO,NO,SI,NO,NO,NO,NO,NO,NO,NO,SI,NO,NO
3074,1,3028,821,821,SI,NO,NO,NO,NO,NO,NO,NO,NO,NO,NO,NO,NO,NO
3075,1,3049,961,961,SI,NO,NO,NO,NO,NO,NO,NO,NO,NO,NO,NO,NO,NO
3076,1,3049,956,956,SI,NO,NO,SI,NO,NO,NO,NO,NO,NO,NO,NO,NO,NO
3077,1,3032,630,630,NO,NO,NO,NO,NO,NO,NO,NO,NO,NO,NO,NO,NO,SI
3078,1,3044,655,655,SI,NO,NO,NO,NO,NO,NO,NO,NO,NO,NO,NO,NO,SI
3079,1,3046,963,963,NO,NO,NO,NO,NO,NO,NO,NO,NO,NO,NO,NO,NO,NO
3080,1,3034,895,895,SI,NO,NO,NO,NO,NO,NO,NO,NO,NO,NO,NO,NO,SI
3081,1,3044,951,951,NO,NO,NO,SI,NO,NO,NO,NO,NO,NO,NO,NO,NO,SI
3082,1,3034,931,931,NO,NO,NO,NO,SI,NO,NO,NO,NO,NO,NO,NO,NO,SI
3083,1,3046,925,925,NO,NO,NO,SI,NO,NO,NO,NO,NO,NO,NO,SI,NO,SI
3084,1,3046,925,925,NO,SI,NO,SI,NO,NO,NO,NO,NO,NO,NO,SI,NO,NO
3085,1,3001,950,950,NO,NO,NO,NO,NO,NO,NO,NO,NO,NO,NO,NO,NO,SI
3086,1,3001,962,962,SI,NO,NO,NO,NO,NO,NO,NO,NO,NO,NO,NO,NO,SI
3087,1,3046,960,960,SI,SI,NO,NO,NO,NO,NO,NO,NO,NO,NO,NO,NO,SI
3088,1,3034,903,903,NO,NO,NO,NO,NO,NO,NO,NO,NO,NO,NO,NO,NO,SI
3089,1,3006,734,734,NO,NO,NO,NO,NO,NO,NO,NO,NO,NO,NO,NO,NO,SI
3090,1,3005,944,944,NO,NO,NO,NO,NO,NO,NO,NO,NO,NO,NO,NO,NO,SI
3091,1,3008,971,971,NO,NO,NO,NO,NO,NO,NO,SI,NO,NO,NO,NO,NO,SI
3092,1,3008,934,934,SI,NO,NO,NO,SI,NO,NO,NO,NO,NO,NO,NO,NO,NO
3093,1,3001,944,944,SI,NO,NO,SI,NO,NO,NO,NO,NO,NO,NO,NO,NO,SI
3094,1,3049,923,923,SI,SI,NO,NO,NO,NO,NO,NO,NO,NO,NO,SI,NO,SI
3095,1,3005,917,917,NO,NO,NO,NO,NO,NO,NO,NO,NO,NO,NO,NO,NO,SI
3096,1,3034,903,903,SI,NO,NO,NO,NO,NO,NO,NO,NO,NO,NO,NO,NO,SI
3097,1,3049,966,966,NO,NO,NO,NO,NO,NO,NO,NO,NO,NO,NO,NO,NO,SI
3098,1,3008,913,913,SI,NO,NO,NO,NO,NO,NO,NO,NO,NO,NO,NO,NO,SI
3099,1,3045,953,953,SI,NO,NO,NO,NO,NO,NO,NO,NO,NO,NO,NO,NO,SI
3100,1,3042,790,790,NO,NO,NO,NO,NO,NO,NO,NO,NO,NO,NO,SI,NO,SI
3101,1,3005,894,894,NO,NO,NO,NO,NO,SI,NO,NO,NO,NO,NO,NO,NO,NO
3102,1,3028,802,802,NO,NO,NO,NO,NO,NO,NO,NO,NO,NO,NO,NO,NO,SI
3103,1,3005,938,938,NO,NO,NO,NO,NO,NO,NO,NO,NO,NO,NO,NO,NO,SI
3104,1,3049,984,984,NO,NO,NO,SI,NO,NO,NO,NO,NO,NO,NO,NO,NO,SI
3105,1,3046,926,926,NO,NO,NO,NO,NO,NO,NO,NO,NO,NO,NO,NO,NO,SI
3106,1,3041,881,881,NO,NO,NO,NO,NO,NO,NO,NO,NO,NO,NO,NO,NO,SI
3107,1,3045,922,922,SI,SI,NO,NO,NO,NO,NO,NO,NO,NO,NO,NO,NO,SI
3108,1,3008,880,880,NO,NO,NO,NO,NO,NO,NO,NO,NO,NO,NO,NO,NO,SI
3109,1,3045,954,954,NO,SI,NO,NO,NO,NO,NO,NO,NO,NO,NO,NO,NO,SI
3110,1,3045,933,933,SI,NO,NO,NO,NO,NO,NO,NO,NO,NO,NO,NO,NO,NO
3111,1,3034,964,964,NO,SI,NO,SI,NO,NO,NO,NO,NO,NO,NO,NO,NO,SI
3112,1,3034,917,917,NO,NO,NO,NO,NO,NO,NO,NO,NO,NO,NO,NO,NO,NO
3113,1,3005,963,963,NO,NO,NO,NO,NO,SI,NO,NO,NO,NO,NO,NO,NO,SI
3114,1,3034,936,936,SI,NO,NO,NO,NO,NO,NO,NO,NO,NO,NO,NO,NO,SI
3115,1,3016,837,837,SI,SI,NO,SI,NO,NO,NO,NO,NO,NO,NO,SI,NO,SI
3116,1,3034,960,960,NO,NO,NO,NO,NO,SI,NO,NO,NO,NO,NO,NO,NO,SI
3117,1,3001,926,926,SI,NO,NO,NO,SI,NO,NO,NO,NO,NO,NO,SI,NO,NO
3118,1,3055,765,765,NO,SI,NO,NO,SI,SI,NO,NO,NO,NO,NO,NO,NO,SI
3119,1,3046,914,914,SI,SI,NO,NO,NO,NO,NO,NO,NO,NO,NO,NO,NO,SI
3120,1,3045,974,974,NO,NO,NO,NO,NO,NO,NO,NO,NO,NO,NO,NO,NO,SI
3121,1,3045,895,895,NO,SI,NO,NO,NO,NO,NO,NO,NO,NO,NO,NO,NO,SI
3122,1,3049,895,895,NO,NO,NO,NO,NO,NO,NO,NO,NO,NO,NO,NO,NO,SI
3123,1,3046,936,936,NO,SI,NO,NO,NO,NO,NO,NO,NO,NO,NO,NO,NO,SI
3124,1,3007,798,798,SI,NO,NO,NO,NO,NO,NO,NO,NO,NO,NO,SI,NO,SI
3125,1,3025,876,876,NO,NO,NO,SI,NO,NO,NO,NO,NO,NO,NO,NO,NO,NO
3126,1,3032,858,858,NO,SI,NO,NO,SI,NO,NO,NO,NO,NO,NO,NO,NO,NO
3127,1,3046,983,983,SI,NO,NO,NO,NO,NO,NO,NO,NO,NO,NO,NO,NO,SI
3128,1,3049,944,944,NO,NO,NO,NO,NO,NO,NO,NO,NO,NO,NO,NO,NO,SI
3129,1,3001,921,921,NO,NO,NO,NO,NO,NO,NO,NO,NO,NO,NO,NO,NO,SI
3130,1,3046,913,913,SI,NO,NO,NO,NO,NO,NO,NO,NO,NO,NO,NO,NO,SI
3131,1,3045,973,973,SI,NO,NO,NO,NO,NO,NO,NO,NO,NO,NO,SI,NO,SI
3132,1,3049,953,953,NO,NO,NO,NO,NO,NO,NO,NO,NO,NO,NO,NO,NO,SI
3133,1,3022,765,765,NO,NO,SI,NO,NO,NO,NO,NO,NO,NO,NO,NO,NO,NO
3134,1,3008,929,929,SI,NO,NO,NO,NO,NO,NO,NO,NO,NO,NO,NO,NO,SI
3135,1,3049,932,932,SI,NO,NO,NO,NO,NO,NO,NO,NO,NO,NO,SI,NO,SI
3136,1,3007,727,727,NO,NO,NO,NO,SI,NO,NO,NO,NO,NO,NO,NO,NO,SI
3137,1,3050,661,661,SI,SI,NO,NO,NO,NO,NO,NO,NO,NO,NO,NO,NO,SI
3138,1,3048,685,685,NO,NO,NO,NO,NO,NO,NO,NO,NO,NO,NO,NO,NO,SI
3139,1,3008,911,911,SI,NO,NO,NO,NO,NO,NO,NO,NO,NO,NO,NO,NO,SI
3140,1,3001,884,884,NO,NO,NO,NO,SI,NO,NO,NO,NO,NO,NO,NO,NO,SI
3141,1,3015,1000,1000,NO,NO,NO,NO,NO,NO,NO,NO,NO,NO,NO,SI,NO,SI
3142,1,3034,959,959,SI,NO,NO,NO,NO,NO,NO,NO,NO,NO,NO,SI,NO,NO
3143,1,3015,975,975,SI,NO,NO,NO,NO,NO,NO,NO,NO,NO,NO,NO,NO,SI
3144,1,3051,741,741,NO,NO,NO,NO,NO,NO,SI,NO,NO,NO,NO,NO,NO,SI
3145,1,3043,755,755,SI,NO,NO,NO,NO,NO,NO,NO,NO,SI,NO,NO,NO,SI
3146,1,3046,938,938,SI,SI,NO,NO,NO,NO,NO,NO,NO,NO,NO,NO,NO,NO
3147,1,3034,917,917,NO,NO,NO,SI,NO,NO,NO,NO,NO,NO,NO,NO,NO,SI
3148,1,3005,917,917,SI,SI,NO,NO,NO,NO,NO,NO,NO,NO,NO,NO,NO,SI
3149,1,3026,822,822,NO,NO,NO,SI,NO,NO,NO,NO,NO,NO,NO,NO,NO,SI
3150,1,3049,918,918,NO,NO,NO,NO,NO,NO,NO,NO,NO,NO,NO,NO,NO,SI
3151,1,3046,931,931,NO,SI,NO,NO,NO,NO,NO,NO,SI,NO,NO,NO,NO,SI
3152,1,3045,954,954,NO,NO,NO,NO,NO,NO,NO,NO,NO,NO,NO,NO,NO,NO
3153,1,3045,931,931,NO,NO,SI,NO,NO,NO,NO,NO,NO,NO,NO,NO,NO,SI
3154,1,3034,968,968,NO,SI,NO,NO,NO,NO,NO,NO,NO,NO,NO,NO,NO,SI
3155,1,3014,924,924,SI,NO,NO,SI,NO,NO,NO,NO,NO,NO,NO,SI,NO,NO
3156,1,3037,796,796,NO,NO,NO,NO,NO,NO,NO,NO,NO,NO,NO,SI,NO,SI
3157,1,3008,942,942,SI,NO,NO,SI,NO,NO,NO,NO,NO,NO,NO,SI,NO,SI
3158,1,3005,910,910,NO,NO,NO,NO,NO,NO,NO,NO,NO,NO,NO,NO,NO,SI
3159,1,3001,935,935,NO,NO,NO,NO,NO,NO,NO,NO,NO,NO,NO,NO,NO,SI
3160,1,3055,749,749,NO,NO,NO,NO,NO,NO,NO,NO,NO,NO,NO,NO,NO,SI
3161,1,3041,827,827,NO,NO,NO,NO,NO,NO,NO,NO,NO,NO,NO,NO,NO,NO
3162,1,3046,958,958,SI,NO,NO,SI,NO,NO,NO,NO,NO,NO,NO,NO,NO,SI
3163,1,3016,796,796,NO,NO,NO,NO,NO,NO,NO,NO,NO,SI,NO,SI,NO,SI
3164,1,3005,935,935,SI,NO,NO,NO,SI,SI,NO,NO,NO,NO,NO,NO,NO,SI
3165,1,3037,692,692,SI,NO,NO,NO,NO,SI,NO,NO,NO,NO,NO,NO,NO,SI
3166,1,3056,932,932,SI,NO,NO,SI,NO,NO,NO,NO,NO,NO,NO,NO,NO,NO
3167,1,3027,817,817,SI,NO,NO,NO,NO,NO,NO,NO,NO,NO,NO,NO,NO,NO
3168,1,3034,860,860,NO,NO,NO,SI,NO,NO,NO,NO,NO,NO,NO,NO,NO,SI
3169,1,3053,782,782,NO,NO,NO,NO,NO,NO,NO,NO,NO,NO,NO,SI,NO,SI
3170,1,3049,911,911,NO,NO,NO,NO,NO,NO,NO,NO,NO,NO,NO,NO,SI,SI
3171,1,3008,868,868,NO,NO,NO,NO,NO,NO,NO,NO,NO,NO,NO,NO,SI,SI
3172,1,3046,906,906,NO,NO,NO,NO,NO,NO,NO,NO,NO,NO,NO,NO,NO,SI
3173,1,3049,889,889,SI,NO,NO,NO,NO,NO,NO,NO,NO,NO,NO,NO,NO,SI
3174,1,3024,802,802,NO,NO,NO,NO,NO,NO,NO,NO,NO,NO,NO,SI,NO,SI
3175,1,3001,946,946,NO,NO,NO,SI,NO,NO,NO,NO,NO,NO,NO,NO,NO,SI
3176,1,3056,677,677,NO,SI,NO,NO,NO,NO,NO,NO,NO,NO,NO,NO,NO,SI
3177,1,3045,958,958,SI,NO,NO,NO,NO,NO,NO,NO,NO,NO,NO,NO,NO,SI
3178,1,3034,923,923,NO,NO,NO,NO,SI,NO,NO,NO,NO,NO,NO,NO,NO,SI
3179,1,3004,731,731,NO,NO,NO,NO,NO,NO,NO,NO,NO,NO,NO,NO,NO,SI
3180,1,3031,816,816,SI,NO,NO,NO,NO,NO,NO,NO,NO,NO,NO,NO,NO,SI
3181,1,3054,631,631,NO,NO,NO,NO,NO,NO,NO,NO,NO,NO,NO,NO,NO,NO
3182,1,3049,923,923,SI,NO,NO,NO,NO,NO,NO,NO,NO,NO,NO,NO,NO,SI
3183,1,3045,949,949,NO,NO,NO,NO,NO,NO,NO,NO,NO,NO,NO,SI,NO,SI
3184,1,3008,970,970,SI,NO,NO,NO,NO,NO,NO,NO,NO,NO,NO,NO,NO,SI
3185,1,3015,710,710,NO,NO,NO,NO,NO,NO,NO,NO,NO,NO,NO,NO,NO,NO
3186,1,3008,885,885,NO,NO,NO,NO,NO,NO,NO,NO,NO,NO,NO,NO,NO,SI
3187,1,3045,947,947,NO,NO,NO,NO,NO,NO,NO,NO,NO,NO,NO,NO,NO,SI
3188,1,3045,973,973,SI,SI,NO,NO,NO,NO,NO,NO,NO,NO,NO,NO,NO,SI
3189,1,3005,909,909,SI,NO,NO,NO,NO,NO,NO,NO,NO,NO,NO,NO,NO,SI
3190,1,3001,1000,1000,NO,NO,NO,SI,NO,NO,NO,NO,NO,NO,NO,SI,NO,SI
3191,1,3014,669,669,NO,NO,NO,NO,SI,NO,NO,NO,NO,NO,NO,NO,NO,NO
3192,1,3050,975,975,NO,NO,NO,NO,NO,NO,NO,NO,NO,NO,NO,NO,NO,SI
3193,1,3012,745,745,NO,SI,NO,NO,NO,NO,NO,NO,NO,NO,NO,NO,NO,SI
3194,1,3037,900,900,NO,NO,NO,NO,NO,NO,NO,NO,NO,NO,NO,NO,NO,SI
3195,1,3034,914,914,NO,NO,NO,SI,NO,NO,NO,NO,NO,NO,NO,NO,NO,SI
3196,1,3034,908,908,NO,NO,NO,NO,NO,NO,NO,NO,NO,NO,NO,SI,NO,SI
3197,1,3046,953,953,SI,NO,NO,NO,NO,NO,NO,NO,NO,NO,NO,NO,NO,SI
3198,1,3008,919,919,NO,SI,NO,NO,NO,NO,NO,NO,NO,NO,NO,NO,NO,NO
3199,1,3028,744,744,NO,NO,NO,NO,NO,NO,NO,NO,NO,NO,NO,NO,NO,SI
3200,1,3031,901,901,NO,NO,NO,NO,NO,NO,NO,NO,NO,NO,NO,NO,NO,SI
3201,1,3046,915,915,NO,SI,NO,NO,NO,NO,NO,NO,NO,NO,NO,NO,NO,SI
3202,1,3046,959,959,NO,NO,NO,NO,NO,NO,NO,NO,NO,NO,NO,NO,NO,SI
3203,1,3052,783,783,SI,NO,NO,NO,NO,NO,NO,NO,NO,NO,NO,NO,NO,SI
3204,1,3039,885,885,NO,NO,NO,NO,SI,NO,NO,NO,NO,NO,NO,NO,NO,SI
3205,1,3001,967,967,NO,SI,NO,NO,NO,SI,NO,NO,NO,NO,NO,NO,NO,SI
3206,1,3042,712,712,NO,SI,NO,SI,NO,NO,NO,NO,NO,NO,NO,NO,NO,SI
3207,1,3012,976,976,NO,NO,NO,NO,NO,NO,NO,NO,NO,NO,NO,NO,NO,SI
3208,1,3053,800,800,NO,SI,NO,NO,NO,NO,NO,NO,NO,NO,NO,NO,NO,SI
3209,1,3049,915,915,NO,NO,NO,NO,NO,NO,NO,NO,NO,NO,NO,SI,NO,SI
3210,1,3032,600,600,SI,NO,NO,NO,NO,NO,NO,NO,NO,NO,NO,NO,NO,SI
3211,1,3046,957,957,NO,NO,NO,NO,NO,NO,NO,NO,NO,NO,NO,SI,NO,SI
3212,1,3010,716,716,NO,SI,NO,NO,NO,NO,NO,NO,NO,NO,NO,NO,NO,SI
3213,1,3008,912,912,NO,NO,NO,NO,NO,SI,NO,NO,NO,NO,NO,NO,NO,SI
3214,1,3045,899,899,SI,NO,NO,NO,NO,NO,NO,NO,NO,NO,NO,NO,NO,SI
3215,1,3001,937,937,NO,NO,NO,NO,NO,NO,NO,NO,NO,NO,NO,NO,NO,NO
3216,1,3045,939,939,SI,NO,NO,NO,SI,NO,NO,NO,NO,NO,NO,NO,NO,SI
3217,1,3032,714,714,SI,NO,NO,NO,NO,NO,NO,NO,NO,NO,NO,NO,NO,SI
3218,1,3046,948,948,NO,SI,NO,NO,NO,NO,NO,NO,NO,NO,NO,NO,NO,SI
3219,1,3018,823,823,SI,NO,NO,NO,NO,NO,NO,NO,NO,NO,NO,SI,NO,NO
3220,1,3001,993,993,SI,SI,NO,NO,SI,NO,NO,NO,NO,NO,NO,NO,NO,SI
3221,1,3045,947,947,NO,NO,NO,NO,NO,NO,NO,NO,NO,NO,NO,NO,NO,SI
3222,1,3045,949,949,NO,SI,NO,NO,NO,NO,NO,NO,NO,NO,NO,NO,NO,SI
3223,1,3017,856,856,SI,NO,NO,NO,NO,NO,NO,NO,NO,NO,NO,SI,NO,SI
3224,1,3001,951,951,SI,SI,NO,NO,NO,NO,NO,NO,NO,NO,NO,SI,NO,NO
3225,1,3019,936,936,NO,SI,NO,NO,NO,NO,NO,NO,NO,NO,NO,NO,NO,NO
3226,1,3049,939,939,SI,NO,NO,NO,NO,NO,NO,NO,NO,NO,NO,NO,NO,NO
3227,1,3046,957,957,SI,NO,NO,NO,NO,NO,NO,NO,NO,NO,NO,NO,NO,SI
3228,1,3045,973,973,SI,SI,NO,NO,NO,NO,NO,NO,NO,NO,NO,NO,NO,SI
3229,1,3022,688,688,NO,NO,NO,NO,NO,NO,NO,NO,NO,NO,NO,NO,NO,NO
3230,1,3027,722,722,NO,NO,NO,NO,NO,SI,NO,NO,NO,NO,NO,NO,NO,SI
3231,1,3005,908,908,NO,SI,NO,NO,SI,NO,NO,NO,NO,NO,NO,NO,NO,SI
3232,1,3013,835,835,SI,NO,NO,SI,NO,NO,NO,NO,NO,NO,NO,NO,NO,SI
3233,1,3045,917,917,NO,NO,NO,NO,NO,NO,NO,NO,NO,NO,NO,SI,NO,SI
3234,1,3036,819,819,NO,NO,NO,NO,NO,NO,NO,NO,NO,NO,NO,SI,NO,SI
3235,1,3018,794,794,NO,NO,NO,NO,NO,NO,NO,NO,NO,NO,NO,NO,NO,SI
3236,1,3034,916,916,NO,NO,NO,NO,NO,NO,NO,NO,NO,NO,NO,NO,NO,NO
3237,1,3045,909,909,NO,SI,NO,NO,NO,NO,NO,NO,NO,NO,NO,NO,NO,SI
3238,1,3014,666,666,NO,SI,NO,NO,NO,NO,NO,NO,NO,NO,NO,NO,NO,SI
3239,1,3027,640,640,NO,NO,NO,NO,NO,NO,NO,NO,NO,NO,NO,NO,NO,SI
3240,1,3041,767,767,NO,NO,NO,NO,NO,NO,NO,NO,NO,NO,NO,SI,NO,SI
3241,1,3056,814,814,NO,NO,SI,NO,NO,NO,NO,NO,NO,NO,NO,SI,NO,SI
3242,1,3046,922,922,NO,NO,NO,NO,NO,NO,NO,NO,NO,NO,NO,NO,NO,SI
3243,1,3034,902,902,NO,NO,NO,NO,NO,SI,NO,NO,NO,NO,NO,NO,NO,SI
3244,1,3040,914,914,NO,NO,NO,NO,NO,NO,NO,NO,NO,NO,NO,NO,NO,SI
3245,1,3045,927,927,NO,NO,NO,NO,NO,NO,NO,NO,NO,NO,NO,SI,NO,NO
3246,1,3008,924,924,NO,NO,NO,NO,NO,NO,NO,NO,NO,NO,NO,NO,NO,NO
3247,1,3022,733,733,SI,NO,NO,NO,NO,NO,NO,NO,SI,NO,NO,NO,NO,SI
3248,1,3017,790,790,SI,SI,NO,NO,NO,NO,NO,NO,NO,NO,NO,NO,NO,SI
3249,1,3052,816,816,NO,NO,NO,NO,NO,NO,NO,NO,NO,NO,NO,NO,NO,SI
3250,1,3019,925,925,SI,NO,NO,NO,NO,NO,NO,NO,NO,NO,NO,SI,NO,SI
3251,1,3045,904,904,SI,SI,NO,SI,NO,NO,NO,NO,NO,NO,NO,NO,NO,SI
3252,1,3001,903,903,SI,NO,NO,NO,NO,NO,NO,NO,NO,NO,NO,NO,NO,SI
3253,1,3049,929,929,NO,NO,NO,SI,NO,NO,NO,NO,NO,NO,NO,NO,NO,SI
3254,1,3018,770,770,NO,NO,NO,NO,NO,NO,NO,NO,NO,NO,NO,NO,NO,SI
3255,1,3045,946,946,NO,NO,NO,NO,NO,NO,NO,NO,NO,NO,NO,NO,NO,SI
3256,1,3049,908,908,SI,SI,NO,SI,NO,NO,NO,NO,NO,NO,NO,NO,NO,SI
3257,1,3034,902,902,SI,NO,NO,NO,NO,NO,NO,NO,NO,NO,NO,NO,NO,SI
3258,1,3005,900,900,NO,SI,NO,SI,NO,NO,NO,NO,NO,NO,NO,NO,NO,SI
3259,1,3046,955,955,NO,NO,NO,NO,NO,NO,NO,NO,NO,NO,NO,NO,NO,NO
3260,1,3001,912,912,SI,SI,NO,NO,NO,NO,NO,NO,NO,NO,NO,SI,NO,SI
3261,1,3001,932,932,SI,NO,NO,NO,NO,NO,NO,NO,NO,NO,NO,NO,NO,SI
3262,1,3046,984,984,NO,NO,NO,NO,NO,NO,NO,NO,NO,NO,NO,NO,NO,SI
3263,1,3027,651,651,NO,NO,NO,NO,NO,NO,NO,NO,NO,NO,NO,NO,NO,NO
3264,1,3045,931,931,SI,NO,NO,NO,NO,NO,NO,NO,NO,NO,NO,NO,NO,SI
3265,1,3034,950,950,SI,NO,NO,NO,NO,NO,NO,NO,NO,NO,NO,NO,NO,SI
3266,1,3005,950,950,SI,SI,NO,NO,NO,NO,NO,NO,NO,NO,NO,NO,NO,SI
3267,1,3021,737,737,NO,NO,NO,NO,NO,NO,NO,NO,NO,NO,NO,NO,NO,SI
3268,1,3026,766,766,SI,NO,NO,NO,NO,NO,NO,NO,NO,NO,NO,NO,NO,SI
3269,1,3045,916,916,SI,NO,NO,NO,NO,NO,NO,NO,NO,NO,NO,NO,NO,NO
3270,1,3011,920,920,NO,NO,NO,NO,NO,NO,NO,NO,NO,NO,NO,NO,NO,SI
3271,1,3045,910,910,NO,NO,NO,SI,NO,NO,NO,NO,NO,NO,NO,NO,NO,SI
3272,1,3020,831,831,NO,NO,NO,NO,NO,NO,NO,NO,NO,NO,NO,NO,NO,SI
3273,1,3009,733,733,NO,NO,NO,NO,NO,NO,NO,NO,NO,NO,NO,NO,NO,SI
3274,1,3039,898,898,NO,NO,NO,NO,NO,NO,NO,NO,NO,NO,NO,NO,NO,SI
3275,1,3005,954,954,NO,SI,NO,NO,NO,NO,NO,NO,NO,NO,NO,NO,NO,SI
3276,1,3011,757,757,NO,NO,NO,NO,NO,NO,NO,NO,NO,NO,NO,SI,NO,SI
3277,1,3008,883,883,NO,NO,NO,SI,NO,NO,NO,NO,NO,NO,NO,NO,NO,SI
3278,1,3049,928,928,NO,NO,NO,NO,NO,NO,NO,NO,NO,NO,NO,NO,NO,SI
3279,1,3005,912,912,NO,SI,NO,NO,NO,NO,NO,NO,NO,NO,NO,NO,NO,SI
3280,1,3007,789,789,SI,NO,NO,NO,NO,NO,NO,NO,NO,NO,NO,NO,NO,SI
3281,1,3001,948,948,NO,NO,NO,NO,NO,NO,NO,NO,NO,NO,NO,NO,NO,SI
3282,1,3047,864,864,SI,NO,NO,NO,SI,NO,NO,NO,NO,NO,NO,NO,NO,NO
3283,1,3013,773,773,NO,NO,NO,NO,NO,NO,NO,NO,NO,NO,NO,NO,NO,SI
3284,1,3049,902,902,NO,SI,NO,NO,NO,NO,NO,NO,SI,NO,NO,NO,NO,SI
3285,1,3037,838,838,SI,NO,NO,NO,NO,NO,NO,NO,NO,NO,NO,SI,SI,SI
3286,1,3056,788,788,SI,NO,NO,NO,SI,NO,NO,NO,NO,NO,NO,NO,NO,NO
3287,1,3049,907,907,SI,NO,NO,NO,NO,SI,NO,NO,NO,NO,NO,NO,NO,SI
3288,1,3049,933,933,SI,NO,NO,SI,NO,NO,NO,NO,NO,NO,NO,NO,NO,SI
3289,1,3008,922,922,NO,SI,NO,NO,NO,NO,NO,NO,NO,NO,NO,NO,NO,SI
3290,1,3049,894,894,NO,NO,NO,NO,NO,NO,NO,NO,NO,NO,NO,NO,NO,SI
3291,1,3049,923,923,NO,NO,NO,NO,NO,NO,NO,NO,NO,NO,NO,NO,NO,SI
3292,1,3050,801,801,NO,NO,NO,NO,NO,NO,NO,NO,NO,NO,NO,SI,NO,SI
3293,1,3037,880,880,NO,NO,NO,NO,NO,NO,NO,NO,NO,NO,NO,NO,NO,NO
3294,1,3026,800,800,SI,SI,NO,NO,NO,NO,NO,NO,NO,NO,NO,NO,NO,SI
3295,1,3044,818,818,SI,SI,NO,NO,NO,NO,NO,NO,NO,NO,NO,NO,NO,NO
3296,1,3034,967,967,NO,NO,NO,NO,NO,NO,NO,NO,NO,NO,NO,NO,NO,SI
3297,1,3001,939,939,NO,NO,NO,NO,NO,NO,NO,NO,NO,NO,NO,NO,NO,SI
3298,1,3011,694,694,NO,SI,NO,NO,NO,NO,NO,NO,NO,SI,NO,NO,NO,SI
3299,1,3004,820,820,NO,NO,NO,SI,NO,NO,NO,NO,NO,NO,NO,NO,NO,SI
3300,1,3008,920,920,NO,NO,NO,NO,NO,SI,NO,NO,NO,NO,NO,NO,SI,NO
3301,1,3008,911,911,NO,SI,NO,NO,NO,SI,NO,NO,NO,NO,NO,NO,NO,SI
3302,1,3009,735,735,NO,NO,NO,NO,NO,NO,NO,NO,NO,NO,NO,NO,NO,NO
3303,1,3008,930,930,NO,SI,NO,NO,NO,NO,NO,NO,NO,NO,NO,NO,NO,SI
3304,1,3045,928,928,SI,NO,NO,NO,NO,NO,NO,NO,NO,NO,NO,NO,NO,SI
3305,1,3031,733,733,SI,SI,NO,SI,NO,NO,NO,NO,NO,NO,NO,NO,NO,SI
3306,1,3045,943,943,NO,NO,NO,NO,NO,NO,NO,NO,NO,NO,NO,NO,NO,SI
3307,1,3035,813,813,NO,NO,NO,NO,NO,NO,NO,NO,NO,NO,NO,NO,NO,SI
3308,1,3004,743,743,NO,SI,NO,NO,NO,NO,NO,NO,NO,NO,NO,NO,NO,NO
3309,1,3001,872,872,NO,SI,NO,NO,NO,NO,NO,NO,NO,NO,NO,NO,NO,SI
3310,1,3034,969,969,NO,NO,NO,SI,NO,NO,NO,NO,NO,NO,NO,NO,NO,SI
3311,1,3030,745,745,NO,SI,NO,NO,NO,NO,NO,NO,NO,NO,NO,NO,NO,SI
3312,1,3049,961,961,NO,NO,NO,NO,NO,NO,NO,NO,NO,NO,NO,NO,NO,NO
3313,1,3045,897,897,NO,NO,NO,NO,NO,NO,NO,NO,NO,NO,NO,NO,NO,NO
3314,1,3049,924,924,NO,NO,NO,NO,NO,NO,NO,NO,NO,NO,NO,NO,NO,SI
3315,1,3053,628,628,SI,NO,NO,NO,NO,NO,NO,NO,NO,NO,NO,NO,NO,SI
3316,1,3005,933,933,SI,NO,NO,SI,SI,NO,NO,NO,NO,NO,NO,NO,NO,NO
3317,1,3034,874,874,NO,NO,NO,SI,NO,NO,NO,NO,NO,NO,NO,SI,NO,SI
3318,1,3033,791,791,NO,SI,NO,NO,NO,NO,NO,NO,NO,NO,NO,NO,NO,SI
3319,1,3034,898,898,SI,NO,NO,NO,NO,NO,NO,NO,NO,NO,NO,NO,NO,SI
3320,1,3034,878,878,NO,NO,NO,NO,NO,NO,NO,NO,NO,NO,NO,SI,NO,SI
3321,1,3045,896,896,NO,NO,NO,NO,NO,NO,NO,NO,NO,NO,NO,NO,NO,SI
3322,1,3037,803,803,NO,NO,NO,NO,NO,NO,NO,NO,NO,NO,NO,NO,NO,SI
3323,1,3049,912,912,NO,NO,NO,NO,NO,SI,NO,NO,NO,NO,NO,NO,NO,NO
3324,1,3017,690,690,SI,NO,NO,NO,NO,NO,NO,NO,NO,NO,NO,NO,NO,SI
3325,1,3051,817,817,NO,NO,NO,NO,NO,NO,NO,NO,NO,NO,NO,SI,NO,NO
3326,1,3008,887,887,SI,NO,SI,NO,NO,NO,NO,NO,NO,NO,NO,NO,NO,SI
3327,1,3001,961,961,SI,NO,NO,NO,SI,NO,NO,NO,NO,NO,NO,NO,NO,SI
3328,1,3016,617,617,SI,NO,NO,NO,NO,NO,NO,NO,NO,NO,NO,NO,NO,SI
3329,1,3046,894,894,SI,NO,NO,NO,NO,NO,NO,NO,NO,NO,NO,NO,NO,NO
3330,1,3045,949,949,NO,SI,NO,NO,NO,NO,NO,NO,NO,NO,NO,NO,NO,SI
3331,1,3001,929,929,SI,NO,NO,NO,NO,NO,NO,NO,NO,NO,NO,NO,NO,NO
3332,1,3047,942,942,NO,NO,NO,NO,NO,NO,NO,NO,NO,NO,NO,NO,NO,SI
3333,1,3008,952,952,SI,SI,NO,NO,NO,NO,NO,NO,NO,NO,NO,NO,NO,SI
3334,1,3007,730,730,SI,NO,NO,NO,NO,NO,NO,NO,NO,NO,NO,NO,NO,NO
3335,1,3034,874,874,SI,NO,NO,NO,NO,NO,NO,NO,NO,NO,NO,NO,NO,SI
3336,1,3051,831,831,SI,NO,NO,NO,NO,NO,NO,NO,NO,NO,NO,NO,NO,NO
3337,1,3049,944,944,SI,NO,NO,NO,NO,NO,NO,NO,NO,NO,NO,NO,NO,SI
3338,1,3005,953,953,SI,NO,NO,NO,NO,NO,NO,NO,NO,NO,NO,SI,NO,SI
3339,1,3051,740,740,NO,NO,NO,NO,NO,NO,NO,NO,NO,NO,NO,NO,NO,SI
3340,1,3005,922,922,SI,NO,NO,NO,NO,NO,NO,NO,NO,NO,NO,NO,NO,NO
3341,1,3045,928,928,SI,NO,NO,NO,NO,NO,NO,NO,NO,NO,NO,NO,NO,NO
3342,1,3008,934,934,SI,NO,NO,NO,NO,NO,NO,NO,NO,NO,NO,NO,NO,SI
3343,1,3004,862,862,NO,NO,NO,NO,NO,NO,NO,NO,NO,NO,NO,NO,NO,SI
3344,1,3023,942,942,NO,NO,NO,NO,NO,NO,NO,NO,NO,NO,NO,NO,NO,NO
3345,1,3001,912,912,NO,NO,NO,SI,NO,NO,NO,NO,NO,NO,NO,NO,NO,SI
3346,1,3025,687,687,NO,NO,NO,NO,NO,NO,NO,NO,NO,NO,NO,NO,NO,SI
3347,1,3034,947,947,NO,SI,NO,NO,NO,NO,NO,NO,NO,NO,NO,NO,NO,SI
3348,1,3001,935,935,NO,NO,NO,NO,NO,NO,NO,NO,NO,NO,NO,NO,NO,SI
3349,1,3032,832,832,NO,SI,NO,SI,NO,NO,NO,NO,NO,NO,NO,NO,NO,SI
3350,1,3034,907,907,SI,NO,NO,NO,NO,NO,NO,NO,NO,NO,NO,NO,NO,SI
3351,1,3008,918,918,NO,NO,NO,NO,NO,NO,NO,NO,NO,NO,NO,NO,NO,SI
3352,1,3005,871,871,NO,NO,NO,NO,NO,NO,NO,NO,NO,NO,NO,SI,NO,SI
3353,1,3006,699,699,SI,NO,NO,SI,NO,NO,NO,NO,NO,NO,NO,SI,NO,SI
3354,1,3035,831,831,NO,NO,NO,NO,NO,NO,NO,NO,NO,NO,NO,NO,NO,NO
3355,1,3049,946,946,SI,NO,NO,NO,NO,NO,NO,NO,NO,NO,NO,NO,NO,SI
3356,1,3021,892,892,NO,SI,NO,NO,NO,NO,NO,NO,NO,NO,NO,NO,NO,NO
3357,1,3029,707,707,SI,NO,NO,NO,NO,NO,NO,NO,NO,NO,NO,NO,NO,SI
3358,1,3052,763,763,SI,SI,NO,NO,NO,NO,NO,NO,NO,NO,NO,NO,NO,SI
3359,1,3023,720,720,NO,SI,NO,NO,NO,NO,NO,NO,NO,NO,NO,NO,NO,SI
3360,1,3055,843,843,NO,NO,NO,NO,NO,NO,NO,NO,NO,NO,NO,NO,NO,SI
3361,1,3054,796,796,SI,NO,NO,NO,NO,NO,NO,NO,NO,NO,NO,NO,NO,SI
3362,1,3024,821,821,SI,NO,NO,NO,NO,NO,NO,NO,NO,NO,NO,NO,NO,SI
3363,1,3020,765,765,NO,NO,NO,NO,NO,NO,NO,NO,NO,NO,NO,NO,NO,SI
3364,1,3034,999,999,SI,SI,NO,SI,SI,NO,NO,NO,NO,NO,NO,SI,NO,SI
3365,1,3049,948,948,SI,SI,NO,NO,NO,NO,NO,NO,NO,NO,NO,NO,NO,SI
3366,1,3005,932,932,NO,NO,NO,NO,NO,NO,NO,NO,NO,NO,NO,SI,NO,SI
3367,1,3045,914,914,SI,NO,NO,NO,NO,NO,NO,NO,NO,NO,NO,NO,NO,NO
3368,1,3001,935,935,NO,NO,NO,NO,NO,NO,NO,NO,NO,NO,NO,NO,NO,SI
3369,1,3042,835,835,SI,NO,NO,NO,NO,NO,NO,NO,NO,NO,NO,NO,NO,SI
3370,1,3045,912,912,NO,SI,NO,NO,NO,NO,NO,NO,NO,NO,NO,NO,NO,SI
3371,1,3020,739,739,NO,NO,NO,NO,NO,NO,NO,NO,NO,NO,NO,NO,NO,SI
3372,1,3001,915,915,NO,NO,NO,NO,NO,SI,NO,NO,NO,NO,NO,NO,NO,SI
3373,1,3052,784,784,NO,NO,NO,NO,NO,NO,NO,NO,NO,NO,NO,NO,NO,SI
3374,1,3049,982,982,NO,NO,NO,NO,NO,NO,NO,NO,NO,NO,NO,NO,NO,SI
3375,1,3001,946,946,SI,NO,NO,NO,NO,NO,NO,NO,NO,NO,NO,NO,NO,SI
3376,1,3019,934,934,NO,NO,NO,NO,NO,NO,NO,NO,NO,NO,NO,NO,NO,NO
3377,1,3025,766,766,SI,NO,NO,NO,NO,NO,NO,NO,NO,NO,NO,NO,NO,NO
3378,1,3003,648,648,SI,NO,NO,NO,NO,NO,NO,NO,NO,NO,NO,NO,NO,NO
3379,1,3051,911,911,NO,NO,NO,NO,NO,NO,NO,NO,NO,NO,NO,NO,NO,SI
3380,1,3015,766,766,SI,NO,NO,NO,NO,NO,NO,NO,NO,NO,NO,SI,NO,SI
3381,1,3056,792,792,SI,NO,NO,NO,NO,NO,NO,NO,NO,NO,NO,NO,NO,NO
3382,1,3046,959,959,NO,NO,NO,NO,NO,NO,NO,NO,NO,NO,NO,NO,NO,SI
3383,1,3050,738,738,SI,SI,NO,SI,NO,NO,NO,NO,NO,NO,NO,NO,NO,NO
3384,1,3029,692,692,NO,NO,NO,NO,NO,NO,NO,NO,NO,NO,NO,NO,NO,SI
3385,1,3005,959,959,NO,NO,NO,NO,NO,NO,NO,NO,NO,NO,NO,NO,NO,SI
3386,1,3044,736,736,NO,NO,NO,NO,NO,NO,NO,NO,NO,NO,NO,NO,NO,SI
3387,1,3049,928,928,NO,SI,NO,NO,NO,NO,NO,NO,NO,NO,NO,NO,NO,SI
3388,1,3049,1000,1000,NO,NO,NO,NO,NO,NO,NO,NO,NO,SI,NO,NO,NO,SI
3389,1,3043,803,803,NO,NO,NO,NO,NO,NO,NO,NO,NO,NO,NO,SI,NO,NO
3390,1,3046,916,916,NO,SI,NO,NO,NO,NO,NO,NO,NO,NO,NO,NO,NO,SI
3391,1,3017,738,738,NO,SI,NO,NO,NO,NO,NO,NO,NO,NO,NO,NO,NO,SI
3392,1,3045,935,935,NO,NO,NO,NO,NO,NO,NO,NO,NO,NO,NO,NO,NO,SI
3393,1,3008,919,919,NO,SI,NO,NO,NO,NO,NO,NO,NO,NO,NO,NO,NO,NO
3394,1,3005,910,910,NO,NO,NO,NO,NO,NO,NO,NO,NO,NO,NO,NO,NO,SI
3395,1,3034,958,958,SI,NO,NO,NO,NO,NO,NO,NO,NO,NO,NO,NO,NO,SI
3396,1,3029,755,755,SI,NO,NO,NO,NO,NO,NO,NO,NO,NO,NO,NO,NO,SI
3397,1,3005,983,983,NO,SI,NO,NO,NO,NO,NO,NO,NO,NO,NO,NO,NO,NO
3398,1,3047,904,904,SI,NO,NO,NO,NO,NO,NO,NO,NO,NO,NO,NO,NO,NO
3399,1,3045,919,919,NO,NO,NO,NO,NO,NO,NO,NO,NO,NO,NO,NO,NO,NO
3400,1,3020,798,798,NO,NO,NO,NO,NO,NO,NO,NO,NO,NO,NO,NO,NO,SI
3401,1,3049,868,868,SI,NO,NO,SI,NO,NO,NO,NO,NO,NO,NO,NO,NO,NO
3402,1,3034,920,920,NO,NO,NO,NO,NO,NO,NO,NO,NO,NO,NO,NO,NO,SI
3403,1,3034,925,925,NO,NO,NO,NO,NO,NO,NO,NO,NO,NO,NO,NO,NO,SI
3404,1,3049,907,907,SI,NO,NO,NO,NO,NO,NO,NO,NO,NO,NO,NO,NO,SI
3405,1,3046,953,953,NO,NO,NO,NO,NO,NO,NO,NO,NO,NO,NO,NO,NO,NO
3406,1,3010,802,802,NO,SI,NO,NO,NO,NO,NO,NO,NO,NO,NO,NO,NO,SI
3407,1,3001,924,924,NO,NO,NO,NO,NO,NO,NO,NO,NO,NO,NO,NO,NO,SI
3408,1,3008,894,894,NO,NO,NO,NO,NO,NO,NO,NO,NO,NO,NO,NO,NO,SI
3409,1,3005,895,895,NO,NO,NO,NO,NO,NO,NO,NO,NO,NO,NO,NO,NO,SI
3410,1,3005,958,958,NO,NO,NO,SI,NO,NO,NO,NO,NO,NO,NO,NO,NO,SI
3411,1,3001,949,949,SI,SI,NO,NO,NO,NO,NO,NO,NO,NO,NO,NO,NO,SI
3412,1,3046,887,887,SI,SI,NO,NO,NO,SI,NO,NO,NO,NO,NO,NO,SI,SI
3413,1,3049,962,962,NO,NO,NO,NO,NO,NO,NO,NO,NO,NO,NO,NO,NO,SI
3414,1,3045,882,882,NO,NO,NO,NO,NO,NO,NO,NO,NO,NO,NO,NO,NO,SI
3415,1,3031,937,937,SI,NO,NO,NO,NO,NO,NO,NO,NO,NO,NO,NO,NO,NO
3416,1,3008,849,849,SI,NO,NO,NO,NO,NO,NO,NO,NO,NO,NO,NO,NO,SI
3417,1,3019,866,866,SI,NO,NO,NO,NO,NO,SI,NO,NO,NO,NO,NO,SI,SI
3418,1,3009,833,833,NO,NO,NO,NO,NO,NO,NO,NO,NO,NO,NO,NO,NO,SI
3419,1,3005,899,899,SI,NO,NO,NO,NO,NO,NO,NO,NO,NO,NO,NO,NO,SI
3420,1,3046,962,962,NO,SI,NO,NO,NO,NO,NO,NO,NO,NO,NO,NO,NO,NO
3421,1,3007,779,779,NO,NO,NO,NO,NO,NO,NO,NO,NO,NO,NO,NO,NO,SI
3422,1,3040,767,767,NO,NO,NO,NO,SI,NO,NO,NO,NO,NO,NO,NO,NO,NO
3423,1,3035,694,694,NO,SI,NO,NO,NO,SI,NO,NO,NO,NO,NO,NO,SI,SI
3424,1,3004,681,681,SI,NO,NO,NO,NO,NO,NO,NO,NO,NO,NO,NO,NO,SI
3425,1,3034,934,934,NO,NO,NO,NO,NO,NO,NO,NO,NO,NO,NO,NO,NO,SI
3426,1,3011,742,742,NO,NO,NO,NO,NO,SI,NO,NO,NO,NO,NO,NO,NO,SI
3427,1,3053,844,844,SI,NO,NO,NO,NO,NO,NO,NO,NO,NO,NO,NO,NO,SI
3428,1,3049,921,921,SI,SI,NO,NO,NO,NO,NO,NO,NO,NO,NO,NO,NO,SI
3429,1,3049,924,924,SI,SI,NO,NO,NO,NO,NO,NO,SI,NO,NO,NO,NO,NO
3430,1,3001,961,961,NO,NO,NO,SI,NO,NO,NO,NO,NO,NO,NO,NO,NO,SI
3431,1,3045,901,901,SI,NO,NO,NO,NO,NO,NO,NO,NO,NO,NO,NO,NO,SI
3432,1,3020,852,852,NO,NO,NO,NO,NO,SI,NO,NO,NO,NO,NO,NO,NO,SI
3433,1,3021,738,738,NO,NO,NO,SI,NO,NO,NO,NO,NO,NO,NO,NO,NO,SI
3434,1,3001,932,932,SI,SI,NO,SI,NO,NO,NO,NO,NO,NO,NO,NO,NO,SI
3435,1,3046,981,981,NO,NO,NO,SI,NO,NO,NO,NO,NO,NO,NO,NO,NO,SI
3436,1,3028,684,684,SI,NO,NO,NO,NO,NO,NO,NO,NO,NO,NO,NO,NO,NO
3437,1,3041,721,721,SI,NO,NO,NO,NO,NO,NO,NO,NO,NO,NO,NO,NO,SI
3438,1,3011,777,777,NO,NO,NO,NO,NO,NO,NO,NO,NO,NO,NO,NO,NO,SI
3439,1,3050,837,837,SI,NO,NO,NO,NO,NO,NO,NO,NO,NO,NO,NO,NO,SI
3440,1,3046,859,859,SI,SI,NO,NO,NO,NO,NO,NO,NO,NO,NO,NO,NO,SI
3441,1,3045,901,901,SI,SI,NO,NO,NO,NO,NO,NO,NO,NO,NO,NO,NO,SI
3442,1,3046,919,919,SI,NO,NO,NO,NO,NO,NO,NO,NO,NO,NO,NO,NO,SI
3443,1,3049,912,912,NO,NO,NO,NO,NO,NO,NO,NO,NO,NO,NO,NO,NO,SI
3444,1,3030,780,780,SI,NO,NO,SI,NO,NO,NO,NO,NO,NO,NO,NO,NO,SI
3445,1,3005,930,930,NO,SI,NO,NO,NO,NO,NO,NO,NO,NO,NO,SI,NO,SI
3446,1,3008,870,870,NO,NO,NO,NO,NO,NO,NO,NO,NO,NO,NO,NO,NO,SI
3447,1,3010,849,849,SI,NO,NO,NO,NO,NO,NO,NO,NO,NO,NO,NO,SI,SI
3448,1,3034,940,940,NO,NO,NO,SI,NO,NO,NO,NO,NO,NO,NO,NO,NO,SI
3449,1,3001,952,952,SI,NO,NO,NO,NO,NO,NO,NO,NO,NO,NO,NO,NO,SI
3450,1,3027,699,699,NO,NO,NO,NO,NO,NO,NO,NO,NO,NO,NO,NO,NO,SI
3451,1,3040,965,965,NO,NO,NO,NO,NO,NO,NO,NO,NO,NO,NO,NO,NO,NO
3452,1,3045,945,945,NO,SI,NO,NO,NO,NO,NO,NO,NO,NO,NO,SI,NO,SI
3453,1,3042,776,776,SI,SI,NO,NO,NO,NO,NO,NO,NO,NO,NO,NO,NO,SI
3454,1,3049,933,933,NO,NO,NO,NO,NO,NO,NO,NO,NO,NO,NO,NO,NO,SI
3455,1,3049,921,921,NO,NO,NO,NO,NO,NO,NO,NO,NO,NO,NO,NO,NO,SI
3456,1,3034,920,920,NO,SI,NO,NO,NO,NO,NO,NO,NO,NO,NO,NO,NO,SI
3457,1,3039,743,743,SI,NO,NO,NO,NO,NO,NO,NO,NO,NO,NO,NO,NO,NO
3458,1,3023,763,763,NO,NO,NO,NO,NO,NO,NO,NO,NO,NO,NO,NO,NO,SI
3459,1,3046,952,952,NO,NO,NO,NO,NO,NO,NO,NO,NO,NO,NO,NO,NO,SI
3460,1,3034,943,943,SI,NO,NO,NO,NO,SI,NO,NO,NO,NO,NO,NO,NO,SI
3461,1,3038,825,825,SI,NO,NO,SI,NO,NO,NO,NO,NO,NO,NO,NO,NO,SI
3462,1,3011,642,642,NO,NO,NO,NO,NO,NO,NO,NO,NO,NO,NO,NO,SI,SI
3463,1,3049,946,946,NO,SI,NO,NO,NO,NO,NO,NO,NO,NO,NO,NO,NO,SI
3464,1,3052,807,807,NO,NO,NO,NO,NO,NO,NO,NO,NO,NO,NO,NO,NO,SI
3465,1,3027,805,805,SI,NO,NO,NO,NO,NO,NO,NO,NO,NO,NO,NO,NO,NO
3466,1,3030,782,782,SI,NO,NO,NO,NO,NO,NO,NO,NO,NO,NO,NO,NO,SI
3467,1,3008,945,945,SI,SI,NO,SI,NO,NO,NO,NO,NO,NO,NO,NO,NO,SI
3468,1,3047,832,832,SI,NO,NO,NO,NO,NO,NO,NO,NO,NO,NO,NO,NO,SI
3469,1,3005,843,843,NO,SI,NO,NO,NO,NO,NO,NO,NO,NO,NO,NO,NO,SI
3470,1,3045,870,870,NO,NO,NO,NO,NO,NO,NO,NO,NO,NO,NO,NO,NO,SI
3471,1,3012,734,734,NO,NO,NO,NO,NO,NO,NO,NO,NO,NO,SI,NO,NO,SI
3472,1,3045,916,916,SI,NO,NO,NO,NO,NO,NO,NO,NO,SI,NO,SI,NO,SI
3473,1,3008,933,933,NO,NO,NO,NO,NO,NO,NO,NO,NO,NO,NO,NO,NO,NO
3474,1,3049,856,856,NO,SI,NO,NO,NO,NO,NO,NO,NO,NO,NO,NO,NO,SI
3475,1,3046,928,928,NO,NO,NO,NO,NO,NO,NO,NO,NO,NO,NO,SI,NO,SI
3476,1,3048,663,663,NO,NO,NO,NO,NO,NO,SI,NO,NO,NO,NO,NO,NO,SI
3477,1,3034,922,922,SI,NO,NO,NO,NO,NO,NO,NO,NO,NO,NO,NO,NO,NO
3478,1,3053,799,799,SI,SI,NO,NO,NO,NO,NO,NO,NO,NO,NO,NO,NO,SI
3479,1,3005,934,934,NO,NO,NO,NO,SI,NO,NO,NO,NO,NO,NO,NO,NO,NO
3480,1,3005,936,936,NO,NO,NO,NO,NO,NO,NO,NO,NO,NO,NO,NO,NO,SI
3481,1,3008,945,945,NO,NO,NO,SI,NO,NO,NO,NO,NO,NO,NO,NO,NO,SI
3482,1,3014,873,873,NO,SI,NO,NO,NO,NO,NO,NO,NO,NO,NO,SI,NO,SI
3483,1,3045,940,940,NO,NO,NO,NO,NO,NO,NO,NO,NO,NO,NO,NO,NO,SI
3484,1,3046,942,942,NO,NO,NO,SI,SI,NO,NO,NO,NO,NO,NO,NO,NO,SI
3485,1,3049,938,938,NO,NO,NO,NO,NO,NO,NO,NO,NO,NO,NO,NO,NO,SI
3486,1,3049,936,936,NO,NO,NO,NO,NO,NO,NO,NO,NO,NO,SI,NO,NO,SI
3487,1,3045,903,903,NO,NO,NO,NO,NO,NO,NO,NO,NO,NO,NO,NO,NO,SI
3488,1,3047,912,912,NO,NO,NO,NO,NO,NO,NO,NO,NO,NO,NO,NO,NO,SI
3489,1,3046,893,893,NO,SI,NO,NO,NO,NO,NO,NO,NO,NO,NO,NO,NO,NO
3490,1,3045,941,941,NO,NO,NO,NO,NO,NO,NO,NO,NO,NO,NO,NO,NO,SI
3491,1,3008,920,920,NO,SI,NO,NO,NO,NO,NO,NO,NO,NO,NO,NO,NO,SI
3492,1,3049,922,922,SI,NO,NO,NO,NO,NO,NO,NO,NO,NO,NO,NO,NO,SI
3493,1,3034,955,955,SI,SI,NO,NO,NO,NO,NO,NO,NO,NO,NO,SI,NO,NO
3494,1,3023,762,762,NO,NO,NO,NO,NO,NO,NO,NO,NO,NO,NO,NO,NO,SI
3495,1,3001,895,895,NO,NO,NO,SI,NO,NO,NO,NO,NO,NO,NO,NO,NO,SI
3496,1,3001,969,969,NO,NO,NO,NO,NO,NO,NO,NO,NO,NO,NO,NO,NO,SI
3497,1,3036,728,728,NO,NO,NO,NO,NO,NO,NO,NO,NO,NO,NO,NO,NO,SI
3498,1,3036,855,855,SI,SI,NO,NO,NO,NO,NO,NO,NO,NO,SI,NO,NO,SI
3499,1,3049,956,956,NO,NO,NO,NO,NO,SI,NO,NO,NO,NO,NO,NO,NO,SI
3500,1,3040,880,880,SI,SI,NO,NO,NO,NO,NO,NO,NO,NO,SI,NO,NO,SI
3501,1,3049,946,946,SI,NO,NO,NO,NO,NO,NO,NO,NO,NO,NO,NO,NO,SI
3502,1,3031,684,684,SI,SI,NO,NO,NO,NO,NO,NO,NO,NO,NO,NO,NO,SI
3503,1,3051,789,789,NO,NO,NO,NO,NO,SI,NO,NO,NO,NO,NO,NO,NO,SI
3504,1,3034,946,946,SI,NO,NO,NO,NO,SI,NO,NO,NO,NO,NO,NO,NO,SI
3505,1,3021,773,773,NO,NO,NO,NO,NO,SI,NO,SI,NO,NO,NO,NO,NO,SI
3506,1,3019,761,761,SI,NO,NO,NO,NO,SI,NO,NO,NO,NO,NO,NO,NO,SI
3507,1,3026,714,714,NO,SI,NO,NO,NO,NO,NO,NO,NO,NO,NO,NO,NO,NO
3508,1,3045,921,921,NO,NO,NO,NO,NO,NO,NO,NO,NO,NO,NO,NO,SI,SI
3509,1,3008,925,925,NO,NO,NO,NO,NO,NO,NO,NO,NO,NO,NO,NO,NO,SI
3510,1,3011,887,887,SI,NO,NO,NO,NO,NO,SI,NO,NO,NO,NO,NO,NO,NO
3511,1,3009,693,693,SI,SI,NO,NO,NO,NO,NO,NO,NO,NO,NO,NO,NO,SI
3512,1,3001,949,949,NO,SI,NO,NO,NO,NO,NO,NO,NO,NO,NO,NO,NO,NO
3513,1,3008,927,927,NO,NO,NO,NO,NO,NO,NO,NO,NO,NO,NO,NO,NO,NO
3514,1,3003,884,884,NO,NO,NO,NO,NO,NO,NO,NO,NO,NO,NO,NO,NO,SI
3515,1,3001,894,894,NO,NO,NO,NO,SI,SI,NO,NO,NO,NO,NO,NO,NO,SI
3516,1,3033,895,895,SI,NO,NO,NO,NO,NO,NO,NO,NO,NO,NO,NO,NO,SI
3517,1,3008,894,894,NO,NO,NO,NO,NO,NO,NO,NO,NO,NO,NO,NO,SI,SI
3518,1,3052,866,866,SI,NO,NO,NO,NO,NO,NO,NO,NO,NO,NO,NO,NO,SI
3519,1,3034,890,890,NO,NO,NO,NO,NO,NO,NO,NO,NO,NO,NO,NO,NO,SI
3520,1,3001,942,942,NO,NO,SI,NO,NO,NO,NO,SI,NO,NO,NO,NO,NO,SI
3521,1,3034,983,983,NO,SI,NO,NO,NO,NO,NO,NO,NO,NO,NO,NO,NO,SI
3522,1,3001,946,946,SI,SI,NO,NO,NO,NO,NO,NO,NO,NO,NO,NO,NO,SI
3523,1,3029,717,717,NO,SI,NO,NO,NO,NO,NO,NO,NO,NO,NO,NO,NO,SI
3524,1,3024,662,662,NO,SI,NO,NO,SI,NO,NO,NO,NO,NO,NO,NO,SI,SI
3525,1,3038,860,860,NO,SI,NO,SI,NO,NO,NO,NO,NO,NO,NO,NO,NO,SI
3526,1,3038,919,919,NO,NO,NO,NO,NO,NO,NO,NO,NO,NO,NO,NO,NO,SI
3527,1,3045,950,950,NO,NO,NO,NO,NO,NO,NO,NO,NO,NO,NO,NO,NO,SI
3528,1,3027,759,759,NO,NO,NO,NO,NO,NO,NO,NO,NO,NO,NO,NO,NO,SI
3529,1,3001,922,922,SI,NO,NO,NO,NO,NO,NO,NO,NO,NO,NO,NO,NO,SI
3530,1,3046,957,957,NO,NO,SI,NO,NO,NO,NO,NO,NO,NO,NO,NO,NO,SI
3531,1,3054,611,611,NO,NO,NO,SI,NO,NO,NO,NO,NO,NO,NO,NO,NO,SI
3532,1,3001,920,920,NO,NO,NO,NO,NO,NO,NO,NO,NO,NO,NO,SI,NO,SI
3533,1,3049,869,869,SI,SI,NO,SI,NO,NO,NO,NO,NO,NO,NO,NO,NO,SI
3534,1,3045,966,966,NO,SI,NO,NO,NO,NO,NO,NO,NO,NO,SI,NO,NO,NO
3535,1,3007,722,722,SI,NO,NO,NO,NO,NO,NO,NO,NO,NO,NO,NO,NO,SI
3536,1,3001,955,955,SI,NO,NO,NO,NO,NO,NO,NO,NO,NO,NO,NO,NO,SI
3537,1,3045,958,958,NO,NO,NO,NO,NO,NO,NO,NO,NO,NO,NO,NO,NO,SI
3538,1,3001,894,894,SI,NO,NO,SI,NO,NO,NO,NO,NO,NO,NO,NO,NO,NO
3539,1,3034,945,945,SI,SI,NO,NO,NO,NO,NO,NO,NO,NO,NO,NO,NO,SI
3540,1,3046,916,916,NO,SI,NO,NO,NO,NO,NO,NO,NO,NO,NO,NO,NO,NO
3541,1,3005,951,951,NO,SI,NO,NO,NO,NO,NO,NO,NO,NO,NO,NO,NO,SI
3542,1,3008,892,892,SI,SI,NO,NO,NO,NO,NO,NO,NO,NO,NO,NO,NO,SI
3543,1,3008,928,928,NO,NO,NO,SI,NO,NO,NO,NO,NO,NO,NO,NO,NO,NO
3544,1,3055,701,701,NO,NO,NO,NO,NO,NO,NO,NO,NO,NO,NO,NO,NO,SI
3545,1,3017,689,689,NO,NO,NO,SI,NO,NO,NO,NO,NO,NO,NO,SI,NO,SI
3546,1,3040,857,857,SI,SI,NO,NO,NO,NO,NO,NO,NO,NO,NO,NO,NO,SI
3547,1,3011,788,788,NO,NO,NO,NO,NO,NO,NO,NO,NO,NO,NO,NO,NO,SI
3548,1,3046,889,889,NO,NO,NO,SI,NO,NO,NO,NO,NO,NO,NO,NO,NO,NO
3549,1,3049,882,882,SI,SI,NO,NO,SI,NO,NO,NO,NO,NO,NO,NO,NO,SI
3550,1,3001,949,949,NO,SI,NO,NO,NO,NO,NO,NO,NO,NO,NO,NO,NO,NO
3551,1,3020,850,850,NO,NO,NO,NO,SI,NO,NO,NO,NO,NO,NO,NO,NO,SI
3552,1,3049,910,910,NO,NO,NO,NO,NO,NO,NO,NO,NO,NO,NO,NO,NO,SI
3553,1,3049,975,975,NO,SI,NO,NO,NO,NO,NO,NO,NO,NO,NO,SI,SI,NO
3554,1,3001,912,912,SI,NO,NO,NO,NO,NO,NO,NO,NO,NO,NO,NO,NO,NO
3555,1,3034,872,872,NO,SI,NO,NO,SI,NO,NO,NO,NO,NO,NO,NO,NO,SI
3556,1,3046,969,969,SI,SI,NO,NO,NO,NO,NO,NO,NO,NO,NO,NO,NO,SI
3557,1,3034,924,924,SI,SI,NO,NO,NO,NO,NO,NO,NO,NO,NO,NO,NO,NO
3558,1,3034,941,941,NO,NO,NO,NO,SI,NO,NO,NO,NO,NO,NO,NO,NO,SI
3559,1,3043,746,746,SI,NO,NO,SI,SI,NO,NO,NO,NO,NO,NO,NO,NO,SI
3560,1,3033,769,769,SI,NO,SI,NO,NO,NO,NO,NO,NO,NO,NO,NO,NO,SI
3561,1,3008,933,933,NO,SI,NO,NO,NO,NO,NO,NO,NO,NO,NO,NO,NO,NO
3562,1,3049,896,896,SI,NO,NO,NO,NO,NO,NO,NO,NO,NO,NO,NO,NO,SI
3563,1,3046,952,952,SI,NO,NO,NO,SI,NO,NO,NO,NO,NO,NO,NO,NO,SI
3564,1,3055,818,818,SI,NO,NO,NO,NO,NO,NO,NO,NO,NO,NO,NO,NO,SI
3565,1,3046,900,900,NO,NO,NO,NO,NO,NO,NO,NO,NO,NO,SI,NO,NO,SI
3566,1,3022,675,675,SI,NO,NO,NO,NO,SI,NO,NO,NO,NO,NO,NO,NO,SI
3567,1,3014,754,754,SI,SI,NO,NO,NO,NO,NO,NO,NO,NO,NO,NO,NO,SI
3568,1,3008,974,974,NO,NO,NO,NO,NO,NO,NO,NO,NO,NO,NO,SI,NO,NO
3569,1,3005,899,899,SI,NO,SI,NO,SI,NO,NO,NO,NO,NO,NO,NO,NO,SI
3570,1,3012,781,781,NO,NO,NO,NO,NO,NO,NO,NO,NO,NO,NO,NO,NO,SI
3571,1,3042,739,739,NO,NO,NO,NO,NO,NO,NO,NO,NO,NO,NO,NO,NO,SI
3572,1,3001,928,928,NO,NO,NO,SI,NO,SI,NO,NO,NO,NO,NO,NO,NO,SI
3573,1,3049,954,954,NO,SI,NO,NO,NO,NO,NO,NO,NO,NO,NO,NO,NO,SI
3574,1,3008,968,968,SI,NO,NO,NO,NO,SI,NO,NO,NO,NO,NO,SI,NO,SI
3575,1,3046,945,945,SI,SI,NO,NO,NO,NO,NO,NO,NO,NO,NO,SI,NO,SI
3576,1,3005,964,964,SI,NO,NO,NO,NO,NO,NO,NO,NO,NO,NO,NO,NO,SI
3577,1,3001,889,889,SI,SI,NO,NO,NO,NO,NO,NO,NO,NO,NO,NO,NO,SI
3578,1,3046,1000,1000,SI,NO,NO,NO,SI,NO,NO,NO,NO,NO,NO,SI,NO,SI
3579,1,3049,912,912,NO,NO,NO,NO,NO,NO,NO,NO,NO,NO,NO,NO,NO,SI
3580,1,3047,826,826,NO,NO,NO,NO,NO,NO,NO,NO,NO,NO,NO,NO,NO,SI
3581,1,3034,957,957,SI,NO,NO,NO,NO,NO,NO,NO,NO,NO,NO,NO,NO,SI
3582,1,3006,712,712,SI,NO,NO,NO,NO,NO,NO,NO,NO,NO,NO,NO,NO,SI
3583,1,3017,606,606,SI,SI,NO,NO,NO,NO,NO,NO,NO,NO,NO,NO,NO,SI
3584,1,3008,918,918,SI,NO,NO,NO,NO,NO,NO,NO,NO,NO,NO,NO,NO,SI
3585,1,3003,735,735,NO,NO,NO,NO,NO,NO,NO,NO,NO,NO,NO,NO,NO,SI
3586,1,3001,990,990,NO,NO,NO,NO,SI,NO,NO,NO,NO,NO,NO,NO,NO,SI
3587,1,3008,934,934,NO,NO,NO,NO,NO,NO,NO,NO,NO,NO,NO,NO,NO,SI
3588,1,3018,774,774,SI,NO,NO,NO,NO,NO,NO,NO,NO,NO,NO,NO,NO,SI
3589,1,3049,910,910,NO,NO,NO,NO,NO,NO,NO,NO,NO,NO,NO,NO,NO,SI
3590,1,3046,884,884,SI,SI,NO,NO,NO,NO,NO,NO,NO,NO,NO,NO,NO,SI
3591,1,3005,952,952,NO,NO,NO,SI,NO,NO,NO,NO,NO,SI,NO,NO,NO,SI
3592,1,3051,769,769,SI,NO,NO,NO,NO,NO,NO,NO,NO,NO,NO,NO,NO,SI
3593,1,3016,741,741,SI,NO,NO,NO,NO,NO,NO,NO,NO,NO,NO,NO,NO,NO
3594,1,3034,951,951,SI,SI,NO,NO,NO,NO,NO,NO,NO,NO,NO,NO,NO,SI
3595,1,3035,688,688,NO,NO,NO,SI,NO,NO,NO,NO,NO,NO,NO,NO,NO,SI
3596,1,3046,937,937,SI,NO,NO,NO,NO,NO,NO,NO,NO,NO,NO,SI,NO,SI
3597,1,3038,668,668,NO,NO,NO,NO,SI,NO,NO,NO,NO,NO,NO,NO,NO,SI
3598,1,3010,659,659,SI,SI,NO,SI,NO,NO,NO,NO,NO,NO,NO,NO,NO,SI
3599,1,3029,753,753,SI,NO,NO,NO,NO,NO,NO,NO,NO,NO,NO,SI,NO,SI
3600,1,3002,786,786,NO,SI,NO,NO,NO,NO,NO,NO,NO,NO,NO,SI,NO,SI
3601,1,3049,992,992,NO,NO,NO,NO,NO,SI,NO,NO,NO,NO,NO,NO,NO,SI
3602,1,3009,726,726,SI,SI,NO,NO,NO,NO,NO,NO,NO,NO,NO,SI,NO,NO
3603,1,3046,897,897,NO,SI,NO,NO,NO,NO,NO,NO,NO,NO,NO,SI,NO,SI
3604,1,3005,927,927,NO,NO,NO,NO,NO,NO,NO,NO,NO,NO,NO,NO,NO,SI
3605,1,3005,945,945,NO,NO,NO,NO,NO,SI,NO,NO,NO,NO,NO,NO,NO,SI
3606,1,3046,955,955,SI,SI,NO,NO,NO,NO,NO,NO,NO,NO,NO,NO,NO,SI
3607,1,3025,752,752,SI,NO,NO,NO,NO,NO,NO,NO,NO,NO,NO,NO,NO,NO
3608,1,3009,753,753,NO,NO,NO,NO,NO,NO,NO,NO,NO,NO,NO,NO,NO,SI
3609,1,3034,920,920,NO,NO,NO,NO,NO,NO,NO,NO,NO,NO,NO,NO,NO,SI
3610,1,3054,833,833,NO,NO,NO,NO,NO,NO,NO,NO,NO,NO,NO,NO,NO,SI
3611,1,3045,890,890,SI,SI,NO,NO,NO,NO,NO,NO,NO,NO,NO,NO,NO,SI
3612,1,3024,842,842,NO,NO,NO,NO,NO,NO,NO,NO,NO,NO,NO,NO,NO,SI
3613,1,3046,904,904,NO,NO,NO,NO,NO,NO,NO,NO,NO,NO,NO,NO,NO,SI
3614,1,3001,955,955,SI,SI,NO,NO,NO,NO,NO,NO,NO,NO,NO,SI,NO,SI
3615,1,3048,882,882,SI,NO,NO,NO,NO,NO,NO,NO,NO,NO,NO,NO,NO,NO
3616,1,3036,807,807,NO,SI,NO,NO,NO,NO,NO,NO,NO,NO,NO,NO,NO,SI
3617,1,3016,804,804,NO,NO,NO,SI,NO,NO,NO,NO,NO,NO,NO,SI,NO,SI
3618,1,3034,946,946,SI,NO,NO,NO,NO,SI,NO,NO,NO,NO,NO,NO,NO,NO
3619,1,3034,946,946,SI,NO,NO,NO,NO,NO,NO,NO,NO,NO,NO,NO,NO,SI
3620,1,3005,915,915,NO,NO,NO,NO,NO,NO,NO,NO,NO,NO,NO,NO,NO,SI
3621,1,3008,926,926,SI,NO,NO,NO,NO,NO,NO,NO,NO,NO,NO,NO,NO,NO
3622,1,3045,929,929,SI,SI,NO,NO,NO,NO,NO,NO,NO,NO,NO,SI,SI,SI
3623,1,3046,918,918,NO,SI,NO,SI,NO,SI,NO,NO,NO,NO,NO,NO,NO,SI
3624,1,3045,974,974,SI,SI,NO,NO,NO,NO,NO,NO,NO,NO,NO,SI,NO,SI
3625,1,3014,819,819,SI,NO,NO,NO,NO,NO,NO,NO,NO,NO,NO,NO,NO,SI
3626,1,3049,966,966,NO,NO,NO,NO,NO,SI,NO,NO,NO,NO,NO,NO,NO,SI
3627,1,3046,905,905,SI,NO,NO,NO,NO,NO,NO,NO,NO,NO,NO,NO,NO,SI
3628,1,3008,923,923,NO,NO,NO,SI,NO,NO,NO,NO,NO,NO,NO,SI,NO,SI
3629,1,3046,910,910,NO,NO,NO,NO,NO,NO,NO,NO,NO,NO,NO,NO,NO,SI
3630,1,3001,946,946,SI,NO,NO,NO,NO,NO,NO,NO,NO,NO,NO,SI,NO,SI
3631,1,3045,948,948,NO,NO,NO,NO,NO,NO,NO,NO,NO,NO,NO,NO,NO,SI
3632,1,3007,680,680,NO,SI,NO,NO,NO,NO,NO,NO,NO,NO,NO,NO,NO,SI
3633,1,3045,920,920,SI,SI,SI,NO,NO,NO,NO,NO,NO,NO,NO,NO,NO,SI
3634,1,3008,905,905,NO,SI,NO,NO,NO,NO,NO,NO,NO,NO,NO,SI,NO,SI
3635,1,3008,905,905,NO,SI,NO,NO,NO,NO,NO,NO,NO,NO,NO,SI,NO,SI
3636,1,3054,886,886,NO,SI,NO,NO,NO,NO,NO,NO,NO,NO,NO,NO,NO,SI
3637,1,3026,826,826,NO,NO,NO,NO,NO,NO,NO,NO,NO,NO,NO,NO,NO,SI
3638,1,3049,914,914,SI,NO,NO,NO,SI,NO,NO,NO,NO,NO,NO,NO,NO,SI
3639,1,3008,948,948,NO,NO,NO,NO,NO,NO,NO,NO,NO,NO,NO,SI,NO,SI
3640,1,3045,949,949,NO,NO,NO,NO,SI,NO,NO,NO,NO,NO,NO,SI,NO,SI
3641,1,3019,786,786,SI,NO,NO,NO,NO,NO,NO,NO,NO,NO,NO,NO,NO,NO
3642,1,3001,906,906,NO,NO,NO,NO,NO,NO,NO,NO,NO,NO,NO,NO,NO,NO
3643,1,3007,736,736,NO,NO,NO,NO,NO,NO,NO,NO,NO,NO,NO,NO,NO,NO
3644,1,3008,957,957,NO,SI,NO,NO,NO,NO,NO,NO,NO,NO,NO,NO,NO,SI
3645,1,3044,824,824,NO,NO,NO,NO,NO,SI,NO,NO,NO,NO,NO,NO,NO,SI
3646,1,3021,786,786,NO,NO,NO,SI,NO,NO,NO,NO,NO,NO,NO,NO,NO,SI
3647,1,3046,863,863,NO,NO,NO,NO,NO,NO,NO,NO,NO,NO,NO,NO,NO,SI
3648,1,3049,950,950,SI,SI,NO,NO,NO,NO,NO,NO,NO,NO,NO,NO,NO,SI
3649,1,3012,656,656,NO,NO,NO,SI,NO,NO,NO,NO,NO,SI,NO,SI,NO,NO
3650,1,3001,918,918,NO,NO,NO,NO,NO,NO,NO,NO,NO,NO,NO,NO,NO,SI
3651,1,3001,936,936,SI,SI,NO,NO,NO,NO,NO,NO,NO,NO,NO,NO,NO,SI
3652,1,3056,722,722,SI,SI,NO,NO,NO,NO,NO,NO,NO,NO,NO,SI,NO,SI
3653,1,3001,966,966,SI,NO,NO,NO,NO,NO,NO,NO,NO,NO,NO,NO,NO,SI
3654,1,3045,890,890,NO,NO,NO,NO,NO,SI,NO,NO,NO,NO,NO,NO,NO,NO
3655,1,3021,751,751,NO,NO,NO,NO,NO,NO,NO,NO,NO,NO,NO,NO,NO,SI
3656,1,3034,884,884,NO,SI,NO,SI,NO,NO,NO,NO,NO,NO,NO,NO,NO,SI
3657,1,3007,706,706,NO,NO,NO,NO,NO,SI,NO,NO,NO,NO,NO,NO,NO,SI
3658,1,3046,940,940,NO,NO,NO,NO,NO,NO,SI,NO,NO,NO,NO,NO,NO,SI
3659,1,3054,724,724,NO,NO,NO,NO,NO,NO,NO,NO,NO,NO,NO,NO,NO,NO
3660,1,3001,938,938,SI,NO,NO,NO,NO,NO,NO,NO,NO,NO,NO,NO,NO,NO
3661,1,3049,881,881,NO,SI,NO,NO,NO,NO,NO,NO,NO,NO,NO,NO,NO,SI
3662,1,3008,933,933,NO,NO,NO,NO,NO,NO,NO,NO,NO,NO,NO,NO,NO,NO
3663,1,3049,905,905,NO,NO,NO,SI,NO,NO,NO,NO,NO,NO,NO,NO,NO,SI
3664,1,3022,799,799,NO,NO,NO,NO,NO,NO,NO,NO,NO,NO,NO,NO,NO,NO
3665,1,3008,883,883,SI,NO,NO,NO,NO,NO,NO,NO,NO,NO,NO,NO,NO,SI
3666,1,3007,748,748,SI,NO,NO,NO,NO,NO,NO,NO,NO,NO,NO,NO,NO,SI
3667,1,3005,911,911,SI,SI,NO,NO,NO,NO,NO,NO,NO,NO,NO,NO,NO,SI
3668,1,3036,822,822,NO,SI,NO,NO,NO,NO,NO,NO,NO,NO,NO,NO,NO,SI
3669,1,3034,905,905,NO,NO,NO,NO,NO,NO,NO,NO,NO,NO,NO,NO,NO,SI
3670,1,3036,801,801,SI,NO,NO,NO,NO,NO,NO,NO,NO,NO,NO,NO,NO,SI
3671,1,3015,817,817,NO,NO,NO,NO,NO,NO,NO,NO,NO,NO,NO,NO,NO,SI
3672,1,3041,766,766,SI,NO,NO,NO,NO,SI,NO,NO,NO,NO,NO,NO,NO,SI
3673,1,3034,918,918,NO,NO,NO,NO,NO,NO,NO,NO,NO,NO,NO,NO,NO,SI
3674,1,3046,922,922,NO,SI,NO,NO,NO,NO,NO,NO,NO,NO,NO,NO,NO,SI
3675,1,3051,779,779,NO,NO,NO,NO,NO,NO,NO,SI,NO,NO,NO,NO,NO,SI
3676,1,3047,742,742,NO,NO,NO,NO,NO,NO,NO,NO,NO,NO,NO,NO,SI,SI
3677,1,3043,910,910,NO,NO,NO,NO,NO,NO,NO,NO,NO,NO,NO,NO,NO,SI
3678,1,3045,906,906,SI,NO,NO,NO,NO,NO,NO,NO,NO,NO,NO,NO,NO,SI
3679,1,3001,962,962,SI,NO,NO,NO,NO,NO,NO,NO,NO,NO,NO,NO,NO,SI
3680,1,3046,945,945,SI,NO,NO,NO,NO,NO,NO,NO,NO,NO,NO,NO,NO,SI
3681,1,3049,925,925,SI,NO,NO,NO,NO,NO,SI,NO,NO,NO,NO,NO,NO,SI
3682,1,3053,733,733,SI,NO,NO,NO,NO,NO,NO,NO,NO,NO,NO,SI,NO,SI
3683,1,3045,948,948,NO,NO,NO,NO,NO,NO,NO,NO,NO,NO,NO,NO,NO,NO
3684,1,3036,875,875,NO,NO,NO,NO,NO,NO,NO,NO,NO,NO,NO,NO,NO,NO
3685,1,3035,765,765,SI,SI,NO,SI,NO,NO,NO,NO,NO,NO,NO,NO,NO,SI
3686,1,3008,892,892,NO,NO,NO,SI,NO,NO,NO,NO,NO,NO,NO,NO,NO,SI
3687,1,3045,921,921,NO,NO,NO,NO,NO,NO,NO,NO,NO,NO,NO,NO,NO,SI
3688,1,3004,1000,1000,NO,SI,NO,NO,NO,NO,NO,NO,NO,NO,NO,NO,NO,SI
3689,1,3005,903,903,SI,SI,NO,NO,NO,NO,NO,NO,NO,NO,NO,NO,NO,SI
3690,1,3017,735,735,SI,SI,NO,NO,NO,NO,NO,NO,NO,NO,NO,SI,NO,SI
3691,1,3045,935,935,NO,NO,NO,NO,SI,NO,NO,NO,NO,NO,NO,NO,NO,SI
3692,1,3041,791,791,SI,SI,NO,NO,SI,NO,NO,NO,NO,NO,NO,NO,NO,SI
3693,1,3005,952,952,SI,NO,NO,SI,NO,SI,NO,NO,NO,NO,NO,NO,NO,SI
3694,1,3023,790,790,SI,NO,NO,NO,NO,NO,NO,NO,NO,NO,NO,NO,NO,NO
3695,1,3014,710,710,NO,NO,NO,NO,NO,NO,NO,NO,NO,NO,NO,NO,NO,SI
3696,1,3045,893,893,NO,NO,NO,NO,NO,NO,NO,NO,NO,NO,NO,NO,NO,NO
3697,1,3034,909,909,SI,NO,NO,NO,NO,NO,NO,NO,NO,NO,NO,NO,NO,SI
3698,1,3013,844,844,NO,NO,NO,NO,NO,NO,NO,NO,NO,NO,NO,NO,NO,NO
3699,1,3049,919,919,SI,NO,NO,NO,NO,NO,NO,NO,NO,NO,NO,SI,NO,SI
3700,1,3056,721,721,SI,NO,NO,NO,NO,NO,NO,NO,NO,NO,NO,SI,NO,SI
3701,1,3045,925,925,SI,NO,NO,SI,NO,NO,NO,NO,NO,NO,NO,NO,NO,SI
3702,1,3001,945,945,NO,NO,SI,NO,NO,NO,NO,NO,NO,NO,NO,NO,NO,SI
3703,1,3046,898,898,SI,SI,NO,NO,NO,NO,NO,NO,NO,NO,NO,NO,NO,NO
3704,1,3027,847,847,NO,NO,NO,NO,NO,NO,NO,NO,NO,NO,NO,NO,NO,SI
3705,1,3045,900,900,NO,NO,NO,NO,NO,NO,NO,NO,NO,NO,NO,NO,NO,SI
3706,1,3032,815,815,SI,NO,NO,NO,NO,NO,NO,NO,NO,NO,NO,NO,NO,SI
3707,1,3042,888,888,SI,NO,NO,NO,NO,NO,NO,NO,NO,NO,NO,SI,NO,SI
3708,1,3024,717,717,NO,NO,NO,NO,SI,NO,NO,NO,NO,NO,NO,NO,NO,NO
3709,1,3001,956,956,SI,SI,NO,NO,NO,NO,NO,NO,NO,NO,NO,NO,NO,NO
3710,1,3045,922,922,NO,NO,NO,NO,NO,NO,NO,NO,NO,NO,NO,SI,NO,SI
3711,1,3004,695,695,SI,SI,NO,NO,NO,NO,NO,NO,NO,NO,NO,NO,NO,SI
3712,1,3047,722,722,NO,NO,NO,NO,NO,NO,NO,NO,NO,NO,NO,NO,NO,SI
3713,1,3012,809,809,NO,NO,NO,NO,NO,NO,NO,NO,NO,NO,NO,NO,NO,SI
3714,1,3046,905,905,SI,SI,NO,SI,NO,NO,NO,NO,NO,NO,NO,NO,SI,NO
3715,1,3034,954,954,SI,SI,NO,NO,NO,NO,NO,NO,NO,NO,NO,NO,NO,NO
3716,1,3005,953,953,SI,NO,NO,NO,NO,NO,NO,NO,NO,NO,NO,NO,NO,SI
3717,1,3005,893,893,SI,NO,NO,NO,NO,NO,NO,NO,NO,NO,NO,NO,NO,SI
3718,1,3034,914,914,SI,NO,NO,NO,NO,NO,NO,NO,NO,NO,NO,NO,NO,SI
3719,1,3013,748,748,SI,NO,NO,NO,NO,NO,NO,NO,NO,NO,NO,SI,NO,NO
3720,1,3008,924,924,NO,SI,NO,NO,NO,NO,NO,NO,NO,NO,NO,NO,NO,SI
3721,1,3029,629,629,NO,SI,NO,NO,NO,NO,NO,NO,NO,NO,NO,NO,NO,SI
3722,1,3008,947,947,SI,SI,NO,NO,NO,NO,NO,NO,NO,NO,NO,NO,NO,SI
3723,1,3020,770,770,SI,SI,NO,NO,NO,NO,NO,NO,NO,NO,NO,NO,NO,SI
3724,1,3046,944,944,SI,SI,NO,NO,NO,NO,NO,NO,NO,SI,NO,SI,NO,SI
3725,1,3049,942,942,NO,NO,NO,NO,NO,NO,NO,NO,NO,NO,NO,NO,NO,SI
3726,1,3008,997,997,SI,NO,NO,NO,NO,NO,NO,NO,NO,NO,NO,SI,NO,SI
3727,1,3001,932,932,SI,NO,NO,NO,NO,NO,NO,NO,NO,NO,NO,NO,NO,NO
3728,1,3026,805,805,NO,NO,NO,NO,NO,NO,NO,NO,NO,NO,NO,NO,NO,SI
3729,1,3046,928,928,NO,NO,NO,SI,NO,NO,NO,SI,NO,NO,NO,NO,NO,NO
3730,1,3034,957,957,SI,SI,NO,NO,SI,SI,NO,NO,NO,NO,NO,NO,NO,SI
3731,1,3049,895,895,SI,NO,NO,NO,SI,NO,NO,NO,NO,NO,NO,NO,NO,SI
3732,1,3049,921,921,SI,NO,NO,SI,NO,NO,NO,NO,NO,NO,NO,NO,NO,SI
3733,1,3036,889,889,SI,NO,NO,NO,NO,NO,NO,NO,NO,NO,NO,NO,NO,NO
3734,1,3006,899,899,NO,SI,NO,NO,NO,NO,NO,NO,NO,NO,NO,NO,NO,SI
3735,1,3005,941,941,NO,SI,NO,SI,NO,NO,NO,NO,NO,NO,NO,NO,NO,SI
3736,1,3049,945,945,NO,NO,NO,NO,NO,NO,NO,NO,NO,NO,NO,NO,NO,SI
3737,1,3045,975,975,NO,NO,NO,SI,SI,NO,NO,NO,NO,NO,NO,SI,NO,SI
3738,1,3001,975,975,NO,NO,NO,NO,NO,NO,NO,NO,NO,NO,NO,NO,NO,SI
3739,1,3045,924,924,SI,NO,NO,NO,NO,NO,NO,NO,NO,NO,NO,NO,NO,NO
3740,1,3005,962,962,NO,NO,NO,NO,NO,NO,NO,NO,NO,NO,NO,NO,SI,SI
3741,1,3029,757,757,SI,NO,NO,SI,NO,NO,NO,NO,NO,NO,NO,NO,NO,SI
3742,1,3046,978,978,NO,NO,NO,NO,NO,NO,NO,NO,NO,NO,NO,NO,NO,SI
3743,1,3021,814,814,SI,NO,NO,NO,NO,NO,NO,NO,NO,NO,NO,NO,NO,SI
3744,1,3045,966,966,NO,NO,SI,NO,NO,NO,NO,NO,NO,NO,NO,NO,NO,SI
3745,1,3034,913,913,SI,NO,NO,NO,NO,NO,NO,NO,NO,NO,NO,NO,NO,SI
3746,1,3034,964,964,NO,NO,NO,NO,NO,NO,NO,NO,NO,NO,NO,NO,NO,SI
3747,1,3046,948,948,NO,NO,NO,NO,NO,NO,NO,NO,NO,NO,NO,NO,NO,SI
3748,1,3001,948,948,SI,NO,NO,NO,NO,NO,NO,NO,NO,NO,NO,NO,NO,SI
3749,1,3001,914,914,SI,NO,NO,NO,NO,NO,NO,NO,NO,NO,NO,NO,NO,NO
3750,1,3044,910,910,SI,NO,NO,NO,NO,NO,NO,NO,NO,NO,NO,SI,NO,SI
3751,1,3046,924,924,SI,NO,NO,NO,NO,NO,NO,NO,NO,NO,NO,NO,NO,SI
3752,1,3001,900,900,NO,NO,NO,NO,NO,NO,NO,NO,NO,NO,NO,NO,NO,SI
3753,1,3013,819,819,NO,NO,NO,SI,NO,NO,NO,NO,NO,NO,NO,NO,NO,SI
3754,1,3031,821,821,SI,SI,NO,NO,NO,NO,NO,NO,NO,NO,NO,NO,NO,NO
3755,1,3008,945,945,NO,NO,NO,SI,NO,NO,NO,NO,NO,NO,NO,NO,NO,SI
3756,1,3008,910,910,NO,NO,NO,NO,NO,NO,NO,NO,NO,NO,NO,NO,NO,SI
3757,1,3008,936,936,NO,NO,NO,NO,NO,NO,NO,NO,NO,NO,NO,NO,NO,SI
3758,1,3029,821,821,SI,NO,NO,NO,NO,NO,NO,NO,NO,NO,NO,NO,NO,SI
3759,1,3045,917,917,SI,NO,NO,SI,NO,NO,NO,NO,NO,NO,NO,NO,NO,SI
3760,1,3008,949,949,NO,SI,NO,SI,NO,NO,NO,NO,NO,NO,NO,NO,NO,SI
3761,1,3001,937,937,SI,NO,NO,NO,NO,NO,NO,NO,NO,NO,NO,NO,NO,NO
3762,1,3008,900,900,SI,NO,NO,NO,NO,NO,NO,NO,NO,NO,NO,SI,NO,SI
3763,1,3048,764,764,SI,SI,NO,NO,NO,NO,NO,NO,NO,NO,NO,NO,NO,SI
3764,1,3013,901,901,NO,SI,NO,NO,NO,NO,NO,NO,NO,NO,NO,SI,NO,NO
3765,1,3034,949,949,SI,NO,NO,SI,NO,SI,NO,NO,NO,NO,NO,NO,NO,SI
3766,1,3002,712,712,NO,SI,NO,NO,NO,NO,NO,NO,NO,NO,NO,NO,NO,SI
3767,1,3045,928,928,SI,NO,NO,NO,SI,NO,NO,NO,NO,NO,NO,NO,NO,SI
3768,1,3010,792,792,NO,SI,NO,NO,NO,NO,NO,NO,NO,NO,NO,NO,NO,SI
3769,1,3034,890,890,NO,NO,NO,NO,NO,NO,NO,NO,NO,NO,NO,SI,NO,NO
3770,1,3001,916,916,SI,NO,NO,NO,SI,NO,NO,NO,NO,NO,NO,NO,NO,NO
3771,1,3037,908,908,SI,NO,NO,NO,NO,NO,NO,NO,NO,NO,NO,NO,NO,SI
3772,1,3008,875,875,NO,NO,NO,NO,NO,NO,NO,NO,NO,NO,NO,NO,NO,SI
3773,1,3034,955,955,SI,NO,NO,NO,NO,NO,NO,NO,NO,NO,NO,NO,NO,SI
3774,1,3046,918,918,NO,NO,NO,NO,NO,NO,NO,NO,NO,NO,NO,SI,NO,SI
3775,1,3001,932,932,SI,NO,NO,NO,NO,NO,NO,NO,NO,NO,NO,NO,NO,NO
3776,1,3049,947,947,NO,NO,NO,SI,NO,NO,NO,NO,NO,NO,NO,NO,NO,SI
3777,1,3045,980,980,NO,NO,NO,NO,NO,NO,NO,NO,NO,NO,NO,NO,NO,SI
3778,1,3001,902,902,SI,NO,NO,SI,NO,NO,NO,NO,NO,NO,NO,NO,NO,SI
3779,1,3046,944,944,NO,NO,NO,NO,NO,NO,NO,NO,NO,NO,NO,NO,NO,SI
3780,1,3034,877,877,SI,NO,NO,NO,NO,NO,NO,NO,NO,NO,NO,NO,NO,NO
3781,1,3001,920,920,NO,NO,NO,NO,NO,NO,NO,NO,NO,NO,NO,NO,NO,NO
3782,1,3046,962,962,SI,NO,NO,NO,NO,NO,NO,NO,NO,NO,NO,NO,NO,NO
3783,1,3045,922,922,SI,SI,NO,NO,NO,NO,NO,NO,NO,NO,NO,SI,NO,SI
3784,1,3040,623,623,SI,NO,NO,NO,NO,NO,NO,NO,NO,NO,NO,NO,NO,SI
3785,1,3051,844,844,SI,SI,NO,NO,NO,NO,NO,NO,NO,NO,NO,NO,NO,SI
3786,1,3045,959,959,SI,NO,NO,NO,NO,NO,NO,NO,NO,NO,NO,NO,NO,SI
3787,1,3034,894,894,SI,NO,NO,NO,NO,NO,NO,NO,NO,NO,NO,NO,NO,SI
3788,1,3046,927,927,SI,SI,NO,NO,NO,NO,NO,NO,NO,NO,NO,NO,NO,SI
3789,1,3008,959,959,SI,NO,NO,NO,NO,NO,NO,NO,NO,NO,NO,SI,NO,SI
3790,1,3005,920,920,SI,NO,NO,NO,NO,NO,NO,NO,NO,NO,NO,NO,NO,SI
3791,1,3005,926,926,NO,NO,NO,NO,NO,NO,NO,NO,NO,NO,NO,SI,NO,SI
3792,1,3046,915,915,NO,NO,NO,NO,NO,NO,NO,NO,NO,NO,NO,NO,NO,SI
3793,1,3001,925,925,SI,NO,NO,SI,NO,NO,NO,NO,NO,NO,NO,NO,NO,SI
3794,1,3034,909,909,NO,NO,NO,NO,SI,NO,NO,NO,NO,NO,NO,NO,NO,SI
3795,1,3028,1000,1000,SI,SI,NO,NO,NO,NO,NO,NO,NO,NO,NO,NO,NO,SI
3796,1,3045,955,955,SI,NO,NO,NO,NO,NO,NO,NO,NO,NO,NO,NO,NO,SI
3797,1,3048,771,771,NO,NO,NO,NO,NO,NO,NO,NO,NO,NO,NO,NO,NO,SI
3798,1,3038,876,876,NO,NO,NO,NO,NO,SI,NO,NO,NO,NO,NO,NO,NO,SI
3799,1,3049,928,928,SI,NO,NO,NO,NO,NO,NO,NO,NO,NO,NO,SI,NO,SI
3800,1,3035,848,848,NO,NO,NO,NO,NO,NO,NO,NO,NO,NO,NO,NO,NO,SI
3801,1,3030,696,696,SI,NO,NO,NO,NO,NO,NO,NO,NO,NO,NO,NO,NO,SI
3802,1,3034,901,901,NO,SI,NO,NO,NO,NO,NO,NO,NO,NO,NO,NO,NO,SI
3803,1,3034,934,934,NO,SI,NO,SI,NO,NO,SI,NO,NO,NO,NO,NO,NO,NO
3804,1,3002,763,763,NO,SI,NO,NO,NO,NO,NO,NO,NO,NO,NO,NO,NO,SI
3805,1,3020,798,798,SI,NO,NO,NO,NO,NO,NO,NO,NO,NO,NO,NO,NO,SI
3806,1,3005,936,936,NO,NO,NO,NO,NO,NO,NO,NO,NO,NO,NO,NO,NO,SI
3807,1,3046,933,933,SI,SI,NO,NO,NO,NO,NO,NO,NO,NO,NO,NO,NO,SI
3808,1,3049,969,969,NO,NO,NO,NO,NO,SI,NO,NO,NO,NO,NO,NO,NO,NO
3809,1,3002,788,788,SI,SI,NO,NO,NO,NO,NO,NO,NO,NO,NO,NO,NO,SI
3810,1,3020,787,787,NO,NO,NO,NO,NO,NO,NO,NO,NO,NO,NO,SI,NO,SI
3811,1,3039,811,811,NO,NO,NO,NO,NO,NO,NO,NO,NO,NO,NO,NO,NO,SI
3812,1,3049,839,839,NO,NO,NO,NO,NO,NO,NO,NO,NO,NO,NO,NO,NO,SI
3813,1,3008,875,875,SI,NO,NO,NO,NO,NO,NO,NO,NO,NO,NO,NO,NO,SI
3814,1,3005,930,930,NO,NO,NO,NO,NO,NO,NO,NO,NO,NO,NO,NO,NO,NO
3815,1,3046,954,954,NO,SI,NO,NO,NO,NO,NO,NO,NO,NO,NO,SI,NO,SI
3816,1,3006,792,792,SI,NO,NO,NO,NO,NO,NO,NO,NO,NO,NO,NO,NO,SI
3817,1,3043,819,819,NO,SI,NO,NO,NO,NO,NO,NO,NO,NO,NO,NO,NO,SI
3818,1,3055,712,712,NO,SI,NO,SI,NO,NO,NO,NO,NO,NO,NO,NO,NO,SI
3819,1,3031,722,722,NO,SI,NO,NO,NO,NO,NO,NO,NO,NO,NO,NO,NO,SI
3820,1,3045,947,947,NO,NO,NO,NO,NO,NO,NO,NO,NO,NO,NO,NO,NO,NO
3821,1,3033,774,774,SI,NO,NO,NO,NO,NO,NO,NO,NO,NO,NO,NO,NO,SI
3822,1,3007,908,908,NO,NO,NO,NO,NO,NO,NO,NO,NO,NO,NO,NO,NO,NO
3823,1,3005,917,917,NO,NO,NO,SI,NO,NO,NO,NO,NO,NO,NO,NO,NO,SI
3824,1,3005,939,939,SI,NO,NO,NO,NO,NO,NO,NO,NO,NO,NO,NO,NO,SI
3825,1,3005,924,924,NO,NO,NO,NO,NO,SI,NO,NO,NO,NO,NO,SI,NO,SI
3826,1,3001,906,906,NO,NO,NO,NO,NO,NO,NO,NO,NO,NO,NO,NO,NO,NO
3827,1,3045,989,989,SI,NO,SI,NO,NO,NO,NO,NO,NO,NO,NO,NO,NO,SI
3828,1,3045,932,932,SI,NO,NO,SI,NO,NO,NO,NO,NO,NO,NO,SI,NO,SI
3829,1,3049,847,847,SI,NO,NO,NO,NO,NO,NO,NO,NO,NO,NO,NO,NO,SI
3830,1,3046,974,974,SI,NO,NO,NO,NO,NO,NO,NO,NO,NO,NO,SI,NO,SI
3831,1,3002,882,882,NO,NO,NO,NO,NO,NO,NO,NO,NO,NO,NO,NO,NO,SI
3832,1,3001,939,939,NO,SI,NO,NO,NO,NO,NO,NO,NO,NO,NO,NO,NO,NO
3833,1,3001,907,907,SI,NO,NO,NO,SI,NO,NO,NO,NO,NO,NO,NO,NO,SI
3834,1,3020,824,824,NO,SI,NO,SI,NO,NO,NO,NO,NO,NO,NO,NO,NO,SI
3835,1,3031,812,812,NO,SI,NO,NO,SI,NO,NO,NO,NO,NO,NO,NO,SI,SI
3836,1,3001,918,918,NO,SI,NO,NO,NO,NO,NO,NO,NO,NO,NO,NO,NO,NO
3837,1,3034,934,934,NO,NO,NO,NO,NO,NO,NO,NO,NO,NO,NO,NO,SI,SI
3838,1,3009,892,892,NO,NO,NO,NO,NO,NO,NO,NO,NO,NO,NO,SI,NO,SI
3839,1,3046,964,964,SI,NO,NO,NO,NO,NO,NO,NO,NO,NO,NO,NO,NO,SI
3840,1,3045,916,916,SI,NO,NO,NO,NO,NO,NO,NO,NO,NO,NO,NO,NO,SI
3841,1,3032,824,824,NO,NO,NO,NO,NO,NO,NO,NO,NO,NO,NO,NO,NO,SI
3842,1,3017,784,784,SI,NO,NO,NO,NO,NO,NO,NO,NO,NO,NO,NO,NO,SI
3843,1,3001,931,931,NO,NO,NO,NO,NO,NO,NO,NO,NO,NO,NO,NO,NO,SI
3844,1,3045,903,903,NO,SI,NO,NO,NO,NO,NO,NO,NO,NO,NO,NO,NO,SI
3845,1,3046,936,936,NO,SI,NO,NO,NO,SI,NO,NO,NO,NO,NO,NO,NO,NO
3846,1,3009,826,826,SI,NO,NO,NO,NO,NO,NO,NO,NO,NO,NO,NO,NO,NO
3847,1,3049,950,950,SI,NO,NO,NO,NO,NO,NO,NO,NO,NO,SI,NO,NO,SI
3848,1,3013,743,743,NO,NO,NO,NO,NO,NO,NO,NO,NO,NO,NO,SI,NO,SI
3849,1,3002,772,772,SI,NO,NO,NO,NO,NO,NO,NO,NO,NO,NO,NO,NO,SI
3850,1,3045,938,938,SI,SI,NO,NO,NO,NO,NO,NO,NO,NO,NO,NO,NO,SI
3851,1,3008,930,930,NO,NO,NO,NO,NO,NO,NO,NO,NO,NO,NO,NO,NO,SI
3852,1,3010,718,718,SI,NO,NO,NO,NO,NO,NO,NO,NO,NO,NO,SI,NO,SI
3853,1,3046,971,971,SI,NO,NO,SI,NO,NO,NO,NO,NO,NO,NO,NO,NO,SI
3854,1,3046,953,953,NO,NO,NO,NO,SI,NO,NO,NO,NO,NO,NO,NO,NO,SI
3855,1,3051,777,777,NO,NO,NO,NO,NO,NO,NO,NO,NO,NO,NO,NO,NO,SI
3856,1,3034,914,914,SI,NO,NO,NO,NO,NO,NO,NO,NO,NO,NO,SI,NO,NO
3857,1,3037,809,809,NO,NO,NO,NO,NO,NO,NO,NO,NO,NO,NO,NO,NO,SI
3858,1,3044,757,757,SI,NO,NO,NO,NO,NO,NO,NO,NO,NO,NO,SI,NO,NO
3859,1,3045,919,919,SI,NO,NO,NO,NO,NO,NO,NO,NO,NO,NO,NO,NO,SI
3860,1,3046,961,961,SI,NO,NO,NO,NO,NO,NO,NO,NO,NO,NO,NO,NO,SI
3861,1,3021,794,794,NO,SI,NO,NO,NO,NO,NO,NO,NO,NO,NO,NO,NO,SI
3862,1,3008,965,965,NO,NO,NO,NO,NO,NO,NO,NO,NO,NO,NO,NO,NO,SI
3863,1,3028,905,905,NO,NO,NO,NO,NO,NO,NO,NO,NO,NO,NO,SI,NO,SI
3864,1,3049,941,941,SI,SI,NO,NO,NO,NO,NO,NO,NO,NO,NO,SI,NO,SI
3865,1,3034,931,931,NO,NO,NO,SI,NO,NO,NO,NO,NO,NO,NO,NO,NO,SI
3866,1,3045,852,852,SI,NO,NO,NO,NO,NO,NO,NO,NO,NO,NO,NO,NO,SI
3867,1,3049,914,914,NO,SI,NO,NO,NO,NO,NO,NO,NO,NO,NO,NO,NO,SI
3868,1,3045,956,956,NO,NO,NO,NO,NO,NO,NO,NO,NO,NO,NO,NO,NO,SI
3869,1,3051,783,783,NO,SI,NO,NO,NO,NO,NO,NO,NO,NO,NO,NO,NO,SI
3870,1,3013,835,835,SI,NO,NO,NO,SI,NO,NO,NO,NO,NO,NO,NO,NO,SI
3871,1,3002,791,791,SI,NO,NO,NO,NO,NO,NO,NO,NO,NO,NO,NO,NO,SI
3872,1,3015,851,851,NO,NO,NO,NO,NO,NO,NO,NO,NO,NO,NO,NO,NO,SI
3873,1,3005,906,906,NO,SI,NO,NO,NO,NO,NO,NO,NO,NO,NO,NO,NO,SI
3874,1,3045,926,926,SI,NO,NO,NO,NO,NO,NO,NO,NO,NO,NO,NO,NO,SI
3875,1,3052,684,684,SI,NO,NO,NO,NO,NO,NO,NO,NO,NO,NO,NO,NO,SI
3876,1,3046,867,867,NO,NO,NO,NO,NO,NO,NO,NO,NO,NO,NO,NO,NO,NO
3877,1,3008,928,928,NO,NO,NO,NO,NO,NO,NO,NO,NO,NO,NO,NO,NO,SI
3878,1,3049,945,945,SI,NO,NO,NO,NO,NO,NO,NO,NO,NO,NO,NO,NO,SI
3879,1,3005,927,927,NO,NO,NO,NO,NO,NO,NO,NO,NO,NO,NO,NO,NO,NO
3880,1,3015,684,684,NO,NO,NO,NO,NO,NO,NO,NO,NO,NO,NO,NO,NO,SI
3881,1,3034,993,993,SI,NO,NO,NO,NO,NO,NO,NO,NO,NO,NO,NO,NO,SI
3882,1,3008,886,886,NO,SI,NO,NO,NO,NO,NO,NO,NO,NO,NO,NO,NO,NO
3883,1,3049,965,965,NO,NO,NO,NO,NO,NO,NO,NO,NO,NO,NO,NO,NO,SI
3884,1,3044,677,677,NO,NO,NO,NO,NO,NO,NO,NO,NO,NO,NO,NO,NO,SI
3885,1,3034,893,893,NO,NO,NO,NO,NO,NO,NO,NO,NO,NO,NO,NO,NO,SI
3886,1,3054,799,799,NO,NO,NO,NO,NO,NO,NO,NO,NO,NO,NO,NO,NO,SI
3887,1,3004,786,786,NO,SI,NO,SI,NO,NO,NO,NO,NO,NO,NO,NO,NO,NO
3888,1,3026,996,996,SI,NO,NO,SI,NO,NO,NO,NO,NO,NO,NO,NO,NO,SI
3889,1,3045,962,962,NO,NO,NO,NO,NO,NO,NO,NO,NO,NO,NO,NO,NO,SI
3890,1,3019,676,676,NO,SI,NO,NO,NO,NO,NO,NO,NO,NO,NO,NO,NO,SI
3891,1,3046,925,925,SI,NO,NO,NO,NO,NO,NO,NO,NO,NO,NO,NO,NO,SI
3892,1,3043,796,796,SI,SI,NO,NO,NO,NO,NO,NO,NO,NO,NO,NO,NO,NO
3893,1,3001,1000,1000,NO,NO,NO,NO,NO,NO,NO,NO,NO,NO,NO,NO,NO,SI
3894,1,3001,925,925,SI,NO,NO,NO,NO,NO,NO,SI,NO,NO,NO,NO,NO,NO
3895,1,3005,943,943,SI,NO,NO,NO,NO,NO,NO,NO,NO,NO,NO,NO,NO,NO
3896,1,3020,814,814,NO,SI,NO,NO,NO,NO,NO,NO,NO,NO,NO,SI,NO,NO
3897,1,3045,908,908,NO,NO,NO,SI,NO,NO,NO,NO,NO,NO,NO,SI,NO,NO
3898,1,3046,984,984,SI,SI,SI,NO,NO,NO,NO,NO,NO,NO,NO,NO,NO,SI
3899,1,3049,922,922,NO,NO,NO,NO,NO,NO,NO,NO,NO,NO,NO,NO,SI,SI
3900,1,3044,786,786,SI,NO,NO,NO,NO,NO,NO,NO,NO,NO,NO,NO,NO,SI
3901,1,3024,912,912,SI,NO,NO,NO,NO,NO,NO,NO,NO,NO,NO,NO,NO,SI
3902,1,3054,754,754,NO,SI,NO,NO,NO,NO,NO,NO,NO,NO,NO,NO,NO,SI
3903,1,3008,927,927,NO,SI,NO,NO,NO,NO,NO,NO,NO,NO,NO,NO,NO,SI
3904,1,3026,772,772,SI,SI,NO,NO,NO,NO,NO,NO,NO,NO,NO,SI,NO,NO
3905,1,3049,951,951,NO,NO,NO,NO,NO,NO,NO,NO,NO,NO,NO,NO,NO,SI
3906,1,3005,874,874,NO,NO,NO,NO,NO,NO,NO,NO,NO,NO,NO,NO,NO,SI
3907,1,3003,754,754,NO,SI,NO,SI,NO,NO,NO,NO,NO,NO,NO,NO,NO,NO
3908,1,3023,646,646,NO,NO,NO,NO,NO,NO,NO,NO,NO,NO,NO,NO,NO,SI
3909,1,3008,937,937,SI,NO,NO,NO,NO,NO,NO,NO,NO,NO,NO,SI,NO,SI
3910,1,3027,793,793,SI,NO,NO,NO,NO,NO,NO,NO,NO,NO,NO,NO,NO,SI
3911,1,3034,925,925,SI,SI,NO,NO,NO,NO,NO,NO,NO,NO,NO,SI,NO,SI
3912,1,3037,864,864,NO,NO,NO,NO,NO,SI,NO,NO,NO,NO,NO,NO,NO,SI
3913,1,3005,959,959,NO,NO,NO,NO,NO,NO,NO,NO,NO,NO,NO,NO,NO,SI
3914,1,3008,942,942,NO,NO,NO,NO,NO,NO,NO,NO,NO,NO,NO,NO,NO,SI
3915,1,3046,947,947,NO,NO,NO,SI,NO,SI,NO,NO,NO,NO,NO,NO,NO,SI
3916,1,3029,790,790,SI,NO,NO,NO,NO,SI,NO,NO,NO,NO,NO,NO,NO,SI
3917,1,3005,923,923,NO,SI,NO,NO,NO,NO,NO,NO,NO,NO,NO,NO,NO,SI
3918,1,3045,945,945,NO,NO,NO,NO,NO,NO,NO,NO,NO,NO,NO,NO,NO,SI
3919,1,3045,936,936,SI,SI,NO,NO,NO,NO,NO,NO,NO,NO,NO,SI,NO,SI
3920,1,3022,834,834,SI,NO,NO,SI,NO,NO,NO,NO,NO,NO,NO,NO,NO,SI
3921,1,3046,916,916,SI,NO,NO,SI,NO,NO,NO,NO,NO,NO,NO,NO,NO,SI
3922,1,3026,718,718,SI,NO,NO,NO,NO,NO,NO,NO,NO,NO,NO,SI,NO,SI
3923,1,3056,748,748,SI,NO,NO,NO,NO,NO,NO,NO,NO,NO,NO,NO,NO,NO
3924,1,3028,838,838,SI,NO,NO,NO,NO,NO,NO,NO,NO,NO,NO,NO,NO,NO
3925,1,3021,784,784,NO,NO,NO,NO,NO,NO,NO,NO,NO,NO,NO,NO,NO,SI
3926,1,3004,778,778,NO,NO,NO,NO,NO,NO,NO,NO,NO,NO,NO,NO,NO,SI
3927,1,3001,909,909,SI,NO,NO,NO,NO,NO,NO,NO,NO,NO,NO,NO,NO,SI
3928,1,3041,733,733,NO,NO,NO,SI,NO,NO,NO,NO,NO,NO,NO,NO,NO,SI
3929,1,3029,984,984,NO,SI,NO,NO,SI,NO,NO,NO,NO,NO,NO,SI,NO,SI
3930,1,3008,932,932,NO,NO,NO,NO,NO,NO,NO,NO,NO,NO,NO,NO,NO,SI
3931,1,3008,911,911,NO,NO,SI,SI,NO,NO,NO,NO,NO,NO,NO,NO,NO,SI
3932,1,3024,821,821,NO,NO,NO,NO,NO,NO,NO,NO,NO,NO,NO,NO,NO,NO
3933,1,3008,947,947,NO,NO,NO,SI,NO,NO,NO,NO,NO,NO,NO,NO,NO,SI
3934,1,3024,600,600,SI,NO,NO,NO,NO,NO,NO,NO,NO,NO,NO,NO,NO,SI
3935,1,3026,757,757,NO,NO,NO,NO,NO,NO,NO,NO,NO,NO,SI,NO,NO,SI
3936,1,3046,892,892,NO,NO,NO,NO,NO,NO,NO,NO,NO,NO,NO,NO,NO,SI
3937,1,3044,709,709,SI,NO,NO,SI,NO,NO,NO,NO,NO,NO,NO,NO,NO,SI
3938,1,3008,926,926,NO,NO,NO,NO,NO,NO,NO,NO,NO,NO,NO,NO,NO,SI
3939,1,3043,661,661,NO,NO,NO,NO,NO,NO,NO,NO,NO,NO,NO,SI,NO,SI
3940,1,3045,942,942,NO,NO,NO,SI,NO,NO,NO,NO,NO,NO,NO,NO,NO,SI
3941,1,3034,914,914,SI,NO,NO,NO,NO,NO,NO,NO,NO,NO,NO,NO,NO,SI
3942,1,3045,898,898,NO,NO,NO,SI,NO,NO,NO,NO,NO,NO,NO,SI,NO,SI
3943,1,3045,929,929,NO,NO,NO,NO,NO,NO,NO,NO,NO,NO,NO,NO,NO,SI
3944,1,3005,900,900,NO,SI,NO,NO,NO,NO,SI,NO,NO,NO,NO,NO,NO,SI
3945,1,3046,929,929,SI,SI,NO,NO,NO,NO,NO,NO,NO,NO,NO,NO,NO,SI
3946,1,3034,916,916,SI,NO,NO,NO,NO,NO,NO,NO,NO,NO,NO,NO,NO,NO
3947,1,3051,706,706,NO,NO,NO,NO,NO,NO,NO,NO,NO,NO,NO,NO,NO,SI
3948,1,3049,928,928,NO,NO,NO,NO,NO,NO,NO,NO,NO,NO,NO,NO,NO,SI
3949,1,3054,862,862,SI,NO,NO,NO,NO,NO,NO,NO,NO,NO,NO,NO,NO,SI
3950,1,3046,884,884,NO,NO,NO,SI,NO,NO,NO,NO,NO,NO,NO,NO,NO,SI
3951,1,3046,942,942,NO,NO,NO,NO,NO,NO,NO,NO,NO,NO,NO,NO,NO,NO
3952,1,3045,914,914,NO,NO,NO,NO,NO,NO,NO,SI,NO,NO,NO,NO,NO,NO
3953,1,3005,934,934,NO,NO,NO,NO,NO,NO,NO,NO,NO,NO,NO,NO,NO,NO
3954,1,3049,941,941,NO,SI,NO,NO,NO,NO,NO,NO,NO,NO,NO,NO,NO,SI
3955,1,3008,920,920,SI,NO,NO,NO,NO,NO,NO,NO,NO,NO,NO,SI,NO,SI
3956,1,3034,906,906,NO,NO,NO,NO,NO,NO,NO,NO,NO,NO,NO,NO,NO,SI
3957,1,3005,907,907,NO,NO,NO,NO,NO,NO,NO,NO,NO,NO,NO,NO,NO,SI
3958,1,3049,920,920,SI,SI,NO,NO,NO,NO,NO,NO,NO,NO,NO,NO,NO,SI
3959,1,3052,719,719,NO,NO,SI,NO,NO,NO,NO,NO,NO,NO,NO,NO,NO,SI
3960,1,3051,618,618,NO,SI,NO,NO,NO,NO,NO,NO,NO,NO,NO,SI,NO,SI
3961,1,3034,988,988,NO,NO,NO,NO,NO,NO,NO,NO,NO,NO,NO,NO,NO,SI
3962,1,3045,942,942,SI,SI,NO,NO,NO,NO,NO,NO,NO,NO,NO,NO,NO,SI
3963,1,3049,957,957,NO,NO,NO,NO,NO,NO,NO,NO,NO,NO,NO,NO,NO,NO
3964,1,3005,867,867,NO,SI,NO,NO,NO,SI,NO,NO,NO,NO,NO,NO,NO,NO
3965,1,3040,688,688,NO,NO,NO,SI,NO,NO,NO,NO,NO,NO,NO,NO,NO,NO
3966,1,3005,863,863,NO,NO,NO,SI,NO,NO,NO,NO,NO,NO,NO,NO,NO,SI
3967,1,3045,894,894,NO,NO,NO,NO,NO,NO,NO,NO,NO,NO,NO,NO,NO,SI
3968,1,3004,847,847,NO,NO,NO,NO,NO,NO,NO,NO,NO,NO,NO,NO,NO,SI
3969,1,3001,943,943,SI,NO,NO,NO,NO,NO,NO,NO,NO,NO,NO,NO,NO,SI
3970,1,3003,869,869,NO,NO,NO,NO,NO,NO,NO,NO,NO,NO,NO,NO,NO,SI
3971,1,3005,1000,1000,SI,NO,NO,NO,NO,NO,NO,NO,NO,NO,NO,NO,NO,SI
3972,1,3008,934,934,NO,NO,NO,NO,NO,NO,NO,NO,NO,NO,NO,SI,NO,SI
3973,1,3006,705,705,NO,NO,NO,NO,NO,NO,NO,NO,NO,NO,NO,NO,NO,SI
3974,1,3008,946,946,NO,NO,NO,NO,NO,NO,NO,NO,NO,NO,NO,NO,NO,SI
3975,1,3045,966,966,SI,NO,NO,NO,NO,NO,NO,NO,NO,NO,NO,NO,NO,SI
3976,1,3046,982,982,NO,NO,NO,NO,NO,NO,NO,NO,NO,NO,NO,NO,NO,SI
3977,1,3014,904,904,NO,SI,NO,NO,NO,NO,SI,NO,NO,NO,NO,NO,NO,SI
3978,1,3006,776,776,SI,NO,SI,SI,NO,NO,NO,NO,NO,NO,NO,NO,NO,SI
3979,1,3005,971,971,NO,NO,NO,NO,NO,NO,NO,NO,NO,NO,NO,NO,NO,SI
3980,1,3005,931,931,SI,NO,NO,NO,NO,NO,NO,NO,NO,NO,NO,NO,NO,NO
3981,1,3008,980,980,NO,NO,NO,NO,NO,NO,NO,NO,NO,NO,NO,NO,NO,SI
3982,1,3001,911,911,SI,NO,NO,NO,NO,NO,NO,NO,NO,NO,NO,NO,NO,SI
3983,1,3049,922,922,NO,NO,SI,NO,NO,NO,NO,NO,NO,NO,NO,NO,NO,SI
3984,1,3049,886,886,SI,NO,NO,NO,NO,NO,NO,NO,NO,NO,NO,NO,NO,SI
3985,1,3001,921,921,NO,NO,NO,NO,SI,NO,NO,NO,NO,NO,NO,NO,NO,SI
3986,1,3046,962,962,NO,NO,NO,SI,NO,NO,NO,NO,NO,NO,NO,NO,NO,SI
3987,1,3005,952,952,NO,NO,NO,NO,NO,NO,NO,NO,NO,NO,NO,NO,NO,SI
3988,1,3046,970,970,NO,SI,NO,NO,NO,NO,NO,NO,NO,NO,NO,NO,NO,SI
3989,1,3043,912,912,SI,NO,NO,SI,NO,SI,NO,NO,NO,NO,NO,SI,NO,SI
3990,1,3045,904,904,SI,NO,NO,NO,NO,NO,NO,NO,NO,NO,NO,NO,NO,SI
3991,1,3011,709,709,SI,SI,NO,NO,NO,NO,NO,NO,NO,NO,NO,SI,NO,SI
3992,1,3034,913,913,NO,NO,NO,NO,NO,NO,NO,NO,NO,NO,NO,NO,NO,SI
3993,1,3005,966,966,NO,SI,NO,NO,NO,NO,NO,NO,NO,NO,NO,SI,NO,NO
3994,1,3008,958,958,SI,NO,NO,NO,NO,NO,NO,NO,NO,NO,NO,NO,NO,SI
3995,1,3048,836,836,SI,SI,NO,SI,NO,NO,NO,NO,NO,NO,NO,NO,NO,SI
3996,1,3001,965,965,NO,NO,NO,NO,NO,NO,NO,NO,NO,NO,NO,SI,NO,SI
3997,1,3001,971,971,NO,NO,NO,NO,NO,NO,NO,NO,NO,NO,NO,NO,NO,SI
3998,1,3034,920,920,NO,NO,NO,NO,NO,NO,NO,NO,NO,NO,NO,NO,SI,SI
3999,1,3047,717,717,SI,NO,NO,SI,NO,SI,NO,NO,NO,NO,NO,NO,NO,SI
4000,1,3003,915,915,NO,NO,NO,NO,NO,NO,NO,NO,NO,NO,NO,NO,NO,SI
4001,1,3048,734,734,NO,NO,NO,NO,NO,NO,NO,NO,NO,NO,NO,NO,NO,SI
4002,1,3004,726,726,SI,SI,NO,NO,NO,NO,NO,NO,NO,NO,NO,SI,NO,NO
4003,1,3056,857,857,SI,NO,NO,NO,NO,NO,NO,NO,NO,NO,NO,NO,NO,NO
4004,1,3035,738,738,NO,NO,NO,NO,NO,NO,NO,NO,NO,NO,NO,NO,NO,NO
4005,1,3034,892,892,NO,NO,NO,NO,NO,NO,NO,NO,NO,NO,NO,NO,NO,SI
4006,1,3034,967,967,SI,SI,NO,NO,NO,NO,NO,NO,NO,NO,NO,NO,NO,SI
4007,1,3034,932,932,NO,NO,NO,NO,NO,NO,NO,NO,NO,NO,NO,NO,NO,SI
4008,1,3021,752,752,SI,NO,NO,NO,NO,NO,NO,NO,NO,NO,NO,NO,NO,SI
4009,1,3008,875,875,NO,NO,SI,NO,NO,NO,NO,NO,NO,NO,NO,NO,NO,SI
4010,1,3045,1000,1000,NO,NO,NO,NO,NO,NO,NO,NO,NO,NO,NO,SI,NO,SI
4011,1,3036,666,666,NO,NO,NO,NO,NO,NO,NO,NO,NO,NO,NO,NO,NO,SI
4012,1,3034,911,911,NO,NO,NO,NO,NO,NO,NO,NO,NO,NO,NO,NO,NO,SI
4013,1,3045,948,948,NO,SI,NO,NO,NO,NO,NO,NO,NO,NO,NO,NO,NO,NO
4014,1,3032,885,885,NO,NO,NO,NO,NO,NO,NO,NO,NO,NO,NO,NO,NO,SI
4015,1,3012,760,760,NO,NO,NO,NO,NO,NO,NO,NO,NO,NO,NO,NO,NO,SI
4016,1,3001,947,947,SI,SI,NO,NO,NO,NO,NO,NO,NO,NO,NO,NO,NO,SI
4017,1,3023,804,804,NO,NO,NO,NO,NO,NO,NO,NO,NO,NO,NO,NO,NO,SI
4018,1,3008,929,929,SI,NO,NO,SI,NO,SI,NO,NO,NO,NO,NO,NO,NO,NO
4019,1,3046,968,968,NO,NO,NO,NO,NO,NO,NO,NO,NO,NO,NO,NO,NO,SI
4020,1,3049,905,905,NO,NO,NO,NO,NO,NO,NO,NO,NO,NO,NO,NO,NO,SI
4021,1,3034,947,947,NO,NO,NO,NO,NO,NO,NO,NO,NO,NO,NO,NO,NO,SI
4022,1,3020,809,809,NO,NO,NO,NO,NO,NO,NO,NO,NO,NO,NO,NO,NO,SI
4023,1,3045,921,921,SI,NO,NO,NO,NO,NO,NO,NO,NO,NO,NO,NO,NO,SI
4024,1,3053,752,752,NO,NO,NO,NO,NO,NO,NO,NO,NO,NO,NO,NO,NO,SI
4025,1,3049,901,901,SI,SI,NO,NO,NO,NO,NO,NO,NO,NO,NO,NO,NO,SI
4026,1,3005,940,940,SI,NO,NO,NO,SI,NO,SI,NO,NO,NO,NO,NO,NO,SI
4027,1,3049,924,924,SI,NO,NO,NO,NO,NO,NO,NO,NO,NO,NO,SI,NO,SI
4028,1,3025,813,813,SI,NO,NO,NO,NO,NO,NO,NO,NO,NO,NO,NO,NO,SI
4029,1,3035,723,723,SI,NO,NO,NO,NO,NO,NO,NO,NO,NO,NO,NO,NO,NO
4030,1,3039,759,759,NO,NO,NO,NO,NO,NO,NO,NO,NO,NO,NO,NO,NO,SI
4031,1,3046,905,905,NO,NO,NO,NO,NO,NO,NO,NO,NO,NO,NO,NO,NO,SI
4032,1,3055,810,810,SI,NO,NO,NO,NO,NO,NO,NO,NO,NO,NO,SI,NO,SI
4033,1,3001,902,902,SI,SI,NO,NO,NO,NO,NO,NO,NO,NO,NO,NO,NO,SI
4034,1,3049,977,977,SI,NO,NO,NO,NO,NO,NO,NO,NO,NO,NO,NO,NO,SI
4035,1,3005,955,955,NO,NO,NO,NO,NO,NO,NO,NO,NO,NO,NO,NO,NO,SI
4036,1,3046,968,968,NO,SI,NO,NO,NO,NO,NO,NO,NO,NO,NO,NO,NO,SI
4037,1,3011,705,705,NO,SI,NO,NO,NO,NO,NO,NO,NO,NO,NO,NO,NO,SI
4038,1,3053,767,767,NO,NO,NO,NO,NO,SI,NO,NO,NO,NO,NO,SI,NO,SI
4039,1,3001,909,909,NO,NO,NO,NO,NO,NO,NO,NO,NO,NO,NO,NO,NO,NO
4040,1,3018,920,920,SI,NO,NO,NO,NO,NO,NO,NO,NO,NO,NO,NO,NO,SI
4041,1,3002,923,923,NO,NO,NO,NO,NO,NO,NO,NO,NO,NO,NO,SI,NO,NO
4042,1,3008,942,942,NO,NO,NO,NO,SI,NO,NO,NO,NO,NO,NO,NO,NO,SI
4043,1,3049,934,934,SI,SI,NO,SI,NO,NO,NO,NO,NO,NO,NO,SI,NO,SI
4044,1,3046,951,951,NO,NO,NO,NO,NO,SI,NO,NO,NO,NO,NO,NO,NO,SI
4045,1,3038,830,830,NO,NO,NO,NO,SI,NO,NO,NO,NO,NO,NO,NO,SI,SI
4046,1,3049,909,909,NO,SI,NO,NO,NO,NO,NO,NO,NO,NO,NO,NO,NO,NO
4047,1,3005,909,909,NO,SI,NO,NO,NO,NO,NO,NO,NO,NO,NO,NO,NO,NO
4048,1,3015,690,690,NO,NO,NO,NO,NO,NO,NO,NO,NO,NO,NO,SI,NO,NO
4049,1,3034,965,965,SI,SI,NO,NO,NO,NO,NO,NO,NO,NO,NO,SI,NO,NO
4050,1,3009,824,824,NO,SI,NO,NO,NO,NO,NO,NO,NO,NO,NO,NO,NO,SI
4051,1,3049,923,923,NO,NO,NO,NO,NO,NO,NO,NO,NO,NO,NO,NO,NO,SI
4052,1,3049,953,953,SI,NO,NO,SI,NO,NO,NO,NO,NO,NO,NO,NO,NO,SI
4053,1,3005,906,906,NO,NO,NO,NO,NO,NO,NO,NO,NO,NO,NO,SI,NO,NO
4054,1,3051,811,811,NO,NO,NO,NO,NO,NO,NO,NO,NO,NO,NO,NO,NO,NO
4055,1,3042,728,728,SI,SI,NO,NO,NO,NO,NO,NO,NO,NO,NO,NO,NO,SI
4056,1,3014,732,732,SI,NO,NO,NO,NO,NO,NO,NO,NO,NO,NO,NO,NO,SI
4057,1,3046,908,908,NO,NO,NO,NO,NO,NO,NO,NO,NO,NO,NO,NO,NO,SI
4058,1,3049,916,916,NO,NO,NO,NO,NO,NO,NO,NO,NO,NO,NO,NO,NO,SI
4059,1,3005,947,947,NO,NO,NO,SI,NO,NO,NO,NO,NO,NO,NO,NO,NO,SI
4060,1,3014,766,766,NO,NO,NO,NO,NO,NO,NO,NO,NO,NO,NO,NO,NO,SI
4061,1,3008,888,888,SI,SI,NO,NO,NO,NO,NO,NO,NO,NO,NO,SI,NO,NO
4062,1,3034,925,925,NO,SI,NO,NO,NO,NO,NO,NO,NO,NO,NO,NO,NO,SI
4063,1,3049,893,893,SI,SI,NO,NO,NO,NO,NO,NO,NO,NO,NO,NO,NO,SI
4064,1,3049,903,903,NO,NO,NO,SI,NO,NO,NO,NO,NO,NO,NO,NO,NO,SI
4065,1,3033,778,778,SI,SI,NO,SI,NO,NO,NO,NO,NO,NO,NO,NO,NO,SI
4066,1,3001,881,881,SI,NO,NO,NO,NO,NO,NO,NO,NO,NO,NO,NO,NO,SI
4067,1,3005,958,958,NO,NO,NO,NO,NO,NO,NO,NO,NO,NO,NO,NO,NO,SI
4068,1,3045,891,891,NO,NO,NO,NO,NO,NO,NO,NO,NO,NO,NO,NO,NO,SI
4069,1,3046,871,871,NO,NO,NO,NO,NO,NO,SI,NO,NO,NO,NO,SI,NO,SI
4070,1,3001,960,960,NO,NO,NO,NO,SI,NO,NO,NO,NO,NO,NO,NO,NO,NO
4071,1,3045,946,946,NO,NO,NO,NO,SI,NO,NO,NO,NO,NO,NO,NO,NO,SI
4072,1,3001,934,934,SI,NO,NO,NO,NO,NO,NO,NO,NO,NO,NO,NO,NO,NO
4073,1,3003,678,678,NO,NO,NO,NO,SI,NO,NO,NO,NO,NO,NO,NO,NO,SI
4074,1,3046,964,964,NO,NO,NO,NO,NO,NO,NO,NO,NO,NO,NO,NO,NO,NO
4075,1,3049,917,917,SI,SI,NO,NO,NO,NO,NO,NO,NO,NO,NO,NO,NO,SI
4076,1,3001,889,889,SI,NO,NO,NO,NO,NO,NO,NO,NO,NO,NO,SI,NO,NO
4077,1,3001,883,883,SI,SI,SI,NO,NO,NO,NO,NO,NO,NO,NO,NO,NO,SI
4078,1,3019,871,871,NO,NO,NO,NO,NO,NO,NO,NO,NO,NO,NO,NO,NO,SI
4079,1,3008,979,979,NO,NO,NO,NO,NO,NO,NO,NO,NO,NO,NO,NO,NO,SI
4080,1,3034,879,879,SI,NO,NO,NO,NO,NO,NO,NO,NO,NO,NO,NO,NO,NO
4081,1,3049,938,938,SI,NO,NO,NO,NO,NO,NO,NO,NO,NO,NO,NO,NO,SI
4082,1,3001,936,936,SI,SI,NO,NO,NO,NO,NO,NO,NO,NO,NO,NO,NO,SI
4083,1,3016,823,823,NO,NO,NO,NO,NO,NO,NO,NO,NO,NO,NO,NO,NO,SI
4084,1,3008,911,911,SI,NO,NO,NO,SI,NO,NO,NO,NO,NO,NO,NO,NO,SI
4085,1,3008,911,911,NO,NO,NO,NO,NO,NO,NO,NO,NO,NO,NO,NO,NO,SI
4086,1,3034,950,950,NO,NO,NO,NO,NO,NO,NO,NO,NO,NO,NO,NO,NO,SI
4087,1,3021,770,770,SI,NO,NO,NO,NO,NO,NO,NO,NO,NO,NO,NO,NO,NO
4088,1,3049,966,966,NO,NO,NO,NO,NO,NO,NO,NO,NO,NO,NO,NO,NO,NO
4089,1,3045,967,967,SI,NO,NO,NO,NO,NO,NO,NO,NO,NO,NO,NO,NO,SI
4090,1,3034,910,910,SI,NO,NO,NO,NO,NO,NO,NO,NO,NO,NO,NO,NO,SI
4091,1,3045,948,948,NO,NO,NO,NO,NO,NO,NO,NO,NO,NO,NO,NO,NO,NO
4092,1,3025,781,781,NO,NO,NO,NO,NO,NO,SI,NO,NO,NO,NO,NO,NO,SI
4093,1,3045,888,888,NO,NO,SI,NO,NO,NO,NO,NO,NO,NO,NO,NO,NO,SI
4094,1,3045,944,944,NO,NO,NO,NO,NO,NO,NO,NO,NO,NO,NO,NO,SI,SI
4095,1,3042,807,807,NO,NO,NO,SI,SI,NO,NO,NO,NO,NO,NO,NO,NO,SI
4096,1,3005,903,903,NO,NO,NO,NO,NO,NO,NO,NO,NO,NO,NO,NO,NO,NO
4097,1,3005,987,987,NO,NO,NO,NO,NO,NO,SI,NO,NO,NO,NO,NO,NO,SI
4098,1,3031,838,838,NO,NO,NO,NO,NO,NO,NO,NO,NO,NO,NO,NO,NO,SI
4099,1,3005,950,950,NO,SI,NO,NO,NO,NO,NO,NO,NO,NO,NO,SI,NO,NO
4100,1,3020,795,795,SI,SI,NO,NO,NO,NO,NO,NO,NO,NO,NO,NO,NO,NO
4101,1,3045,912,912,SI,NO,NO,NO,NO,NO,NO,NO,NO,NO,NO,NO,NO,SI
4102,1,3049,914,914,NO,SI,NO,NO,NO,NO,NO,NO,NO,NO,NO,NO,NO,SI
4103,1,3052,865,865,SI,NO,NO,NO,NO,NO,NO,NO,NO,NO,NO,NO,NO,SI
4104,1,3046,961,961,NO,NO,NO,NO,NO,NO,NO,NO,NO,NO,NO,NO,NO,SI
4105,1,3019,910,910,SI,NO,NO,NO,NO,SI,NO,NO,NO,NO,NO,NO,NO,SI
4106,1,3046,979,979,SI,NO,NO,NO,NO,NO,NO,NO,NO,NO,NO,SI,NO,SI
4107,1,3031,842,842,NO,NO,NO,NO,NO,NO,NO,NO,NO,NO,NO,NO,NO,SI
4108,1,3046,938,938,SI,SI,NO,SI,NO,NO,NO,NO,NO,NO,NO,NO,NO,SI
4109,1,3045,964,964,SI,SI,NO,SI,NO,NO,NO,NO,NO,NO,NO,NO,NO,SI
4110,1,3034,909,909,NO,NO,NO,NO,NO,NO,NO,NO,NO,NO,NO,NO,NO,NO
4111,1,3049,999,999,NO,NO,NO,NO,NO,NO,NO,NO,NO,NO,NO,NO,NO,NO
4112,1,3005,980,980,NO,NO,NO,NO,NO,NO,NO,NO,NO,NO,NO,NO,NO,SI
4113,1,3023,743,743,NO,NO,NO,NO,NO,NO,NO,NO,NO,NO,NO,NO,NO,SI
4114,1,3046,985,985,NO,NO,NO,NO,NO,NO,NO,NO,NO,NO,NO,NO,NO,SI
4115,1,3034,981,981,SI,NO,NO,NO,NO,NO,NO,NO,NO,NO,NO,NO,NO,SI
4116,1,3001,920,920,NO,NO,NO,NO,NO,NO,NO,NO,NO,NO,NO,NO,NO,SI
4117,1,3005,929,929,NO,NO,NO,NO,NO,NO,NO,NO,NO,NO,NO,NO,NO,NO
4118,1,3049,949,949,NO,NO,NO,NO,NO,NO,NO,NO,NO,NO,NO,NO,NO,SI
4119,1,3026,894,894,SI,NO,NO,SI,NO,NO,NO,NO,NO,NO,NO,NO,NO,SI
4120,1,3046,895,895,NO,NO,NO,NO,NO,NO,NO,NO,NO,NO,NO,NO,NO,SI
4121,1,3023,826,826,NO,NO,NO,NO,NO,NO,NO,NO,NO,NO,NO,SI,NO,SI
4122,1,3001,941,941,SI,NO,NO,NO,NO,NO,SI,NO,NO,NO,NO,NO,NO,SI
4123,1,3017,799,799,NO,NO,NO,NO,NO,NO,NO,NO,NO,NO,NO,NO,NO,SI
4124,1,3053,827,827,NO,SI,NO,NO,NO,SI,NO,NO,NO,NO,NO,NO,NO,SI
4125,1,3032,910,910,NO,NO,NO,NO,SI,NO,NO,NO,NO,NO,NO,NO,NO,SI
4126,1,3056,718,718,SI,SI,NO,NO,NO,SI,NO,NO,NO,NO,NO,NO,NO,SI
4127,1,3034,947,947,NO,NO,NO,NO,NO,NO,NO,NO,NO,NO,NO,NO,NO,SI
4128,1,3056,814,814,NO,NO,NO,NO,NO,NO,NO,NO,NO,NO,NO,NO,NO,SI
4129,1,3046,950,950,NO,SI,NO,NO,NO,NO,NO,NO,NO,NO,NO,SI,NO,NO
4130,1,3049,941,941,SI,NO,NO,NO,NO,NO,NO,NO,NO,NO,NO,NO,NO,SI
4131,1,3034,936,936,NO,NO,NO,NO,NO,NO,NO,NO,NO,NO,NO,NO,NO,SI
4132,1,3049,990,990,NO,NO,NO,SI,NO,NO,NO,NO,NO,NO,NO,SI,NO,SI
4133,1,3005,942,942,NO,NO,NO,NO,NO,NO,NO,NO,NO,NO,NO,NO,NO,SI
4134,1,3034,945,945,NO,NO,NO,NO,NO,NO,NO,NO,NO,NO,NO,NO,NO,NO
4135,1,3005,904,904,NO,NO,NO,NO,NO,NO,NO,SI,NO,NO,NO,NO,NO,SI
4136,1,3049,946,946,NO,NO,NO,NO,NO,NO,NO,NO,NO,NO,NO,NO,NO,SI
4137,1,3006,673,673,NO,SI,NO,NO,NO,NO,NO,NO,NO,NO,NO,SI,NO,SI
4138,1,3016,692,692,SI,NO,NO,NO,NO,NO,NO,NO,NO,NO,NO,SI,NO,NO
4139,1,3005,922,922,NO,NO,NO,NO,NO,NO,NO,NO,NO,NO,NO,NO,NO,SI
4140,1,3046,911,911,NO,NO,NO,NO,NO,NO,NO,NO,NO,NO,NO,NO,NO,SI
4141,1,3049,949,949,SI,SI,NO,NO,NO,NO,NO,NO,NO,NO,NO,NO,NO,SI
4142,1,3050,761,761,SI,SI,NO,NO,NO,NO,NO,NO,NO,NO,NO,NO,NO,SI
4143,1,3049,945,945,SI,NO,NO,NO,NO,NO,NO,NO,NO,NO,NO,NO,NO,SI
4144,1,3034,920,920,NO,NO,NO,NO,NO,NO,NO,NO,NO,NO,NO,NO,NO,SI
4145,1,3010,871,871,SI,NO,NO,NO,NO,NO,NO,NO,NO,NO,NO,NO,NO,NO
4146,1,3049,919,919,SI,NO,SI,NO,NO,NO,NO,NO,NO,NO,NO,NO,NO,SI
4147,1,3045,933,933,SI,NO,NO,SI,NO,NO,NO,NO,NO,NO,NO,SI,NO,SI
4148,1,3015,730,730,SI,NO,NO,NO,NO,NO,NO,NO,NO,NO,NO,NO,NO,SI
4149,1,3011,750,750,SI,SI,NO,NO,NO,NO,NO,NO,NO,NO,NO,NO,NO,SI
4150,1,3001,894,894,SI,NO,NO,NO,NO,NO,NO,NO,NO,NO,NO,NO,NO,SI
4151,1,3056,841,841,NO,NO,NO,NO,NO,NO,NO,NO,NO,NO,NO,NO,NO,SI
4152,1,3050,826,826,SI,SI,NO,NO,NO,NO,NO,NO,NO,NO,NO,NO,NO,NO
4153,1,3005,949,949,NO,NO,NO,NO,NO,NO,NO,NO,NO,NO,NO,NO,NO,SI
4154,1,3010,835,835,NO,SI,NO,SI,NO,SI,NO,NO,NO,NO,NO,NO,NO,SI
4155,1,3053,671,671,SI,NO,NO,NO,NO,NO,NO,NO,NO,NO,NO,NO,NO,NO
4156,1,3045,934,934,NO,NO,NO,NO,NO,NO,NO,NO,NO,NO,NO,NO,NO,SI
4157,1,3046,898,898,NO,SI,NO,NO,NO,NO,NO,NO,NO,NO,NO,NO,NO,SI
4158,1,3001,930,930,NO,SI,NO,SI,NO,NO,NO,NO,NO,NO,NO,SI,NO,NO
4159,1,3034,975,975,SI,SI,NO,NO,NO,NO,NO,NO,NO,NO,NO,NO,NO,NO
4160,1,3049,975,975,NO,SI,NO,SI,NO,NO,NO,NO,NO,NO,NO,NO,NO,SI
4161,1,3045,924,924,SI,SI,NO,NO,NO,NO,NO,NO,NO,NO,NO,NO,NO,SI
4162,1,3049,925,925,NO,NO,NO,NO,NO,NO,NO,NO,NO,NO,NO,NO,NO,SI
4163,1,3005,899,899,SI,NO,NO,NO,NO,NO,NO,NO,NO,NO,NO,NO,NO,NO
4164,1,3049,940,940,NO,SI,NO,NO,SI,NO,NO,NO,NO,NO,NO,NO,NO,SI
4165,1,3005,920,920,NO,NO,NO,NO,NO,NO,NO,NO,NO,NO,NO,NO,NO,SI
4166,1,3053,704,704,NO,NO,NO,NO,NO,NO,NO,NO,NO,NO,NO,NO,NO,NO
4167,1,3047,791,791,NO,NO,NO,NO,NO,NO,NO,NO,NO,NO,NO,NO,NO,SI
4168,1,3016,792,792,NO,NO,SI,NO,NO,NO,NO,NO,NO,NO,NO,NO,NO,SI
4169,1,3017,753,753,SI,NO,NO,NO,NO,NO,NO,NO,NO,NO,NO,NO,NO,SI
4170,1,3012,845,845,NO,NO,NO,NO,NO,NO,NO,NO,NO,NO,NO,SI,NO,SI
4171,1,3003,748,748,SI,NO,NO,NO,NO,NO,NO,NO,NO,NO,NO,NO,NO,SI
4172,1,3042,699,699,SI,NO,NO,NO,NO,NO,NO,NO,NO,NO,NO,NO,NO,SI
4173,1,3001,897,897,NO,SI,SI,NO,NO,NO,NO,NO,NO,NO,NO,NO,NO,SI
4174,1,3001,959,959,NO,NO,NO,NO,NO,NO,NO,NO,NO,NO,NO,NO,NO,SI
4175,1,3004,777,777,NO,SI,NO,NO,NO,NO,NO,NO,NO,NO,NO,NO,NO,SI
4176,1,3021,859,859,NO,NO,NO,NO,NO,NO,NO,NO,NO,NO,NO,NO,SI,SI
4177,1,3027,780,780,SI,SI,NO,NO,NO,SI,NO,NO,NO,NO,NO,NO,NO,SI
4178,1,3034,931,931,NO,NO,NO,NO,NO,NO,NO,NO,NO,NO,NO,NO,NO,SI
4179,1,3035,780,780,NO,NO,NO,NO,NO,NO,NO,NO,NO,NO,NO,NO,NO,NO
4180,1,3056,729,729,SI,NO,NO,NO,NO,NO,NO,NO,NO,NO,NO,NO,NO,SI
4181,1,3038,806,806,NO,SI,NO,NO,NO,NO,NO,NO,NO,NO,NO,SI,NO,SI
4182,1,3003,799,799,SI,NO,NO,NO,NO,NO,NO,NO,NO,NO,NO,NO,NO,SI
4183,1,3006,914,914,NO,SI,NO,NO,NO,NO,NO,NO,NO,NO,NO,NO,NO,NO
4184,1,3038,918,918,NO,SI,NO,NO,NO,NO,NO,NO,NO,NO,NO,NO,NO,NO
4185,1,3001,936,936,SI,NO,NO,NO,NO,NO,NO,NO,NO,NO,NO,NO,NO,NO
4186,1,3046,941,941,SI,NO,NO,NO,NO,NO,NO,NO,NO,NO,NO,NO,NO,SI
4187,1,3005,873,873,NO,NO,NO,NO,NO,NO,NO,NO,NO,NO,NO,NO,NO,SI
4188,1,3048,792,792,NO,NO,NO,NO,NO,NO,NO,NO,NO,NO,NO,NO,NO,SI
4189,1,3046,962,962,NO,NO,NO,SI,NO,NO,NO,NO,NO,NO,NO,SI,NO,NO
4190,1,3054,800,800,NO,NO,NO,NO,SI,NO,NO,NO,NO,NO,NO,NO,NO,NO
4191,1,3008,900,900,SI,NO,NO,NO,NO,NO,NO,NO,NO,NO,NO,NO,NO,SI
4192,1,3049,918,918,NO,NO,NO,NO,NO,NO,NO,NO,NO,NO,NO,NO,NO,SI
4193,1,3005,907,907,NO,NO,NO,NO,NO,NO,NO,NO,NO,NO,NO,NO,NO,SI
4194,1,3036,842,842,SI,NO,NO,NO,NO,NO,NO,NO,NO,NO,NO,NO,NO,NO
4195,1,3046,893,893,SI,NO,NO,NO,NO,NO,NO,NO,NO,NO,NO,NO,NO,SI
4196,1,3030,727,727,SI,SI,NO,NO,NO,NO,NO,NO,NO,NO,NO,NO,NO,SI
4197,1,3056,748,748,SI,SI,NO,NO,NO,NO,NO,NO,NO,NO,NO,NO,NO,SI
4198,1,3006,846,846,SI,NO,NO,NO,NO,NO,NO,NO,NO,NO,NO,NO,NO,SI
4199,1,3021,830,830,SI,SI,NO,NO,NO,NO,NO,NO,NO,NO,NO,NO,NO,SI
4200,1,3045,880,880,SI,SI,NO,NO,NO,NO,NO,NO,NO,NO,NO,NO,NO,SI
4201,1,3023,772,772,SI,NO,NO,NO,NO,NO,NO,NO,NO,NO,NO,NO,NO,SI
4202,1,3011,852,852,SI,NO,NO,SI,NO,SI,NO,NO,NO,NO,NO,NO,NO,SI
4203,1,3041,818,818,SI,NO,NO,NO,NO,SI,NO,NO,NO,NO,NO,NO,NO,SI
4204,1,3001,926,926,NO,NO,NO,NO,SI,NO,NO,NO,NO,NO,NO,NO,NO,NO
4205,1,3034,956,956,SI,NO,NO,NO,NO,NO,NO,NO,NO,NO,NO,NO,NO,SI
4206,1,3045,943,943,SI,NO,NO,NO,NO,NO,NO,NO,NO,NO,NO,SI,NO,SI
4207,1,3035,776,776,NO,NO,NO,NO,NO,NO,SI,NO,NO,NO,NO,NO,NO,NO
4208,1,3045,937,937,NO,NO,NO,NO,NO,NO,NO,NO,NO,NO,NO,NO,NO,SI
4209,1,3049,917,917,NO,NO,NO,NO,NO,NO,NO,NO,NO,NO,NO,NO,NO,SI
4210,1,3049,893,893,NO,NO,NO,NO,NO,NO,NO,NO,NO,NO,NO,NO,NO,SI
4211,1,3049,954,954,SI,SI,NO,NO,NO,NO,NO,NO,NO,NO,NO,NO,NO,SI
4212,1,3037,976,976,SI,SI,NO,SI,NO,NO,NO,NO,NO,NO,NO,NO,NO,SI
4213,1,3045,928,928,NO,NO,NO,NO,NO,NO,NO,NO,NO,NO,NO,SI,NO,SI
4214,1,3039,837,837,NO,NO,NO,NO,NO,NO,NO,NO,NO,NO,NO,SI,NO,NO
4215,1,3045,909,909,NO,NO,NO,NO,NO,NO,NO,NO,NO,NO,NO,NO,NO,SI
4216,1,3049,921,921,SI,SI,NO,NO,NO,NO,NO,NO,NO,NO,NO,NO,NO,SI
4217,1,3046,959,959,SI,NO,NO,NO,NO,NO,NO,NO,NO,NO,NO,NO,SI,SI
4218,1,3038,624,624,NO,NO,NO,NO,NO,NO,NO,NO,NO,NO,NO,NO,NO,NO
4219,1,3053,847,847,NO,NO,NO,NO,NO,NO,NO,NO,NO,NO,NO,NO,NO,NO
4220,1,3029,749,749,SI,NO,NO,NO,NO,NO,NO,NO,NO,NO,NO,NO,NO,NO
4221,1,3008,956,956,SI,NO,NO,NO,NO,SI,NO,NO,NO,NO,NO,NO,NO,SI
4222,1,3005,930,930,NO,SI,NO,NO,NO,NO,NO,NO,NO,NO,NO,NO,NO,SI
4223,1,3049,926,926,NO,NO,NO,NO,NO,NO,NO,NO,NO,NO,NO,NO,NO,SI
4224,1,3008,901,901,SI,SI,NO,NO,NO,NO,NO,NO,NO,NO,NO,NO,NO,NO
4225,1,3004,730,730,SI,NO,NO,NO,NO,NO,NO,NO,NO,NO,NO,NO,SI,SI
4226,1,3034,937,937,SI,NO,NO,NO,NO,NO,NO,NO,NO,NO,NO,SI,NO,SI
4227,1,3001,929,929,NO,NO,NO,NO,NO,NO,NO,NO,NO,NO,NO,NO,NO,SI
4228,1,3034,924,924,NO,NO,NO,NO,NO,NO,NO,NO,NO,NO,NO,NO,NO,SI
4229,1,3046,889,889,SI,SI,NO,NO,NO,NO,NO,NO,NO,NO,NO,NO,NO,SI
4230,1,3005,852,852,NO,SI,NO,NO,NO,NO,NO,NO,NO,NO,NO,NO,NO,NO
4231,1,3025,915,915,NO,NO,NO,NO,NO,NO,NO,NO,NO,NO,NO,NO,NO,SI
4232,1,3023,880,880,NO,NO,NO,NO,NO,NO,NO,NO,NO,NO,NO,NO,NO,SI
4233,1,3025,780,780,NO,NO,NO,NO,NO,NO,NO,NO,NO,NO,NO,NO,NO,SI
4234,1,3005,943,943,NO,NO,NO,NO,NO,NO,NO,NO,NO,NO,NO,NO,NO,NO
4235,1,3039,801,801,SI,NO,NO,NO,NO,NO,NO,NO,NO,NO,NO,NO,NO,SI
4236,1,3008,880,880,NO,NO,NO,NO,NO,NO,NO,NO,NO,NO,NO,NO,NO,SI
4237,1,3008,933,933,SI,NO,NO,NO,NO,NO,NO,NO,NO,NO,NO,NO,NO,SI
4238,1,3025,843,843,SI,NO,NO,SI,NO,NO,NO,NO,NO,NO,NO,NO,NO,SI
4239,1,3001,899,899,SI,NO,NO,NO,NO,NO,NO,NO,NO,NO,NO,NO,NO,SI
4240,1,3019,647,647,NO,NO,NO,SI,NO,NO,NO,NO,NO,NO,NO,NO,NO,SI
4241,1,3037,683,683,SI,NO,NO,NO,NO,NO,NO,NO,NO,NO,NO,NO,NO,SI
4242,1,3021,771,771,SI,NO,NO,NO,NO,NO,NO,NO,NO,NO,NO,NO,NO,SI
4243,1,3001,936,936,NO,NO,NO,NO,NO,NO,NO,NO,NO,NO,NO,NO,NO,NO
4244,1,3046,982,982,NO,NO,NO,NO,NO,NO,NO,NO,NO,NO,NO,NO,NO,NO
4245,1,3034,912,912,NO,SI,NO,NO,NO,NO,NO,NO,NO,NO,NO,NO,SI,SI
4246,1,3006,603,603,SI,SI,NO,NO,NO,NO,NO,NO,SI,NO,NO,NO,NO,SI
4247,1,3047,798,798,NO,SI,NO,NO,NO,NO,NO,NO,NO,NO,NO,NO,NO,SI
4248,1,3011,687,687,NO,NO,NO,NO,SI,NO,NO,NO,NO,NO,NO,SI,NO,SI
4249,1,3034,950,950,SI,SI,NO,SI,NO,NO,NO,NO,NO,NO,NO,SI,NO,SI
4250,1,3005,944,944,SI,SI,NO,NO,NO,NO,NO,NO,NO,NO,NO,NO,NO,SI
4251,1,3034,876,876,SI,NO,SI,SI,NO,NO,NO,NO,NO,NO,NO,NO,NO,SI
4252,1,3005,947,947,NO,NO,NO,NO,NO,NO,NO,NO,NO,NO,NO,NO,NO,SI
4253,1,3034,908,908,NO,SI,NO,NO,NO,NO,NO,NO,NO,NO,NO,NO,NO,SI
4254,1,3034,960,960,NO,NO,NO,NO,NO,NO,NO,NO,NO,NO,NO,NO,NO,SI
4255,1,3022,762,762,SI,NO,NO,NO,NO,NO,NO,NO,NO,NO,NO,SI,NO,SI
4256,1,3008,943,943,NO,SI,NO,NO,NO,NO,NO,NO,NO,NO,NO,NO,NO,NO
4257,1,3046,935,935,NO,NO,NO,NO,NO,NO,NO,NO,NO,NO,NO,NO,NO,SI
4258,1,3040,834,834,NO,NO,NO,SI,NO,NO,NO,NO,NO,NO,NO,SI,NO,SI
4259,1,3049,945,945,SI,NO,NO,NO,NO,NO,NO,NO,NO,NO,NO,NO,NO,SI
4260,1,3049,941,941,NO,NO,NO,NO,NO,NO,NO,NO,NO,NO,NO,NO,NO,SI
4261,1,3034,927,927,NO,NO,NO,NO,NO,NO,NO,SI,NO,NO,NO,NO,NO,SI
4262,1,3046,895,895,SI,NO,NO,NO,NO,NO,NO,NO,NO,NO,NO,NO,NO,SI
4263,1,3001,886,886,SI,NO,NO,NO,SI,NO,NO,NO,NO,NO,NO,NO,NO,SI
4264,1,3011,745,745,SI,NO,NO,NO,NO,NO,NO,NO,NO,NO,NO,NO,NO,SI
4265,1,3049,882,882,SI,SI,NO,NO,NO,NO,NO,NO,NO,NO,NO,NO,NO,SI
4266,1,3045,948,948,NO,NO,NO,NO,NO,NO,NO,NO,NO,NO,NO,NO,NO,SI
4267,1,3032,735,735,NO,SI,NO,NO,NO,NO,NO,NO,NO,NO,NO,NO,NO,SI
4268,1,3008,1000,1000,NO,SI,NO,NO,NO,NO,NO,NO,NO,NO,NO,NO,NO,SI
4269,1,3038,736,736,SI,SI,NO,NO,NO,NO,NO,NO,NO,NO,NO,NO,NO,SI
4270,1,3051,784,784,NO,NO,NO,NO,NO,NO,NO,NO,NO,NO,NO,NO,NO,SI
4271,1,3046,902,902,SI,NO,NO,NO,NO,NO,NO,NO,NO,NO,NO,NO,NO,SI
4272,1,3008,903,903,NO,NO,NO,NO,NO,NO,NO,NO,NO,NO,NO,NO,NO,NO
4273,1,3049,947,947,NO,SI,NO,NO,NO,NO,NO,NO,NO,NO,NO,NO,NO,SI
4274,1,3049,959,959,NO,NO,NO,NO,NO,NO,NO,NO,NO,NO,NO,SI,NO,SI
4275,1,3049,950,950,NO,NO,NO,NO,NO,NO,SI,NO,NO,NO,NO,SI,NO,SI
4276,1,3034,933,933,SI,NO,NO,SI,NO,NO,NO,NO,NO,NO,NO,NO,NO,SI
4277,1,3050,778,778,NO,SI,NO,NO,NO,NO,NO,NO,NO,NO,NO,NO,NO,SI
4278,1,3037,791,791,SI,NO,NO,SI,NO,NO,NO,NO,NO,NO,NO,NO,NO,SI
4279,1,3034,909,909,SI,NO,NO,NO,NO,NO,NO,NO,NO,NO,NO,SI,NO,SI
4280,1,3014,694,694,NO,NO,NO,SI,NO,NO,NO,NO,NO,NO,NO,NO,NO,SI
4281,1,3045,991,991,NO,NO,NO,NO,NO,NO,NO,NO,NO,NO,NO,NO,NO,NO
4282,1,3045,898,898,NO,NO,NO,SI,SI,NO,NO,NO,NO,NO,NO,NO,NO,SI
4283,1,3007,842,842,SI,NO,NO,NO,NO,NO,NO,NO,NO,NO,NO,NO,NO,NO
4284,1,3001,932,932,NO,NO,NO,NO,NO,NO,NO,NO,NO,NO,NO,SI,NO,SI
4285,1,3034,932,932,SI,SI,NO,NO,NO,NO,SI,NO,NO,NO,NO,NO,NO,SI
4286,1,3008,976,976,NO,SI,NO,NO,NO,NO,NO,NO,NO,SI,NO,NO,NO,SI
4287,1,3038,731,731,SI,NO,NO,SI,NO,NO,NO,SI,NO,NO,NO,NO,NO,SI
4288,1,3011,823,823,NO,NO,NO,NO,NO,NO,NO,NO,NO,NO,NO,NO,NO,SI
4289,1,3034,951,951,NO,SI,NO,SI,NO,SI,NO,NO,NO,NO,NO,NO,NO,SI
4290,1,3022,747,747,NO,NO,NO,NO,NO,NO,NO,NO,NO,NO,NO,NO,NO,SI
4291,1,3001,906,906,NO,NO,NO,NO,NO,NO,NO,NO,NO,NO,NO,NO,NO,SI
4292,1,3045,951,951,NO,SI,NO,NO,NO,NO,NO,NO,NO,NO,NO,SI,NO,SI
4293,1,3046,952,952,NO,NO,NO,NO,NO,NO,NO,NO,NO,NO,NO,NO,NO,NO
4294,1,3008,928,928,SI,NO,NO,NO,NO,NO,NO,NO,NO,NO,NO,SI,NO,SI
4295,1,3045,880,880,NO,NO,NO,NO,NO,NO,NO,NO,NO,NO,NO,SI,NO,SI
4296,1,3018,753,753,NO,NO,NO,NO,NO,NO,NO,NO,NO,SI,NO,NO,NO,SI
4297,1,3004,707,707,SI,NO,NO,NO,NO,NO,NO,NO,NO,NO,NO,NO,NO,SI
4298,1,3049,905,905,SI,NO,NO,SI,NO,NO,NO,NO,NO,NO,NO,NO,NO,NO
4299,1,3001,889,889,NO,SI,NO,NO,NO,NO,NO,NO,NO,NO,NO,NO,NO,SI
4300,1,3040,836,836,NO,NO,NO,NO,NO,NO,NO,NO,NO,NO,NO,SI,NO,SI
4301,1,3034,938,938,SI,NO,NO,NO,NO,NO,NO,NO,NO,NO,NO,NO,NO,SI
4302,1,3012,913,913,SI,NO,NO,NO,NO,NO,NO,NO,NO,NO,NO,NO,NO,SI
4303,1,3001,923,923,SI,NO,NO,NO,NO,NO,NO,NO,NO,NO,NO,NO,NO,SI
4304,1,3049,925,925,NO,SI,NO,NO,NO,NO,SI,NO,NO,NO,NO,NO,NO,NO
4305,1,3001,908,908,SI,SI,NO,NO,NO,NO,NO,NO,NO,NO,NO,NO,NO,SI
4306,1,3038,720,720,NO,NO,NO,NO,NO,NO,NO,NO,NO,NO,NO,NO,NO,SI
4307,1,3045,880,880,NO,NO,NO,NO,NO,NO,NO,NO,NO,NO,NO,NO,NO,SI
4308,1,3005,934,934,SI,NO,NO,NO,NO,NO,NO,NO,NO,NO,NO,NO,NO,SI
4309,1,3032,865,865,NO,NO,NO,NO,NO,NO,NO,NO,NO,NO,NO,NO,NO,SI
4310,1,3044,850,850,NO,NO,NO,NO,NO,NO,NO,NO,NO,NO,NO,NO,NO,SI
4311,1,3034,911,911,SI,NO,NO,NO,NO,NO,NO,NO,NO,NO,NO,NO,NO,SI
4312,1,3001,924,924,SI,SI,NO,NO,NO,NO,NO,NO,NO,NO,NO,NO,NO,SI
4313,1,3056,891,891,NO,SI,NO,NO,NO,NO,NO,NO,NO,NO,NO,NO,NO,NO
4314,1,3049,916,916,NO,NO,NO,SI,NO,NO,NO,NO,NO,NO,NO,NO,NO,SI
4315,1,3008,936,936,NO,NO,NO,NO,NO,NO,NO,NO,NO,NO,NO,NO,NO,SI
4316,1,3044,895,895,SI,NO,NO,NO,NO,NO,NO,NO,NO,NO,NO,SI,NO,NO
4317,1,3008,927,927,SI,NO,NO,NO,NO,NO,NO,NO,NO,NO,NO,NO,NO,SI
4318,1,3001,913,913,NO,SI,NO,SI,NO,NO,NO,NO,NO,NO,NO,NO,NO,SI
4319,1,3056,747,747,SI,NO,NO,NO,NO,NO,NO,NO,NO,NO,NO,NO,NO,NO
4320,1,3001,886,886,NO,NO,NO,NO,NO,NO,NO,NO,NO,NO,NO,NO,NO,SI
4321,1,3032,753,753,SI,SI,NO,NO,NO,SI,NO,NO,NO,NO,NO,NO,NO,SI
4322,1,3005,922,922,NO,NO,NO,NO,NO,SI,NO,NO,NO,NO,NO,NO,NO,NO
4323,1,3045,938,938,SI,NO,SI,NO,NO,NO,NO,NO,NO,NO,NO,SI,NO,SI
4324,1,3005,916,916,SI,NO,NO,NO,NO,NO,NO,NO,NO,NO,NO,NO,NO,NO
4325,1,3046,919,919,SI,NO,NO,NO,NO,NO,NO,NO,NO,NO,NO,NO,NO,SI
4326,1,3018,793,793,NO,NO,NO,SI,NO,NO,NO,NO,NO,NO,NO,NO,NO,SI
4327,1,3018,794,794,NO,NO,NO,NO,SI,NO,NO,NO,NO,NO,SI,NO,NO,SI
4328,1,3008,931,931,NO,NO,NO,NO,NO,NO,NO,NO,NO,NO,NO,NO,NO,SI
4329,1,3050,724,724,SI,NO,NO,NO,NO,NO,NO,NO,NO,NO,NO,NO,NO,SI
4330,1,3008,901,901,SI,SI,NO,NO,NO,NO,NO,NO,NO,NO,NO,SI,NO,SI
4331,1,3028,840,840,SI,NO,NO,NO,NO,NO,NO,NO,NO,NO,NO,NO,NO,SI
4332,1,3007,803,803,SI,NO,NO,NO,NO,NO,NO,NO,NO,NO,NO,NO,NO,SI
4333,1,3002,719,719,SI,SI,NO,NO,NO,NO,NO,NO,NO,NO,NO,NO,NO,SI
4334,1,3001,913,913,SI,NO,NO,NO,NO,NO,NO,NO,NO,NO,NO,NO,NO,SI
4335,1,3024,825,825,NO,NO,NO,NO,NO,NO,NO,NO,NO,NO,NO,SI,NO,SI
4336,1,3039,709,709,SI,NO,NO,NO,SI,NO,NO,NO,NO,NO,NO,NO,NO,SI
4337,1,3049,929,929,NO,NO,NO,SI,NO,NO,NO,NO,NO,NO,NO,NO,NO,SI
4338,1,3001,950,950,NO,NO,NO,NO,NO,NO,NO,NO,NO,NO,NO,NO,NO,NO
4339,1,3049,917,917,NO,NO,NO,NO,NO,SI,NO,NO,NO,NO,NO,NO,NO,NO
4340,1,3034,941,941,NO,NO,NO,NO,NO,NO,NO,NO,NO,NO,NO,NO,NO,SI
4341,1,3048,766,766,NO,NO,NO,NO,NO,NO,NO,NO,NO,NO,NO,NO,NO,NO
4342,1,3001,932,932,NO,NO,NO,NO,NO,NO,NO,NO,NO,NO,NO,NO,NO,SI
4343,1,3055,841,841,NO,NO,NO,NO,NO,SI,NO,NO,NO,NO,NO,NO,NO,SI
4344,1,3008,942,942,SI,SI,NO,SI,NO,NO,NO,NO,NO,NO,NO,NO,NO,SI
4345,1,3045,942,942,SI,NO,NO,NO,NO,NO,NO,NO,NO,NO,NO,NO,NO,SI
4346,1,3022,717,717,NO,NO,NO,SI,NO,NO,NO,NO,NO,NO,NO,NO,NO,SI
4347,1,3056,767,767,SI,NO,NO,NO,NO,NO,NO,NO,NO,NO,NO,NO,NO,NO
4348,1,3049,874,874,NO,SI,NO,NO,NO,NO,NO,NO,NO,NO,NO,NO,NO,SI
4349,1,3006,826,826,SI,NO,NO,NO,NO,NO,NO,NO,NO,NO,NO,NO,NO,NO
4350,1,3038,786,786,NO,NO,NO,NO,NO,NO,NO,NO,NO,NO,NO,NO,NO,NO
4351,1,3039,869,869,NO,NO,NO,NO,NO,NO,NO,NO,NO,NO,NO,NO,NO,SI
4352,1,3005,922,922,SI,NO,NO,NO,NO,NO,NO,NO,NO,NO,NO,SI,NO,NO
4353,1,3050,851,851,NO,SI,NO,NO,NO,NO,NO,NO,NO,NO,NO,NO,NO,SI
4354,1,3008,906,906,NO,NO,NO,NO,NO,NO,NO,NO,NO,NO,NO,NO,NO,SI
4355,1,3039,883,883,NO,SI,NO,NO,NO,NO,NO,NO,NO,NO,NO,NO,NO,SI
4356,1,3049,908,908,SI,NO,NO,NO,NO,NO,NO,NO,NO,NO,NO,NO,NO,SI
4357,1,3045,916,916,NO,NO,NO,NO,NO,NO,NO,NO,NO,NO,NO,SI,NO,SI
4358,1,3019,771,771,SI,SI,NO,SI,NO,NO,NO,NO,NO,NO,NO,NO,NO,SI
4359,1,3017,651,651,NO,NO,NO,NO,NO,NO,NO,NO,NO,NO,NO,NO,NO,SI
4360,1,3026,699,699,NO,NO,NO,NO,NO,NO,NO,NO,NO,NO,NO,SI,NO,SI
4361,1,3048,804,804,SI,NO,NO,NO,NO,NO,NO,NO,NO,NO,NO,NO,NO,SI
4362,1,3010,737,737,NO,SI,NO,NO,NO,NO,NO,NO,NO,NO,NO,NO,NO,SI
4363,1,3046,893,893,SI,SI,NO,NO,NO,NO,NO,NO,NO,NO,NO,SI,NO,SI
4364,1,3031,822,822,SI,SI,NO,NO,SI,NO,NO,NO,NO,NO,NO,NO,NO,NO
4365,1,3045,946,946,NO,SI,NO,NO,NO,NO,NO,NO,NO,NO,NO,NO,NO,SI
4366,1,3034,925,925,SI,NO,NO,NO,NO,NO,NO,NO,NO,NO,NO,NO,NO,SI
4367,1,3034,898,898,NO,SI,NO,NO,NO,NO,NO,NO,NO,NO,NO,NO,NO,NO
4368,1,3013,753,753,NO,NO,NO,NO,NO,NO,NO,NO,NO,NO,NO,SI,NO,SI
4369,1,3001,907,907,SI,NO,NO,NO,NO,SI,NO,NO,NO,NO,NO,NO,NO,SI
4370,1,3011,867,867,NO,SI,NO,NO,NO,NO,NO,NO,NO,NO,NO,NO,NO,SI
4371,1,3008,949,949,NO,NO,NO,NO,NO,NO,NO,NO,NO,NO,NO,NO,NO,SI
4372,1,3049,897,897,NO,SI,NO,NO,NO,NO,NO,NO,NO,NO,NO,NO,NO,SI
4373,1,3003,777,777,NO,SI,NO,NO,NO,NO,NO,NO,NO,NO,NO,NO,NO,SI
4374,1,3049,883,883,NO,NO,NO,NO,NO,SI,NO,NO,NO,NO,NO,NO,NO,NO
4375,1,3045,929,929,NO,NO,NO,NO,NO,NO,NO,NO,NO,NO,NO,NO,NO,NO
4376,1,3008,908,908,NO,SI,NO,NO,NO,NO,NO,NO,NO,NO,NO,NO,NO,SI
4377,1,3011,807,807,NO,SI,NO,NO,NO,NO,NO,NO,NO,NO,NO,SI,NO,SI
4378,1,3004,803,803,SI,NO,NO,NO,NO,NO,NO,NO,NO,NO,NO,NO,NO,SI
4379,1,3043,799,799,NO,NO,NO,NO,NO,SI,NO,NO,NO,NO,NO,NO,NO,SI
4380,1,3035,690,690,NO,NO,NO,NO,NO,NO,NO,NO,NO,NO,NO,NO,NO,SI
4381,1,3022,778,778,SI,NO,NO,NO,NO,NO,NO,NO,NO,NO,NO,NO,NO,NO
4382,1,3001,896,896,SI,NO,NO,NO,NO,NO,NO,NO,NO,NO,NO,NO,NO,NO
4383,1,3049,882,882,NO,SI,NO,NO,NO,NO,NO,NO,NO,NO,NO,NO,NO,SI
4384,1,3005,983,983,NO,NO,NO,NO,NO,NO,NO,NO,NO,NO,NO,NO,NO,SI
4385,1,3021,710,710,NO,NO,NO,NO,NO,NO,NO,NO,NO,NO,NO,NO,NO,SI
4386,1,3005,934,934,NO,NO,NO,NO,NO,NO,NO,NO,NO,NO,NO,NO,NO,SI
4387,1,3008,908,908,NO,NO,NO,SI,NO,NO,NO,NO,NO,NO,NO,NO,NO,NO
4388,1,3045,961,961,SI,NO,NO,NO,NO,SI,NO,NO,NO,NO,NO,NO,NO,NO
4389,1,3049,898,898,NO,NO,NO,NO,NO,NO,NO,NO,NO,NO,NO,NO,NO,SI
4390,1,3032,754,754,SI,NO,NO,NO,NO,NO,NO,NO,NO,NO,NO,NO,NO,SI
4391,1,3008,952,952,NO,NO,NO,NO,NO,NO,NO,NO,NO,NO,NO,NO,NO,NO
4392,1,3045,889,889,NO,NO,NO,SI,NO,NO,NO,NO,NO,NO,NO,NO,NO,SI
4393,1,3009,728,728,NO,NO,NO,NO,NO,NO,NO,NO,NO,NO,NO,NO,SI,SI
4394,1,3046,967,967,NO,NO,NO,NO,NO,NO,NO,NO,NO,NO,NO,NO,NO,SI
4395,1,3034,982,982,NO,NO,NO,NO,NO,NO,NO,NO,NO,NO,NO,NO,NO,SI
4396,1,3011,739,739,NO,NO,NO,NO,NO,NO,NO,NO,NO,NO,NO,NO,NO,SI
4397,1,3008,950,950,NO,SI,NO,NO,NO,SI,NO,NO,NO,NO,NO,NO,NO,SI
4398,1,3008,886,886,SI,SI,NO,NO,NO,NO,NO,NO,NO,NO,NO,NO,NO,SI
4399,1,3049,945,945,SI,SI,NO,NO,NO,NO,NO,NO,NO,NO,NO,NO,NO,SI
4400,1,3034,943,943,NO,SI,NO,NO,NO,NO,NO,NO,NO,NO,NO,NO,NO,SI
4401,1,3045,906,906,NO,NO,NO,NO,NO,NO,NO,NO,NO,NO,NO,NO,NO,SI
4402,1,3008,901,901,NO,NO,NO,NO,NO,NO,NO,NO,NO,NO,NO,NO,NO,SI
4403,1,3017,738,738,SI,NO,NO,NO,NO,NO,NO,NO,NO,NO,NO,NO,NO,SI
4404,1,3005,961,961,NO,SI,NO,NO,NO,SI,NO,NO,NO,NO,NO,NO,NO,NO
4405,1,3045,941,941,NO,NO,NO,NO,NO,NO,NO,NO,NO,NO,NO,NO,NO,NO
4406,1,3008,913,913,SI,NO,NO,NO,SI,NO,NO,NO,NO,NO,NO,NO,NO,SI
4407,1,3008,904,904,NO,NO,NO,NO,NO,NO,NO,NO,NO,NO,NO,NO,NO,SI
4408,1,3046,878,878,NO,NO,NO,NO,NO,NO,NO,NO,NO,NO,NO,NO,NO,SI
4409,1,3038,1000,1000,NO,NO,NO,NO,NO,NO,NO,NO,NO,NO,NO,NO,NO,SI
4410,1,3038,927,927,NO,NO,NO,NO,NO,NO,NO,NO,NO,NO,NO,NO,NO,NO
4411,1,3045,942,942,SI,NO,NO,NO,NO,NO,NO,NO,NO,NO,NO,NO,NO,NO
4412,1,3001,931,931,SI,SI,NO,NO,NO,NO,NO,NO,NO,NO,NO,NO,NO,SI
4413,1,3001,1000,1000,NO,SI,NO,NO,NO,NO,NO,NO,NO,NO,NO,NO,NO,SI
4414,1,3005,933,933,NO,NO,NO,NO,SI,NO,NO,NO,NO,NO,NO,NO,NO,SI
4415,1,3028,690,690,NO,NO,NO,NO,NO,NO,NO,NO,NO,NO,NO,NO,NO,NO
4416,1,3012,825,825,NO,SI,NO,NO,NO,NO,NO,NO,NO,NO,NO,NO,NO,SI
4417,1,3051,775,775,SI,NO,NO,SI,SI,NO,NO,NO,NO,NO,NO,NO,NO,SI
4418,1,3046,925,925,NO,NO,NO,NO,NO,SI,NO,NO,NO,NO,NO,NO,NO,SI
4419,1,3028,770,770,NO,NO,NO,NO,NO,NO,NO,NO,NO,NO,NO,NO,NO,SI
4420,1,3008,902,902,NO,NO,NO,NO,NO,NO,NO,NO,NO,NO,NO,NO,NO,NO
4421,1,3045,964,964,SI,NO,NO,NO,NO,NO,NO,NO,NO,NO,NO,NO,NO,SI
4422,1,3033,845,845,NO,NO,NO,NO,NO,NO,NO,NO,NO,NO,NO,NO,SI,SI
4423,1,3034,905,905,NO,SI,NO,NO,NO,NO,NO,NO,NO,NO,NO,NO,NO,SI
4424,1,3020,848,848,NO,NO,NO,NO,NO,NO,NO,NO,NO,NO,NO,SI,NO,SI
4425,1,3002,672,672,SI,NO,NO,NO,NO,NO,NO,NO,NO,NO,NO,NO,NO,SI
4426,1,3049,934,934,NO,NO,NO,NO,NO,NO,NO,NO,NO,NO,NO,NO,NO,SI
4427,1,3038,774,774,NO,NO,NO,NO,NO,NO,NO,NO,NO,NO,NO,NO,NO,NO
4428,1,3049,936,936,NO,NO,NO,NO,NO,NO,NO,NO,NO,NO,NO,NO,NO,NO
4429,1,3035,789,789,NO,SI,NO,NO,NO,NO,NO,NO,NO,NO,NO,SI,NO,NO
4430,1,3015,810,810,SI,SI,NO,NO,NO,NO,NO,NO,NO,NO,NO,NO,NO,NO
4431,1,3005,964,964,SI,SI,NO,NO,NO,NO,NO,NO,NO,NO,NO,NO,NO,NO
4432,1,3045,965,965,NO,NO,NO,NO,NO,SI,NO,NO,NO,NO,NO,NO,NO,SI
4433,1,3036,773,773,SI,NO,NO,NO,NO,NO,NO,NO,NO,NO,NO,NO,NO,SI
4434,1,3023,866,866,NO,NO,NO,NO,NO,NO,NO,NO,NO,NO,NO,NO,NO,NO
4435,1,3046,905,905,NO,SI,SI,NO,NO,NO,NO,NO,NO,NO,NO,NO,NO,SI
4436,1,3034,924,924,NO,NO,NO,SI,NO,NO,NO,NO,NO,NO,NO,SI,NO,SI
4437,1,3055,699,699,NO,NO,NO,NO,NO,NO,NO,NO,NO,NO,NO,NO,NO,SI
4438,1,3005,908,908,SI,NO,NO,NO,NO,NO,NO,NO,NO,NO,NO,NO,NO,SI
4439,1,3030,735,735,NO,SI,NO,NO,NO,NO,NO,NO,NO,NO,NO,NO,NO,SI
4440,1,3046,912,912,NO,NO,NO,NO,NO,NO,NO,NO,NO,NO,NO,NO,NO,SI
4441,1,3005,908,908,NO,SI,NO,NO,SI,NO,NO,NO,NO,NO,NO,NO,NO,SI
4442,1,3047,636,636,NO,NO,NO,NO,NO,NO,NO,NO,NO,NO,NO,NO,NO,SI
4443,1,3053,732,732,NO,NO,NO,NO,NO,NO,NO,NO,NO,NO,NO,NO,NO,SI
4444,1,3008,924,924,NO,SI,NO,NO,NO,NO,NO,NO,NO,NO,NO,SI,NO,SI
4445,1,3045,1000,1000,SI,NO,NO,NO,NO,NO,NO,NO,NO,NO,NO,NO,NO,SI
4446,1,3049,929,929,SI,NO,NO,NO,NO,SI,NO,NO,NO,NO,NO,NO,NO,SI
4447,1,3008,950,950,SI,SI,NO,NO,NO,NO,NO,NO,NO,NO,NO,NO,NO,SI
4448,1,3049,908,908,SI,SI,NO,NO,NO,NO,NO,NO,NO,NO,NO,SI,NO,NO
4449,1,3024,890,890,NO,SI,NO,NO,NO,NO,NO,NO,NO,NO,NO,NO,NO,SI
4450,1,3033,718,718,NO,NO,NO,NO,NO,SI,NO,NO,NO,NO,NO,NO,NO,SI
4451,1,3016,722,722,SI,NO,NO,NO,NO,NO,NO,NO,NO,NO,NO,NO,NO,SI
4452,1,3045,943,943,SI,NO,NO,SI,NO,NO,SI,NO,NO,NO,NO,NO,NO,SI
4453,1,3034,930,930,SI,NO,NO,NO,NO,NO,NO,NO,NO,NO,NO,SI,NO,SI
4454,1,3022,685,685,NO,NO,NO,NO,NO,NO,NO,NO,NO,NO,NO,SI,NO,SI
4455,1,3045,966,966,SI,NO,NO,SI,NO,NO,NO,NO,NO,NO,NO,NO,NO,NO
4456,1,3045,952,952,NO,SI,NO,NO,NO,NO,NO,NO,NO,NO,NO,NO,NO,SI
4457,1,3046,926,926,NO,SI,NO,NO,NO,NO,NO,NO,NO,NO,NO,SI,NO,NO
4458,1,3008,966,966,SI,NO,NO,NO,NO,NO,NO,NO,NO,NO,NO,NO,NO,NO
4459,1,3008,947,947,NO,NO,NO,NO,NO,NO,NO,NO,NO,NO,NO,SI,NO,SI
4460,1,3046,910,910,NO,NO,SI,NO,NO,NO,NO,NO,NO,NO,NO,SI,NO,SI
4461,1,3003,735,735,NO,NO,NO,NO,NO,NO,NO,NO,NO,NO,NO,NO,NO,SI
4462,1,3005,915,915,SI,NO,NO,NO,NO,NO,NO,NO,NO,NO,NO,NO,NO,SI
4463,1,3007,812,812,SI,NO,NO,NO,NO,NO,NO,NO,NO,NO,NO,SI,NO,SI
4464,1,3039,758,758,NO,NO,NO,NO,NO,NO,NO,NO,NO,NO,NO,NO,NO,SI
4465,1,3045,941,941,NO,NO,NO,NO,NO,NO,NO,NO,NO,NO,NO,NO,NO,SI
4466,1,3045,910,910,SI,NO,NO,SI,NO,NO,NO,NO,NO,NO,NO,SI,NO,SI
4467,1,3034,937,937,NO,NO,NO,NO,NO,NO,NO,NO,NO,NO,NO,SI,NO,SI
4468,1,3008,942,942,SI,SI,NO,NO,NO,SI,NO,NO,NO,NO,NO,NO,NO,SI
4469,1,3016,832,832,SI,SI,NO,NO,NO,NO,NO,NO,NO,NO,NO,NO,NO,SI
4470,1,3002,778,778,SI,NO,NO,NO,NO,NO,NO,NO,NO,NO,NO,NO,NO,SI
4471,1,3047,709,709,NO,NO,NO,NO,NO,NO,NO,NO,NO,NO,NO,NO,NO,SI
4472,1,3037,820,820,NO,NO,NO,NO,NO,NO,NO,NO,NO,NO,NO,NO,NO,SI
4473,1,3036,704,704,NO,NO,NO,SI,NO,NO,NO,NO,NO,NO,NO,NO,NO,NO
4474,1,3001,944,944,NO,NO,NO,NO,NO,NO,NO,NO,NO,NO,NO,NO,NO,SI
4475,1,3008,953,953,SI,SI,NO,NO,NO,NO,NO,NO,NO,NO,NO,NO,NO,SI
4476,1,3056,705,705,SI,NO,NO,SI,NO,NO,NO,NO,NO,NO,NO,NO,NO,SI
4477,1,3008,923,923,SI,SI,NO,NO,NO,NO,NO,NO,NO,NO,NO,NO,NO,NO
4478,1,3045,963,963,SI,NO,NO,NO,SI,NO,NO,NO,NO,NO,NO,NO,NO,SI
4479,1,3006,820,820,NO,NO,NO,NO,SI,NO,NO,NO,NO,NO,NO,NO,NO,NO
4480,1,3051,905,905,NO,NO,NO,NO,NO,NO,NO,NO,NO,NO,NO,NO,NO,SI
4481,1,3045,909,909,SI,NO,NO,NO,NO,NO,NO,NO,NO,NO,NO,NO,NO,NO
4482,1,3036,844,844,NO,NO,NO,NO,NO,NO,NO,NO,NO,NO,NO,NO,NO,SI
4483,1,3001,938,938,NO,NO,NO,NO,NO,NO,NO,NO,NO,NO,NO,NO,NO,SI
4484,1,3001,950,950,SI,SI,NO,NO,NO,NO,NO,NO,NO,NO,NO,NO,NO,SI
4485,1,3001,982,982,NO,NO,NO,NO,NO,NO,NO,NO,NO,NO,NO,NO,NO,SI
4486,1,3056,775,775,SI,NO,NO,NO,NO,NO,NO,NO,NO,NO,NO,NO,NO,SI
4487,1,3007,694,694,SI,SI,NO,NO,NO,NO,NO,NO,NO,NO,NO,NO,NO,SI
4488,1,3003,829,829,SI,NO,NO,NO,NO,NO,NO,NO,NO,NO,NO,NO,NO,NO
4489,1,3005,926,926,NO,SI,NO,NO,NO,NO,NO,NO,NO,NO,NO,NO,NO,SI
4490,1,3005,916,916,NO,NO,NO,NO,NO,NO,NO,NO,NO,NO,NO,NO,NO,SI
4491,1,3049,865,865,NO,SI,NO,SI,NO,NO,NO,NO,NO,NO,NO,NO,NO,SI
4492,1,3001,891,891,NO,NO,NO,SI,NO,NO,NO,NO,NO,NO,NO,NO,NO,NO
4493,1,3017,832,832,SI,NO,NO,NO,NO,NO,NO,NO,NO,NO,NO,NO,NO,SI
4494,1,3055,745,745,NO,NO,NO,NO,NO,NO,NO,NO,NO,NO,NO,SI,NO,SI
4495,1,3012,692,692,SI,NO,NO,NO,NO,NO,NO,NO,NO,NO,NO,NO,NO,SI
4496,1,3049,894,894,SI,NO,NO,NO,NO,NO,NO,NO,NO,NO,NO,NO,NO,SI
4497,1,3004,853,853,NO,NO,NO,NO,NO,NO,NO,NO,NO,NO,NO,NO,NO,SI
4498,1,3045,931,931,NO,NO,NO,NO,NO,NO,NO,NO,NO,NO,NO,NO,NO,SI
4499,1,3014,820,820,SI,NO,NO,NO,NO,NO,NO,NO,NO,NO,NO,NO,NO,SI
4500,1,3043,802,802,SI,NO,NO,NO,NO,NO,NO,NO,NO,NO,NO,NO,NO,SI
4501,1,3026,804,804,NO,SI,NO,NO,NO,NO,NO,NO,NO,NO,NO,NO,NO,SI
4502,1,3049,957,957,NO,NO,NO,NO,NO,NO,NO,NO,NO,NO,NO,NO,NO,SI
4503,1,3001,915,915,SI,NO,NO,NO,NO,NO,NO,NO,NO,NO,NO,NO,NO,SI
4504,1,3045,925,925,NO,NO,NO,NO,NO,NO,NO,NO,NO,NO,NO,NO,NO,NO
4505,1,3036,763,763,SI,NO,NO,NO,NO,NO,NO,NO,NO,NO,NO,NO,NO,NO
4506,1,3049,958,958,NO,NO,NO,NO,NO,NO,NO,NO,NO,NO,NO,NO,NO,SI
4507,1,3034,924,924,SI,SI,NO,NO,NO,NO,NO,NO,NO,NO,NO,NO,NO,SI
4508,1,3046,886,886,NO,NO,NO,NO,NO,NO,NO,NO,NO,NO,NO,NO,NO,SI
4509,1,3019,762,762,NO,NO,SI,SI,NO,NO,NO,NO,NO,NO,NO,SI,NO,SI
4510,1,3005,948,948,SI,NO,NO,NO,NO,NO,NO,NO,NO,NO,NO,NO,NO,SI
4511,1,3039,783,783,NO,SI,NO,NO,SI,NO,NO,NO,NO,NO,NO,NO,NO,NO
4512,1,3034,941,941,NO,SI,NO,NO,NO,NO,NO,NO,NO,NO,NO,NO,NO,SI
4513,1,3005,899,899,NO,NO,NO,NO,NO,NO,NO,NO,NO,NO,NO,NO,NO,SI
4514,1,3045,914,914,SI,NO,NO,SI,NO,NO,NO,NO,NO,NO,NO,NO,NO,SI
4515,1,3045,887,887,NO,SI,NO,NO,NO,SI,NO,NO,NO,NO,NO,NO,NO,SI
4516,1,3046,962,962,NO,SI,NO,NO,NO,NO,NO,NO,NO,NO,NO,SI,NO,SI
4517,1,3049,957,957,NO,NO,NO,NO,NO,NO,SI,NO,NO,NO,NO,NO,NO,SI
4518,1,3040,802,802,NO,NO,NO,NO,NO,NO,NO,NO,NO,NO,NO,SI,NO,SI
4519,1,3016,761,761,SI,SI,NO,NO,NO,NO,NO,NO,NO,NO,NO,NO,NO,SI
4520,1,3020,706,706,SI,SI,NO,NO,NO,NO,NO,NO,NO,NO,NO,NO,NO,SI
4521,1,3011,766,766,NO,NO,NO,NO,NO,NO,SI,NO,NO,NO,NO,NO,NO,SI
4522,1,3023,685,685,NO,SI,NO,NO,NO,NO,NO,NO,NO,NO,NO,NO,NO,SI
4523,1,3046,965,965,NO,NO,NO,NO,NO,NO,NO,NO,NO,NO,NO,NO,SI,NO
4524,1,3017,813,813,NO,NO,NO,NO,NO,NO,NO,NO,NO,NO,NO,SI,NO,SI
4525,1,3001,923,923,NO,NO,NO,NO,NO,NO,NO,NO,NO,NO,NO,SI,NO,SI
4526,1,3008,878,878,NO,NO,NO,NO,NO,NO,NO,NO,NO,NO,NO,NO,NO,NO
4527,1,3005,887,887,SI,SI,NO,NO,NO,NO,NO,NO,NO,NO,NO,NO,NO,SI
4528,1,3026,735,735,NO,NO,NO,NO,NO,NO,NO,NO,NO,NO,NO,NO,NO,SI
4529,1,3005,932,932,NO,SI,NO,NO,NO,NO,NO,NO,NO,NO,NO,NO,NO,SI
4530,1,3046,941,941,NO,NO,NO,NO,NO,NO,NO,NO,NO,NO,NO,NO,NO,SI
4531,1,3008,948,948,NO,NO,NO,NO,NO,NO,NO,NO,NO,NO,NO,NO,NO,SI
4532,1,3033,793,793,SI,SI,NO,NO,SI,NO,NO,NO,NO,NO,NO,NO,NO,SI
4533,1,3047,750,750,SI,SI,NO,SI,NO,NO,NO,NO,NO,NO,NO,NO,NO,SI
4534,1,3045,905,905,SI,NO,NO,NO,NO,NO,NO,NO,NO,NO,NO,NO,NO,SI
4535,1,3042,632,632,NO,NO,NO,NO,NO,NO,NO,NO,NO,NO,NO,SI,NO,NO
4536,1,3034,934,934,SI,SI,NO,NO,NO,NO,NO,NO,NO,NO,NO,NO,NO,SI
4537,1,3001,913,913,NO,NO,NO,NO,NO,NO,NO,NO,NO,NO,NO,NO,NO,SI
4538,1,3007,615,615,NO,NO,NO,NO,NO,NO,NO,NO,NO,NO,NO,NO,NO,NO
4539,1,3049,937,937,NO,NO,NO,NO,NO,NO,NO,NO,NO,NO,NO,NO,NO,SI
4540,1,3049,901,901,NO,NO,NO,NO,NO,NO,NO,NO,NO,NO,NO,SI,NO,NO
4541,1,3001,924,924,NO,NO,NO,NO,NO,NO,NO,NO,NO,NO,NO,NO,NO,SI
4542,1,3054,874,874,SI,NO,NO,NO,NO,NO,NO,NO,NO,NO,NO,NO,NO,SI
4543,1,3015,816,816,SI,SI,NO,NO,NO,NO,NO,NO,NO,NO,NO,NO,NO,NO
4544,1,3046,922,922,SI,SI,NO,NO,NO,NO,NO,NO,NO,NO,NO,NO,NO,SI
4545,1,3019,745,745,NO,NO,NO,SI,NO,NO,NO,NO,NO,NO,NO,NO,NO,SI
4546,1,3005,951,951,NO,NO,NO,NO,NO,NO,NO,NO,NO,NO,NO,NO,NO,SI
4547,1,3045,932,932,NO,NO,NO,NO,NO,NO,NO,NO,NO,NO,NO,NO,NO,SI
4548,1,3046,949,949,NO,SI,NO,NO,NO,NO,NO,NO,NO,NO,NO,NO,NO,SI
4549,1,3046,933,933,NO,NO,NO,NO,NO,NO,NO,NO,NO,NO,NO,NO,NO,NO
4550,1,3040,600,600,SI,NO,NO,NO,NO,NO,NO,NO,NO,NO,NO,NO,NO,SI
4551,1,3052,739,739,NO,NO,NO,NO,NO,NO,NO,NO,NO,NO,NO,NO,NO,SI
4552,1,3005,923,923,SI,NO,NO,NO,NO,NO,NO,NO,NO,NO,NO,SI,NO,SI
4553,1,3029,757,757,SI,NO,NO,NO,NO,NO,NO,NO,NO,NO,NO,NO,NO,SI
4554,1,3046,948,948,SI,NO,NO,NO,NO,NO,NO,NO,NO,NO,NO,NO,NO,SI
4555,1,3049,880,880,NO,SI,NO,NO,NO,NO,NO,NO,NO,NO,NO,NO,NO,SI
4556,1,3008,1000,1000,SI,SI,NO,NO,NO,NO,NO,NO,NO,NO,NO,NO,NO,SI
4557,1,3016,810,810,NO,NO,NO,NO,NO,NO,NO,NO,NO,NO,NO,NO,NO,NO
4558,1,3005,919,919,SI,NO,NO,NO,NO,NO,NO,NO,NO,NO,NO,NO,NO,SI
4559,1,3034,924,924,NO,SI,NO,NO,NO,NO,NO,NO,NO,NO,NO,NO,NO,SI
4560,1,3048,770,770,SI,NO,NO,NO,SI,NO,NO,NO,NO,NO,NO,NO,NO,SI
4561,1,3001,916,916,SI,NO,NO,NO,NO,NO,NO,NO,NO,NO,NO,NO,NO,SI
4562,1,3019,717,717,NO,NO,NO,NO,NO,NO,NO,NO,NO,NO,NO,NO,NO,SI
4563,1,3031,811,811,NO,NO,NO,NO,NO,NO,NO,NO,NO,NO,NO,NO,NO,SI
4564,1,3044,934,934,SI,SI,NO,NO,SI,NO,NO,NO,NO,NO,NO,NO,NO,SI
4565,1,3005,974,974,NO,NO,NO,NO,NO,NO,NO,NO,NO,NO,NO,NO,NO,SI
4566,1,3005,910,910,NO,NO,NO,NO,NO,NO,NO,NO,NO,NO,NO,NO,NO,NO
4567,1,3005,951,951,NO,NO,NO,NO,NO,NO,NO,NO,NO,NO,NO,NO,NO,SI
4568,1,3001,923,923,NO,NO,NO,NO,NO,SI,NO,NO,NO,NO,NO,NO,NO,SI
4569,1,3001,924,924,SI,NO,NO,NO,NO,NO,NO,NO,NO,NO,NO,NO,NO,SI
4570,1,3001,918,918,NO,NO,NO,SI,NO,NO,NO,NO,NO,NO,NO,SI,NO,NO
4571,1,3045,875,875,NO,NO,NO,SI,NO,NO,NO,NO,NO,NO,NO,NO,NO,SI
4572,1,3007,755,755,NO,NO,NO,NO,NO,NO,NO,NO,NO,NO,NO,NO,NO,SI
4573,1,3034,942,942,SI,NO,NO,NO,NO,NO,NO,SI,NO,NO,NO,NO,NO,SI
4574,1,3034,942,942,NO,NO,NO,SI,SI,NO,NO,NO,NO,NO,NO,SI,NO,NO
4575,1,3046,963,963,SI,SI,NO,NO,NO,NO,NO,NO,NO,NO,NO,NO,NO,SI
4576,1,3031,703,703,SI,NO,NO,NO,NO,NO,NO,NO,NO,NO,NO,NO,NO,SI
4577,1,3017,700,700,SI,NO,NO,NO,NO,NO,NO,NO,NO,NO,NO,NO,NO,NO
4578,1,3016,802,802,SI,NO,NO,NO,NO,NO,NO,NO,NO,NO,NO,NO,NO,SI
4579,1,3046,920,920,NO,NO,NO,NO,NO,NO,NO,NO,NO,NO,NO,NO,NO,SI
4580,1,3049,885,885,NO,NO,NO,NO,NO,NO,NO,NO,NO,NO,NO,NO,NO,SI
4581,1,3046,920,920,SI,SI,NO,NO,NO,NO,NO,NO,NO,NO,NO,NO,NO,SI
4582,1,3045,913,913,NO,SI,NO,NO,NO,NO,NO,NO,NO,NO,NO,NO,NO,NO
4583,1,3042,867,867,NO,NO,NO,NO,NO,NO,NO,NO,NO,NO,NO,NO,NO,NO
4584,1,3011,776,776,NO,NO,NO,NO,NO,NO,NO,NO,NO,NO,NO,NO,NO,SI
4585,1,3001,880,880,NO,NO,NO,NO,NO,NO,NO,NO,NO,NO,NO,SI,NO,SI
4586,1,3053,732,732,SI,NO,NO,NO,NO,NO,NO,NO,NO,NO,NO,NO,NO,SI
4587,1,3020,849,849,NO,NO,NO,NO,NO,NO,NO,NO,NO,NO,NO,NO,NO,SI
4588,1,3005,986,986,NO,NO,NO,NO,NO,NO,NO,NO,NO,NO,NO,SI,NO,SI
4589,1,3006,720,720,NO,SI,NO,NO,NO,NO,NO,NO,NO,NO,NO,NO,NO,SI
4590,1,3008,872,872,SI,NO,NO,NO,NO,NO,NO,NO,NO,NO,NO,NO,SI,SI
4591,1,3008,966,966,SI,NO,NO,NO,NO,NO,NO,NO,NO,NO,NO,NO,NO,NO
4592,1,3045,947,947,NO,NO,NO,NO,NO,NO,NO,SI,NO,NO,NO,NO,NO,SI
4593,1,3049,972,972,NO,SI,NO,NO,NO,NO,NO,NO,NO,NO,NO,NO,NO,SI
4594,1,3034,855,855,SI,NO,NO,NO,NO,NO,NO,NO,NO,NO,NO,NO,NO,NO
4595,1,3044,837,837,NO,NO,NO,NO,NO,NO,NO,NO,NO,NO,NO,NO,NO,SI
4596,1,3020,861,861,NO,NO,NO,NO,NO,NO,SI,NO,NO,NO,NO,NO,NO,NO
4597,1,3001,911,911,SI,NO,NO,NO,NO,NO,NO,NO,NO,NO,NO,NO,NO,SI
4598,1,3001,964,964,NO,SI,NO,NO,NO,NO,NO,NO,NO,NO,NO,NO,NO,SI
4599,1,3047,686,686,NO,NO,NO,NO,NO,NO,NO,NO,NO,NO,NO,NO,NO,SI
4600,1,3012,766,766,SI,NO,NO,NO,NO,NO,NO,NO,NO,NO,NO,NO,NO,SI
4601,1,3006,806,806,SI,NO,NO,NO,NO,SI,NO,NO,NO,NO,NO,NO,NO,NO
4602,1,3025,682,682,SI,NO,NO,NO,NO,SI,NO,NO,NO,NO,NO,NO,NO,SI
4603,1,3007,787,787,NO,NO,NO,NO,NO,NO,NO,NO,NO,NO,NO,NO,NO,SI
4604,1,3050,710,710,SI,NO,NO,NO,NO,NO,NO,NO,NO,NO,NO,NO,NO,SI
4605,1,3046,923,923,NO,NO,NO,SI,NO,NO,NO,NO,NO,NO,NO,NO,NO,SI
4606,1,3022,690,690,NO,NO,NO,NO,NO,NO,NO,NO,NO,NO,NO,NO,NO,NO
4607,1,3049,965,965,SI,SI,NO,NO,NO,NO,NO,NO,NO,NO,NO,SI,NO,SI
4608,1,3015,793,793,NO,NO,NO,NO,NO,SI,NO,NO,NO,NO,NO,NO,NO,NO
4609,1,3001,888,888,NO,NO,NO,NO,NO,NO,NO,NO,NO,NO,NO,NO,NO,SI
4610,1,3049,956,956,NO,SI,NO,NO,NO,NO,NO,NO,NO,NO,NO,NO,NO,NO
4611,1,3005,839,839,SI,SI,NO,NO,NO,NO,NO,NO,NO,NO,NO,NO,NO,SI
4612,1,3046,943,943,NO,NO,NO,NO,NO,SI,NO,NO,NO,NO,NO,NO,NO,SI
4613,1,3052,799,799,SI,SI,NO,NO,NO,NO,NO,NO,NO,NO,NO,NO,NO,NO
4614,1,3008,928,928,SI,NO,NO,NO,NO,NO,NO,NO,NO,NO,NO,NO,NO,SI
4615,1,3045,883,883,SI,SI,NO,NO,NO,NO,NO,NO,NO,NO,NO,NO,NO,SI
4616,1,3045,900,900,SI,NO,NO,NO,NO,NO,SI,NO,NO,NO,NO,SI,NO,SI
4617,1,3029,740,740,SI,SI,NO,NO,NO,NO,NO,NO,NO,NO,NO,SI,NO,SI
4618,1,3005,862,862,SI,NO,NO,NO,NO,NO,NO,NO,NO,NO,NO,NO,NO,SI
4619,1,3054,846,846,NO,SI,NO,NO,NO,NO,NO,NO,NO,NO,NO,NO,NO,SI
4620,1,3023,774,774,NO,SI,NO,NO,NO,NO,NO,NO,NO,NO,NO,NO,NO,NO
4621,1,3046,931,931,NO,NO,NO,NO,SI,SI,NO,NO,NO,NO,NO,SI,NO,SI
4622,1,3032,747,747,NO,SI,NO,SI,NO,NO,NO,NO,NO,NO,NO,NO,NO,SI
4623,1,3046,931,931,NO,NO,NO,NO,NO,NO,NO,NO,NO,NO,NO,NO,NO,SI
4624,1,3046,997,997,SI,NO,NO,NO,NO,NO,NO,NO,NO,NO,NO,NO,NO,SI
4625,1,3012,858,858,SI,NO,NO,NO,NO,NO,NO,NO,NO,NO,NO,NO,NO,NO
4626,1,3045,957,957,NO,SI,NO,NO,NO,NO,NO,NO,NO,NO,NO,NO,NO,SI
4627,1,3008,903,903,SI,NO,NO,NO,NO,NO,NO,NO,NO,NO,NO,NO,NO,SI
4628,1,3031,1000,1000,NO,SI,NO,SI,NO,NO,NO,NO,NO,NO,NO,NO,NO,SI
4629,1,3051,907,907,SI,NO,NO,NO,NO,NO,NO,NO,NO,NO,NO,NO,NO,SI
4630,1,3008,956,956,NO,SI,NO,NO,NO,NO,NO,NO,NO,NO,NO,NO,NO,SI
4631,1,3022,735,735,NO,NO,NO,NO,NO,NO,NO,NO,NO,NO,NO,NO,SI,SI
4632,1,3045,972,972,NO,NO,NO,NO,SI,NO,NO,NO,NO,NO,NO,SI,NO,SI
4633,1,3046,900,900,NO,NO,NO,NO,NO,NO,NO,NO,NO,NO,NO,NO,NO,NO
4634,1,3021,788,788,SI,NO,NO,NO,NO,NO,NO,NO,NO,NO,NO,NO,NO,NO
4635,1,3005,900,900,SI,NO,NO,NO,NO,NO,NO,NO,NO,NO,NO,NO,NO,SI
4636,1,3001,909,909,SI,SI,NO,SI,NO,NO,NO,NO,NO,NO,NO,NO,NO,SI
4637,1,3011,735,735,SI,NO,NO,NO,SI,NO,NO,NO,NO,NO,NO,NO,NO,SI
4638,1,3049,962,962,NO,NO,NO,NO,NO,NO,NO,NO,NO,NO,NO,NO,NO,SI
4639,1,3007,785,785,SI,SI,NO,NO,NO,NO,NO,NO,NO,NO,NO,NO,NO,SI
4640,1,3005,915,915,NO,NO,NO,NO,NO,NO,NO,NO,NO,NO,NO,NO,NO,SI
4641,1,3008,954,954,NO,SI,NO,SI,NO,NO,NO,NO,NO,NO,NO,NO,NO,SI
4642,1,3001,897,897,NO,NO,NO,NO,NO,NO,NO,NO,NO,NO,NO,NO,NO,SI
4643,1,3034,921,921,NO,SI,NO,NO,NO,NO,NO,NO,NO,NO,NO,NO,NO,SI
4644,1,3005,939,939,SI,SI,NO,NO,NO,NO,NO,NO,NO,NO,NO,NO,NO,SI
4645,1,3037,830,830,SI,SI,NO,NO,SI,SI,NO,NO,NO,NO,NO,NO,NO,NO
4646,1,3001,903,903,SI,SI,NO,SI,NO,NO,NO,NO,NO,NO,NO,NO,NO,SI
4647,1,3005,914,914,NO,NO,NO,NO,NO,NO,NO,NO,NO,NO,NO,NO,NO,SI
4648,1,3040,854,854,NO,NO,NO,NO,NO,NO,NO,NO,NO,NO,NO,NO,NO,NO
4649,1,3034,921,921,NO,NO,NO,NO,NO,NO,NO,NO,NO,NO,NO,SI,NO,SI
4650,1,3034,940,940,SI,SI,NO,NO,SI,NO,NO,NO,NO,NO,NO,NO,NO,SI
4651,1,3023,723,723,SI,SI,NO,NO,NO,NO,NO,NO,NO,NO,NO,NO,NO,SI
4652,1,3045,938,938,SI,SI,NO,SI,NO,NO,NO,NO,NO,NO,NO,NO,NO,SI
4653,1,3016,735,735,SI,NO,NO,SI,NO,NO,NO,NO,NO,NO,NO,NO,NO,SI
4654,1,3045,949,949,NO,NO,NO,NO,NO,NO,NO,NO,NO,NO,NO,NO,NO,NO
4655,1,3008,882,882,NO,SI,NO,NO,NO,NO,NO,NO,NO,NO,NO,NO,NO,SI
4656,1,3049,963,963,NO,NO,NO,NO,NO,NO,NO,NO,NO,NO,NO,NO,NO,SI
4657,1,3010,815,815,NO,NO,NO,NO,NO,NO,NO,NO,NO,NO,NO,NO,NO,SI
4658,1,3005,942,942,SI,NO,NO,NO,NO,NO,NO,NO,NO,NO,NO,NO,NO,SI
4659,1,3034,949,949,NO,NO,NO,NO,NO,NO,NO,NO,NO,NO,NO,NO,NO,SI
4660,1,3034,936,936,NO,NO,NO,NO,NO,NO,NO,NO,NO,NO,NO,NO,NO,SI
4661,1,3003,816,816,SI,NO,NO,SI,NO,NO,NO,NO,NO,NO,NO,NO,NO,SI
4662,1,3007,843,843,SI,SI,NO,SI,NO,SI,NO,NO,NO,NO,NO,NO,NO,SI
4663,1,3034,974,974,SI,SI,NO,NO,NO,NO,NO,NO,NO,NO,NO,SI,NO,SI
4664,1,3046,885,885,NO,NO,NO,NO,NO,NO,NO,NO,NO,NO,NO,NO,NO,NO
4665,1,3034,885,885,SI,SI,NO,NO,NO,NO,NO,NO,NO,NO,NO,NO,NO,SI
4666,1,3005,942,942,NO,NO,NO,NO,NO,NO,NO,NO,NO,NO,NO,NO,NO,NO
4667,1,3049,900,900,NO,NO,NO,NO,NO,NO,NO,NO,NO,NO,NO,NO,NO,SI
4668,1,3001,941,941,NO,NO,NO,NO,NO,NO,NO,NO,NO,NO,NO,NO,NO,SI
4669,1,3046,951,951,SI,NO,NO,NO,NO,NO,NO,NO,NO,NO,NO,NO,NO,SI
4670,1,3046,954,954,NO,NO,NO,NO,NO,NO,NO,NO,NO,NO,NO,NO,NO,SI
4671,1,3005,908,908,SI,NO,NO,SI,NO,NO,NO,NO,NO,NO,NO,SI,NO,NO
4672,1,3005,925,925,SI,NO,NO,NO,NO,NO,NO,NO,NO,NO,NO,NO,NO,SI
4673,1,3005,961,961,NO,NO,NO,NO,NO,NO,NO,NO,NO,NO,NO,NO,NO,SI
4674,1,3034,928,928,SI,NO,NO,NO,SI,NO,NO,NO,NO,NO,NO,NO,NO,NO
4675,1,3001,909,909,SI,NO,NO,NO,NO,NO,NO,NO,NO,NO,NO,NO,NO,SI
4676,1,3052,812,812,NO,NO,NO,NO,SI,NO,NO,NO,NO,NO,NO,NO,NO,SI
4677,1,3005,937,937,NO,NO,NO,NO,NO,NO,NO,NO,NO,NO,NO,NO,NO,SI
4678,1,3008,1000,1000,NO,NO,NO,NO,NO,NO,NO,NO,NO,NO,NO,NO,NO,SI
4679,1,3019,701,701,SI,NO,NO,NO,NO,NO,NO,NO,NO,NO,NO,NO,NO,SI
4680,1,3008,938,938,SI,SI,NO,NO,NO,NO,NO,NO,NO,NO,NO,NO,NO,SI
4681,1,3001,972,972,NO,SI,NO,NO,NO,NO,NO,NO,NO,NO,NO,NO,NO,SI
4682,1,3023,869,869,SI,NO,NO,NO,NO,NO,NO,NO,NO,NO,NO,NO,NO,NO
4683,1,3005,884,884,NO,NO,NO,SI,NO,NO,NO,NO,NO,NO,NO,NO,NO,NO
4684,1,3049,906,906,SI,NO,NO,NO,NO,NO,NO,NO,NO,NO,NO,NO,NO,SI
4685,1,3051,804,804,NO,NO,NO,NO,NO,NO,NO,NO,NO,NO,NO,SI,NO,SI
4686,1,3046,963,963,NO,NO,NO,NO,NO,NO,NO,NO,NO,NO,NO,NO,NO,SI
4687,1,3035,711,711,NO,NO,NO,NO,NO,NO,NO,NO,NO,NO,NO,NO,NO,SI
4688,1,3005,944,944,SI,SI,NO,NO,SI,NO,NO,NO,NO,NO,NO,NO,NO,SI
4689,1,3044,883,883,NO,SI,NO,NO,NO,SI,NO,NO,NO,NO,NO,SI,NO,NO
4690,1,3001,897,897,NO,SI,NO,NO,SI,NO,NO,NO,NO,NO,NO,NO,NO,SI
4691,1,3009,781,781,SI,SI,NO,SI,NO,NO,NO,NO,NO,NO,NO,NO,NO,SI
4692,1,3001,940,940,NO,NO,NO,NO,NO,NO,NO,NO,NO,NO,NO,NO,NO,SI
4693,1,3034,932,932,SI,NO,NO,NO,NO,NO,NO,NO,NO,NO,NO,NO,NO,SI
4694,1,3008,946,946,SI,NO,NO,NO,NO,NO,NO,NO,NO,NO,NO,NO,NO,SI
4695,1,3015,816,816,NO,NO,NO,NO,NO,NO,NO,NO,NO,NO,NO,NO,NO,SI
4696,1,3034,1000,1000,NO,NO,NO,SI,NO,NO,NO,NO,NO,NO,NO,NO,NO,NO
4697,1,3046,983,983,NO,SI,NO,NO,NO,SI,NO,NO,NO,NO,NO,NO,NO,NO
4698,1,3008,987,987,SI,NO,NO,NO,NO,NO,NO,NO,NO,NO,NO,SI,NO,NO
4699,1,3034,925,925,NO,NO,NO,NO,NO,NO,NO,NO,NO,NO,NO,NO,NO,SI
4700,1,3028,660,660,SI,NO,NO,NO,NO,NO,NO,NO,NO,NO,NO,NO,SI,SI
4701,1,3037,741,741,SI,SI,NO,NO,NO,NO,NO,NO,NO,NO,NO,NO,NO,SI
4702,1,3035,753,753,NO,SI,NO,NO,NO,NO,NO,NO,NO,NO,NO,NO,NO,SI
4703,1,3001,896,896,NO,NO,NO,NO,NO,NO,NO,NO,NO,NO,NO,NO,NO,SI
4704,1,3004,707,707,SI,SI,NO,NO,NO,NO,NO,NO,NO,NO,NO,NO,NO,SI
4705,1,3033,968,968,NO,SI,NO,NO,NO,NO,NO,NO,NO,NO,NO,NO,NO,SI
4706,1,3008,954,954,SI,SI,NO,NO,NO,NO,NO,NO,NO,NO,NO,NO,NO,SI
4707,1,3034,945,945,NO,NO,NO,NO,NO,NO,NO,NO,NO,NO,NO,NO,NO,NO
4708,1,3008,907,907,SI,NO,NO,NO,NO,NO,NO,NO,NO,NO,NO,NO,NO,SI
4709,1,3056,990,990,NO,NO,NO,NO,NO,NO,NO,NO,NO,NO,NO,SI,NO,SI
4710,1,3037,841,841,SI,NO,NO,NO,NO,NO,NO,NO,NO,NO,NO,NO,NO,NO
4711,1,3042,779,779,SI,NO,NO,NO,NO,NO,NO,NO,NO,NO,NO,NO,NO,SI
4712,1,3005,841,841,NO,NO,NO,NO,SI,NO,NO,NO,NO,SI,SI,NO,NO,SI
4713,1,3024,763,763,SI,NO,NO,NO,NO,NO,NO,NO,NO,NO,NO,NO,NO,NO
4714,1,3041,946,946,NO,NO,NO,NO,NO,NO,NO,NO,NO,NO,NO,NO,NO,SI
4715,1,3001,934,934,SI,NO,NO,NO,NO,NO,NO,NO,NO,NO,NO,NO,NO,SI
4716,1,3005,927,927,NO,NO,NO,NO,NO,NO,NO,NO,NO,NO,NO,NO,NO,SI
4717,1,3034,939,939,SI,NO,NO,NO,NO,NO,NO,NO,NO,NO,NO,NO,NO,SI
4718,1,3046,895,895,SI,SI,NO,NO,NO,NO,NO,NO,NO,NO,NO,NO,SI,SI
4719,1,3008,1000,1000,SI,NO,NO,NO,NO,NO,NO,NO,NO,NO,NO,NO,NO,SI
4720,1,3031,683,683,NO,NO,NO,NO,NO,NO,NO,NO,NO,NO,NO,NO,NO,SI
4721,1,3001,940,940,SI,NO,NO,NO,NO,NO,NO,NO,NO,NO,NO,NO,NO,NO
4722,1,3023,744,744,SI,SI,NO,NO,NO,NO,NO,NO,NO,NO,NO,NO,NO,NO
4723,1,3033,777,777,NO,NO,NO,NO,NO,NO,NO,NO,NO,NO,NO,SI,NO,SI
4724,1,3045,936,936,NO,NO,NO,NO,NO,NO,NO,NO,NO,NO,NO,NO,NO,SI
4725,1,3043,710,710,NO,NO,NO,NO,NO,NO,NO,NO,NO,NO,SI,NO,NO,NO
4726,1,3051,788,788,NO,NO,NO,NO,NO,SI,SI,NO,NO,NO,NO,NO,NO,NO
4727,1,3034,869,869,SI,SI,NO,NO,NO,NO,NO,NO,NO,NO,NO,NO,SI,SI
4728,1,3042,689,689,NO,NO,NO,NO,NO,NO,NO,NO,NO,NO,NO,SI,NO,SI
4729,1,3049,934,934,NO,NO,NO,NO,NO,NO,NO,NO,NO,NO,NO,NO,NO,SI
4730,1,3046,930,930,NO,NO,NO,NO,NO,NO,NO,NO,NO,NO,NO,SI,NO,SI
4731,1,3053,848,848,NO,NO,NO,NO,SI,NO,NO,NO,NO,NO,NO,NO,NO,NO
4732,1,3022,786,786,SI,NO,NO,NO,NO,NO,NO,NO,NO,NO,NO,NO,NO,NO
4733,1,3054,840,840,NO,NO,NO,NO,NO,NO,NO,NO,NO,NO,NO,NO,NO,SI
4734,1,3049,906,906,NO,SI,NO,NO,NO,NO,NO,NO,NO,NO,NO,NO,NO,SI
4735,1,3012,684,684,SI,NO,NO,NO,NO,NO,NO,NO,NO,NO,NO,NO,NO,SI
4736,1,3045,971,971,SI,SI,NO,NO,NO,NO,NO,NO,NO,NO,NO,SI,NO,SI
4737,1,3012,764,764,NO,NO,NO,NO,NO,SI,NO,NO,NO,NO,NO,NO,NO,SI
4738,1,3008,916,916,NO,NO,NO,NO,NO,NO,NO,NO,NO,NO,NO,NO,NO,SI
4739,1,3008,938,938,NO,NO,NO,NO,NO,NO,NO,NO,NO,NO,NO,NO,SI,SI
4740,1,3015,770,770,NO,NO,NO,NO,NO,NO,NO,NO,NO,NO,NO,NO,NO,SI
4741,1,3028,725,725,NO,NO,NO,NO,NO,NO,NO,NO,NO,NO,NO,NO,NO,SI
4742,1,3054,774,774,SI,SI,NO,NO,NO,NO,NO,NO,NO,NO,NO,SI,NO,SI
4743,1,3035,884,884,NO,NO,NO,NO,NO,NO,NO,NO,NO,NO,NO,NO,NO,SI
4744,1,3046,890,890,NO,SI,NO,NO,NO,NO,NO,NO,NO,NO,NO,NO,NO,SI
4745,1,3001,970,970,NO,NO,NO,SI,NO,NO,NO,NO,NO,NO,NO,NO,NO,SI
4746,1,3008,920,920,SI,NO,NO,NO,NO,NO,NO,NO,NO,NO,NO,SI,NO,SI
4747,1,3049,945,945,NO,NO,NO,SI,NO,NO,NO,NO,NO,NO,NO,NO,NO,SI
4748,1,3008,929,929,SI,NO,NO,NO,NO,SI,NO,NO,NO,NO,NO,SI,NO,SI
4749,1,3042,644,644,NO,SI,NO,NO,NO,NO,NO,NO,NO,NO,NO,NO,NO,SI
4750,1,3038,921,921,SI,SI,NO,NO,NO,NO,NO,NO,NO,NO,NO,SI,NO,NO
4751,1,3005,906,906,NO,SI,NO,NO,NO,NO,NO,NO,NO,NO,NO,NO,NO,NO
4752,1,3045,921,921,NO,NO,NO,NO,NO,NO,NO,NO,NO,NO,NO,NO,NO,SI
4753,1,3008,955,955,NO,NO,NO,NO,NO,NO,NO,NO,NO,NO,NO,NO,NO,SI
4754,1,3045,966,966,NO,NO,NO,NO,NO,NO,NO,NO,NO,NO,NO,NO,NO,NO
4755,1,3008,971,971,SI,NO,NO,NO,NO,NO,NO,NO,NO,NO,NO,NO,NO,SI
4756,1,3005,958,958,NO,NO,SI,NO,NO,NO,NO,NO,NO,NO,NO,NO,NO,SI
4757,1,3046,967,967,NO,SI,NO,NO,SI,NO,NO,NO,NO,NO,NO,SI,NO,SI
4758,1,3002,854,854,SI,NO,NO,NO,NO,SI,NO,NO,NO,NO,NO,NO,NO,SI
4759,1,3049,907,907,NO,NO,NO,NO,NO,SI,NO,NO,NO,NO,NO,NO,NO,NO
4760,1,3001,920,920,NO,NO,NO,NO,NO,NO,NO,NO,NO,NO,NO,NO,NO,SI
4761,1,3019,757,757,NO,SI,NO,NO,NO,NO,NO,NO,NO,NO,NO,NO,NO,SI
4762,1,3001,896,896,SI,SI,NO,NO,NO,NO,NO,NO,NO,NO,NO,NO,NO,SI
4763,1,3037,692,692,SI,NO,NO,NO,NO,NO,NO,NO,NO,NO,NO,NO,NO,SI
4764,1,3045,897,897,SI,NO,NO,NO,NO,NO,NO,NO,NO,NO,NO,SI,NO,SI
4765,1,3018,651,651,NO,NO,NO,NO,NO,SI,NO,NO,NO,NO,NO,NO,NO,SI
4766,1,3002,791,791,NO,NO,NO,SI,NO,NO,NO,NO,NO,NO,NO,SI,SI,SI
4767,1,3049,1000,1000,NO,NO,NO,NO,SI,NO,NO,NO,NO,NO,NO,NO,NO,SI
4768,1,3008,941,941,NO,NO,NO,NO,NO,NO,NO,NO,NO,NO,NO,NO,NO,SI
4769,1,3004,808,808,SI,SI,NO,NO,NO,NO,NO,NO,NO,NO,NO,NO,NO,SI
4770,1,3042,656,656,SI,NO,NO,NO,NO,NO,NO,NO,NO,NO,NO,SI,NO,NO
4771,1,3005,948,948,SI,NO,NO,NO,SI,NO,NO,NO,NO,NO,NO,SI,NO,SI
4772,1,3045,915,915,NO,SI,NO,NO,NO,NO,NO,NO,NO,NO,NO,NO,NO,SI
4773,1,3002,705,705,NO,SI,NO,NO,NO,SI,NO,NO,NO,NO,NO,NO,NO,SI
4774,1,3034,902,902,SI,NO,NO,NO,NO,NO,NO,NO,NO,NO,NO,NO,NO,SI
4775,1,3030,908,908,NO,NO,NO,NO,NO,NO,NO,NO,NO,NO,NO,NO,NO,SI
4776,1,3040,886,886,SI,NO,NO,NO,NO,NO,NO,NO,NO,NO,NO,NO,NO,NO
4777,1,3046,946,946,SI,NO,NO,NO,NO,NO,NO,NO,NO,NO,NO,NO,NO,SI
4778,1,3005,941,941,NO,NO,NO,SI,NO,NO,NO,NO,NO,NO,NO,NO,NO,SI
4779,1,3029,850,850,NO,SI,NO,NO,NO,NO,NO,NO,NO,NO,NO,SI,NO,SI
4780,1,3046,928,928,NO,NO,NO,NO,NO,NO,NO,NO,NO,NO,NO,NO,NO,NO
4781,1,3010,860,860,NO,NO,NO,NO,NO,NO,NO,NO,NO,NO,NO,NO,NO,SI
4782,1,3012,902,902,NO,NO,NO,NO,SI,NO,NO,NO,NO,NO,NO,SI,NO,SI
4783,1,3045,893,893,NO,NO,NO,SI,NO,NO,NO,NO,NO,NO,NO,NO,NO,SI
4784,1,3005,935,935,NO,NO,NO,NO,NO,NO,NO,NO,NO,NO,NO,NO,NO,SI
4785,1,3001,924,924,NO,NO,NO,NO,NO,NO,NO,NO,NO,NO,NO,NO,NO,SI
4786,1,3008,899,899,SI,NO,NO,SI,NO,NO,NO,NO,NO,NO,NO,NO,NO,SI
4787,1,3014,662,662,SI,SI,NO,NO,NO,NO,NO,NO,NO,NO,NO,NO,NO,SI
4788,1,3004,780,780,SI,SI,NO,NO,NO,NO,NO,NO,NO,NO,NO,NO,NO,NO
4789,1,3044,806,806,NO,NO,NO,NO,NO,NO,NO,NO,NO,NO,NO,NO,NO,SI
4790,1,3005,920,920,SI,NO,NO,NO,SI,NO,NO,NO,NO,NO,NO,NO,NO,NO
4791,1,3045,968,968,NO,NO,NO,SI,NO,NO,NO,NO,NO,NO,NO,NO,NO,SI
4792,1,3008,904,904,NO,NO,NO,NO,NO,NO,NO,NO,NO,NO,NO,NO,NO,NO
4793,1,3008,915,915,SI,SI,NO,SI,NO,NO,NO,NO,NO,NO,NO,SI,NO,SI
4794,1,3005,933,933,NO,NO,NO,NO,NO,NO,NO,NO,NO,NO,NO,NO,NO,NO
4795,1,3010,948,948,NO,NO,NO,NO,NO,NO,NO,NO,NO,NO,NO,NO,NO,SI
4796,1,3019,957,957,SI,NO,NO,NO,SI,NO,NO,NO,NO,NO,NO,NO,NO,SI
4797,1,3050,837,837,NO,NO,NO,NO,NO,NO,NO,NO,NO,NO,NO,NO,NO,SI
4798,1,3024,782,782,NO,NO,NO,NO,NO,NO,NO,NO,NO,NO,NO,NO,NO,SI
4799,1,3041,907,907,SI,NO,NO,NO,NO,NO,NO,NO,NO,NO,NO,SI,NO,SI
4800,1,3047,754,754,NO,NO,NO,NO,NO,NO,NO,NO,NO,NO,NO,SI,NO,NO
4801,1,3042,833,833,SI,NO,NO,SI,NO,NO,NO,NO,NO,NO,NO,NO,NO,SI
4802,1,3033,813,813,SI,NO,NO,NO,NO,NO,NO,NO,NO,NO,NO,NO,NO,SI
4803,1,3048,823,823,SI,NO,NO,NO,NO,NO,NO,NO,NO,NO,NO,NO,NO,SI
4804,1,3045,941,941,NO,SI,NO,NO,NO,NO,NO,NO,NO,NO,NO,NO,NO,SI
4805,1,3049,982,982,NO,NO,NO,NO,SI,NO,NO,NO,NO,NO,NO,NO,NO,NO
4806,1,3016,737,737,NO,NO,NO,NO,NO,NO,NO,NO,NO,NO,NO,NO,NO,NO
4807,1,3046,929,929,SI,NO,NO,NO,NO,NO,NO,NO,NO,NO,NO,NO,NO,SI
4808,1,3008,906,906,SI,NO,NO,NO,NO,NO,NO,NO,NO,NO,NO,NO,NO,SI
4809,1,3015,765,765,NO,SI,NO,NO,SI,NO,NO,NO,NO,NO,NO,NO,NO,SI
4810,1,3001,897,897,NO,NO,NO,NO,NO,NO,NO,NO,NO,NO,NO,NO,NO,SI
4811,1,3001,894,894,NO,SI,NO,NO,NO,NO,NO,NO,NO,NO,NO,SI,NO,SI
4812,1,3038,785,785,NO,NO,NO,NO,NO,NO,NO,NO,NO,NO,NO,NO,NO,SI
4813,1,3046,883,883,NO,NO,NO,NO,NO,NO,NO,NO,NO,NO,NO,NO,NO,SI
4814,1,3023,740,740,NO,NO,NO,NO,NO,NO,NO,NO,NO,NO,NO,NO,NO,NO
4815,1,3046,950,950,SI,NO,NO,NO,NO,NO,NO,SI,NO,NO,NO,NO,NO,SI
4816,1,3042,796,796,NO,NO,NO,NO,NO,SI,NO,NO,NO,NO,NO,NO,NO,SI
4817,1,3049,871,871,NO,SI,NO,NO,NO,NO,NO,NO,NO,NO,NO,NO,NO,SI
4818,1,3008,939,939,SI,NO,NO,NO,NO,NO,NO,NO,NO,NO,NO,SI,NO,SI
4819,1,3034,912,912,SI,NO,NO,NO,NO,NO,NO,NO,NO,NO,NO,SI,NO,SI
4820,1,3014,749,749,SI,NO,NO,NO,NO,NO,NO,NO,NO,NO,NO,NO,NO,SI
4821,1,3046,928,928,SI,NO,NO,NO,NO,NO,NO,NO,NO,NO,NO,NO,NO,SI
4822,1,3007,872,872,NO,SI,NO,SI,NO,NO,NO,NO,NO,NO,NO,NO,NO,SI
4823,1,3002,828,828,NO,SI,NO,NO,NO,NO,NO,NO,NO,NO,NO,NO,NO,SI
4824,1,3051,692,692,SI,NO,NO,NO,SI,NO,NO,NO,NO,NO,NO,NO,NO,SI
4825,1,3001,901,901,SI,NO,NO,NO,NO,NO,NO,NO,NO,NO,NO,NO,NO,SI
4826,1,3001,891,891,NO,SI,NO,NO,NO,NO,NO,NO,NO,NO,NO,NO,SI,NO
4827,1,3001,894,894,NO,NO,NO,NO,NO,NO,NO,NO,NO,NO,NO,NO,NO,SI
4828,1,3014,832,832,SI,SI,NO,NO,NO,NO,NO,NO,NO,NO,NO,NO,NO,NO
4829,1,3008,912,912,NO,NO,NO,NO,NO,NO,NO,NO,NO,NO,NO,NO,NO,SI
4830,1,3021,729,729,SI,NO,NO,NO,NO,NO,NO,NO,NO,NO,NO,NO,NO,SI
4831,1,3050,782,782,SI,NO,NO,NO,NO,NO,NO,NO,NO,NO,NO,NO,NO,SI
4832,1,3017,760,760,NO,NO,NO,NO,NO,NO,NO,NO,NO,NO,NO,NO,NO,NO
4833,1,3005,942,942,NO,NO,SI,SI,NO,NO,NO,NO,NO,NO,NO,NO,NO,NO
4834,1,3045,886,886,NO,SI,NO,NO,NO,NO,NO,NO,NO,NO,NO,NO,NO,SI
4835,1,3008,917,917,SI,SI,NO,NO,NO,NO,NO,NO,NO,NO,NO,NO,NO,SI
4836,1,3046,916,916,NO,NO,NO,NO,NO,NO,NO,NO,NO,NO,NO,NO,NO,NO
4837,1,3037,745,745,SI,NO,SI,NO,NO,NO,NO,NO,NO,NO,NO,NO,NO,SI
4838,1,3003,735,735,NO,NO,NO,NO,SI,NO,NO,NO,NO,NO,NO,NO,NO,SI
4839,1,3046,904,904,SI,NO,NO,NO,NO,NO,NO,NO,NO,NO,NO,SI,NO,NO
4840,1,3005,934,934,NO,NO,NO,NO,NO,NO,NO,NO,NO,NO,NO,NO,NO,SI
4841,1,3039,819,819,NO,NO,NO,NO,NO,NO,NO,NO,NO,NO,NO,NO,NO,NO
4842,1,3021,689,689,SI,NO,NO,NO,NO,NO,NO,NO,NO,NO,NO,NO,NO,SI
4843,1,3001,919,919,SI,NO,NO,SI,NO,NO,NO,NO,NO,NO,NO,NO,NO,SI
4844,1,3034,930,930,SI,NO,NO,NO,NO,SI,NO,NO,NO,NO,NO,NO,SI,SI
4845,1,3045,944,944,SI,NO,NO,NO,NO,NO,NO,NO,NO,NO,NO,NO,NO,NO
4846,1,3010,850,850,SI,NO,NO,NO,NO,NO,NO,NO,NO,NO,NO,NO,NO,SI
4847,1,3008,905,905,NO,NO,NO,NO,NO,NO,NO,NO,NO,NO,NO,NO,NO,SI
4848,1,3001,915,915,NO,NO,NO,NO,NO,NO,NO,NO,NO,NO,NO,NO,NO,SI
4849,1,3035,748,748,SI,SI,NO,NO,NO,NO,NO,NO,NO,NO,NO,NO,NO,SI
4850,1,3018,687,687,NO,NO,NO,SI,NO,NO,NO,NO,NO,NO,NO,NO,NO,SI
4851,1,3019,754,754,NO,NO,NO,NO,NO,NO,NO,NO,NO,NO,NO,SI,NO,SI
4852,1,3005,929,929,NO,NO,NO,SI,NO,NO,NO,NO,NO,NO,NO,NO,NO,SI
4853,1,3010,774,774,NO,NO,NO,NO,NO,NO,NO,NO,NO,NO,NO,NO,NO,SI
4854,1,3027,783,783,SI,SI,NO,NO,NO,NO,NO,NO,NO,NO,NO,NO,NO,SI
4855,1,3046,937,937,NO,NO,NO,NO,NO,NO,NO,NO,NO,NO,NO,NO,NO,SI
4856,1,3046,971,971,NO,NO,NO,NO,NO,NO,NO,NO,NO,NO,NO,SI,NO,SI
4857,1,3049,906,906,NO,NO,NO,NO,NO,NO,NO,NO,NO,NO,NO,NO,NO,NO
4858,1,3037,854,854,SI,NO,NO,NO,NO,NO,NO,NO,NO,NO,NO,NO,NO,NO
4859,1,3009,830,830,SI,SI,NO,NO,NO,SI,NO,NO,NO,NO,NO,NO,NO,NO
4860,1,3001,977,977,NO,NO,NO,NO,NO,NO,NO,NO,NO,NO,NO,NO,NO,NO
4861,1,3001,946,946,SI,SI,NO,NO,NO,NO,NO,NO,NO,NO,NO,SI,NO,SI
4862,1,3034,921,921,SI,SI,NO,SI,NO,NO,NO,NO,NO,NO,NO,NO,NO,SI
4863,1,3008,957,957,NO,NO,NO,SI,NO,NO,NO,NO,NO,NO,NO,NO,NO,SI
4864,1,3008,924,924,NO,SI,NO,NO,NO,NO,NO,NO,NO,NO,NO,NO,NO,SI
4865,1,3026,784,784,NO,NO,NO,NO,NO,NO,NO,NO,NO,NO,NO,SI,NO,NO
4866,1,3004,680,680,SI,SI,NO,NO,NO,NO,NO,NO,NO,NO,NO,NO,NO,SI
4867,1,3054,752,752,SI,NO,NO,NO,NO,NO,NO,NO,NO,NO,NO,NO,NO,SI
4868,1,3008,941,941,SI,NO,NO,SI,NO,NO,NO,NO,NO,NO,NO,NO,NO,SI
4869,1,3005,943,943,NO,SI,NO,NO,NO,NO,NO,NO,NO,NO,NO,NO,NO,SI
4870,1,3005,965,965,NO,NO,NO,NO,NO,NO,NO,NO,NO,NO,NO,SI,NO,SI
4871,1,3045,946,946,SI,NO,NO,NO,NO,NO,NO,NO,NO,NO,NO,NO,NO,SI
4872,1,3022,748,748,NO,SI,NO,NO,NO,NO,NO,NO,NO,NO,NO,NO,NO,SI
4873,1,3034,925,925,SI,NO,NO,NO,NO,NO,NO,NO,NO,NO,NO,NO,NO,SI
4874,1,3049,927,927,NO,NO,NO,NO,NO,NO,NO,NO,NO,NO,NO,NO,NO,NO
4875,1,3045,943,943,NO,SI,NO,NO,NO,NO,NO,NO,NO,NO,NO,NO,NO,SI
4876,1,3021,700,700,NO,NO,SI,NO,NO,NO,NO,NO,NO,NO,NO,SI,NO,SI
4877,1,3001,927,927,NO,SI,NO,NO,NO,NO,NO,NO,NO,SI,NO,SI,NO,NO
4878,1,3008,927,927,NO,NO,NO,NO,NO,NO,NO,NO,NO,NO,NO,NO,NO,SI
4879,1,3054,786,786,NO,NO,NO,NO,NO,NO,NO,NO,NO,NO,NO,NO,NO,SI
4880,1,3045,950,950,SI,NO,NO,NO,NO,NO,NO,NO,NO,NO,NO,NO,NO,SI
4881,1,3049,889,889,NO,NO,NO,NO,NO,NO,NO,NO,NO,NO,NO,NO,NO,SI
4882,1,3011,722,722,NO,NO,NO,NO,NO,NO,NO,NO,NO,NO,NO,SI,NO,NO
4883,1,3034,890,890,NO,SI,NO,NO,NO,NO,NO,NO,NO,NO,NO,NO,NO,NO
4884,1,3041,747,747,SI,SI,NO,NO,NO,NO,NO,NO,NO,NO,NO,NO,NO,SI
4885,1,3005,910,910,SI,NO,NO,NO,NO,NO,NO,NO,NO,NO,NO,NO,NO,SI
4886,1,3020,718,718,NO,SI,NO,NO,NO,NO,NO,NO,NO,NO,NO,NO,NO,NO
4887,1,3055,624,624,NO,NO,NO,NO,NO,NO,NO,NO,NO,NO,NO,NO,NO,SI
4888,1,3054,898,898,NO,NO,NO,NO,NO,NO,NO,NO,NO,NO,NO,NO,NO,SI
4889,1,3005,929,929,NO,NO,SI,NO,NO,NO,NO,NO,NO,NO,NO,NO,NO,SI
4890,1,3007,791,791,SI,NO,NO,NO,NO,NO,NO,NO,NO,NO,NO,NO,NO,SI
4891,1,3034,970,970,NO,NO,NO,NO,NO,NO,NO,NO,NO,NO,NO,SI,NO,SI
4892,1,3049,908,908,NO,NO,NO,NO,NO,NO,NO,NO,NO,NO,NO,NO,NO,SI
4893,1,3034,960,960,SI,NO,NO,SI,NO,NO,NO,NO,NO,NO,NO,SI,NO,SI
4894,1,3005,977,977,SI,SI,NO,NO,NO,NO,NO,NO,NO,NO,NO,NO,NO,SI
4895,1,3001,921,921,NO,NO,NO,NO,NO,NO,NO,NO,NO,NO,NO,NO,SI,SI
4896,1,3038,787,787,NO,NO,NO,NO,NO,NO,NO,NO,NO,NO,NO,NO,NO,NO
4897,1,3049,926,926,SI,NO,NO,NO,NO,NO,NO,NO,NO,NO,NO,NO,NO,SI
4898,1,3052,698,698,NO,NO,NO,NO,NO,NO,NO,NO,NO,NO,NO,NO,NO,SI
4899,1,3015,843,843,SI,SI,NO,NO,NO,SI,NO,NO,NO,NO,NO,NO,NO,SI
4900,1,3048,664,664,NO,NO,NO,NO,NO,NO,NO,NO,NO,NO,NO,NO,NO,SI
4901,1,3045,981,981,NO,NO,NO,NO,NO,NO,NO,NO,NO,NO,NO,NO,NO,SI
4902,1,3053,748,748,NO,NO,NO,NO,SI,NO,NO,NO,NO,NO,NO,NO,NO,SI
4903,1,3008,910,910,NO,SI,NO,NO,SI,NO,NO,NO,NO,NO,NO,NO,NO,NO
4904,1,3049,870,870,NO,NO,NO,NO,NO,NO,NO,NO,NO,NO,NO,NO,NO,SI
4905,1,3033,605,605,NO,NO,NO,NO,NO,NO,NO,NO,NO,NO,NO,NO,NO,SI
4906,1,3044,836,836,NO,NO,NO,NO,NO,NO,NO,NO,NO,NO,NO,NO,NO,SI
4907,1,3045,916,916,NO,NO,NO,NO,NO,NO,NO,NO,NO,NO,NO,SI,NO,SI
4908,1,3005,1000,1000,NO,NO,NO,SI,NO,NO,NO,NO,NO,NO,NO,NO,NO,SI
4909,1,3001,926,926,NO,NO,NO,NO,NO,NO,NO,NO,NO,NO,NO,NO,NO,SI
4910,1,3045,917,917,NO,SI,NO,NO,NO,NO,NO,NO,NO,NO,NO,SI,NO,SI
4911,1,3005,895,895,NO,NO,NO,NO,NO,NO,NO,NO,NO,NO,NO,NO,NO,SI
4912,1,3008,852,852,SI,NO,NO,NO,NO,NO,NO,NO,NO,NO,NO,SI,NO,SI
4913,1,3008,969,969,NO,NO,NO,NO,NO,NO,NO,NO,NO,NO,NO,NO,NO,SI
4914,1,3049,943,943,NO,NO,NO,SI,NO,NO,NO,NO,NO,NO,NO,NO,NO,SI
4915,1,3001,896,896,NO,NO,NO,NO,NO,NO,NO,NO,NO,NO,NO,NO,NO,SI
4916,1,3005,980,980,SI,NO,NO,NO,NO,NO,NO,NO,NO,NO,NO,NO,NO,NO
4917,1,3005,963,963,NO,NO,NO,SI,NO,NO,NO,NO,NO,NO,NO,NO,NO,SI
4918,1,3045,996,996,SI,SI,NO,NO,NO,NO,NO,NO,NO,NO,NO,NO,NO,NO
4919,1,3001,941,941,NO,SI,NO,NO,NO,NO,NO,NO,NO,NO,NO,NO,NO,NO
4920,1,3034,952,952,NO,NO,NO,NO,SI,NO,NO,NO,NO,NO,NO,NO,NO,SI
4921,1,3049,961,961,SI,NO,NO,SI,NO,NO,NO,NO,NO,NO,NO,NO,NO,SI
4922,1,3049,941,941,NO,NO,NO,NO,NO,NO,NO,NO,NO,NO,NO,NO,NO,SI
4923,1,3045,930,930,SI,SI,NO,NO,NO,NO,NO,NO,NO,NO,NO,NO,NO,SI
4924,1,3008,953,953,SI,NO,NO,NO,NO,SI,NO,NO,NO,NO,NO,NO,NO,NO
4925,1,3046,918,918,NO,NO,NO,NO,NO,NO,NO,NO,NO,NO,NO,NO,NO,SI
4926,1,3005,981,981,SI,SI,NO,NO,NO,NO,NO,NO,NO,NO,NO,NO,NO,SI
4927,1,3001,959,959,SI,SI,NO,SI,NO,NO,NO,NO,NO,NO,NO,NO,NO,SI
4928,1,3034,918,918,SI,SI,NO,NO,NO,SI,NO,NO,NO,NO,NO,NO,NO,SI
4929,1,3034,913,913,NO,NO,NO,NO,NO,NO,NO,NO,NO,NO,NO,NO,NO,SI
4930,1,3029,702,702,NO,NO,NO,NO,SI,NO,NO,NO,NO,NO,NO,NO,NO,SI
4931,1,3043,733,733,SI,NO,NO,NO,NO,NO,NO,NO,NO,NO,NO,NO,NO,SI
4932,1,3025,804,804,NO,NO,NO,NO,NO,NO,NO,NO,NO,NO,NO,NO,NO,SI
4933,1,3017,795,795,NO,NO,NO,SI,NO,NO,NO,NO,NO,NO,NO,NO,NO,NO
4934,1,3049,938,938,NO,NO,NO,NO,NO,NO,NO,NO,NO,NO,NO,NO,NO,SI
4935,1,3046,965,965,SI,SI,NO,NO,SI,NO,NO,NO,NO,NO,NO,SI,NO,SI
4936,1,3010,676,676,SI,SI,NO,SI,NO,NO,NO,NO,NO,NO,NO,NO,NO,SI
4937,1,3014,612,612,NO,NO,NO,NO,NO,NO,NO,NO,NO,NO,NO,SI,NO,SI
4938,1,3046,972,972,NO,NO,NO,NO,NO,NO,NO,NO,NO,NO,NO,SI,NO,NO
4939,1,3046,967,967,NO,NO,NO,NO,NO,NO,NO,NO,NO,NO,NO,NO,NO,SI
4940,1,3034,921,921,SI,NO,NO,NO,NO,NO,NO,NO,NO,NO,NO,NO,NO,SI
4941,1,3006,871,871,NO,SI,NO,NO,NO,NO,NO,NO,NO,NO,NO,NO,NO,SI
4942,1,3007,955,955,NO,NO,NO,NO,NO,NO,NO,NO,NO,NO,NO,NO,NO,NO
4943,1,3014,793,793,NO,SI,NO,NO,NO,NO,NO,NO,NO,NO,NO,NO,NO,SI
4944,1,3037,840,840,SI,NO,NO,NO,NO,NO,NO,NO,NO,NO,NO,NO,NO,NO
4945,1,3001,932,932,NO,NO,NO,NO,NO,NO,NO,NO,NO,NO,NO,NO,NO,SI
4946,1,3034,920,920,SI,NO,NO,SI,NO,NO,NO,NO,NO,NO,NO,NO,NO,SI
4947,1,3026,936,936,SI,SI,NO,NO,NO,SI,NO,NO,NO,NO,NO,NO,NO,SI
4948,1,3049,905,905,NO,NO,NO,NO,NO,NO,NO,NO,NO,NO,NO,SI,NO,SI
4949,1,3001,956,956,NO,NO,NO,NO,NO,NO,NO,NO,NO,NO,NO,NO,NO,SI
4950,1,3011,716,716,NO,NO,NO,NO,NO,NO,NO,NO,NO,NO,NO,NO,NO,NO
4951,1,3049,914,914,SI,NO,NO,NO,NO,NO,NO,NO,NO,NO,NO,NO,NO,SI
4952,1,3010,794,794,SI,NO,NO,NO,NO,NO,NO,NO,NO,NO,NO,NO,NO,SI
4953,1,3055,716,716,SI,NO,NO,NO,NO,NO,NO,NO,NO,NO,NO,NO,NO,SI
4954,1,3043,675,675,NO,NO,NO,NO,NO,NO,NO,NO,NO,NO,NO,NO,NO,SI
4955,1,3046,912,912,NO,NO,NO,NO,NO,NO,NO,NO,NO,NO,NO,SI,NO,SI
4956,1,3006,805,805,NO,NO,NO,SI,NO,NO,NO,NO,NO,NO,NO,NO,NO,NO
4957,1,3008,919,919,SI,NO,NO,NO,NO,NO,NO,NO,NO,NO,NO,NO,NO,SI
4958,1,3018,801,801,SI,NO,NO,NO,NO,NO,NO,NO,NO,NO,NO,NO,NO,SI
4959,1,3008,945,945,NO,NO,NO,NO,NO,NO,NO,NO,NO,NO,NO,NO,NO,SI
4960,1,3045,945,945,NO,NO,NO,NO,NO,NO,NO,NO,NO,NO,NO,SI,NO,NO
4961,1,3008,959,959,NO,NO,NO,NO,NO,NO,NO,NO,NO,NO,NO,NO,NO,SI
4962,1,3034,947,947,NO,NO,NO,NO,NO,NO,NO,NO,NO,NO,NO,NO,SI,SI
4963,1,3028,839,839,NO,NO,NO,NO,NO,NO,NO,NO,NO,NO,NO,NO,NO,SI
4964,1,3049,935,935,NO,NO,NO,SI,NO,NO,NO,NO,NO,NO,NO,NO,NO,SI
4965,1,3008,899,899,SI,NO,NO,NO,NO,NO,NO,NO,NO,NO,NO,NO,NO,SI
4966,1,3034,936,936,NO,NO,NO,NO,SI,NO,NO,NO,NO,NO,NO,NO,NO,SI
4967,1,3029,677,677,NO,SI,NO,NO,NO,NO,NO,NO,NO,NO,NO,NO,NO,SI
4968,1,3002,600,600,NO,NO,NO,NO,NO,NO,NO,NO,NO,NO,NO,NO,NO,SI
4969,1,3046,892,892,SI,SI,NO,NO,SI,NO,NO,NO,NO,NO,NO,NO,NO,SI
4970,1,3045,892,892,NO,NO,NO,NO,NO,NO,NO,NO,NO,NO,NO,NO,NO,NO
4971,1,3045,905,905,NO,NO,NO,NO,NO,NO,NO,NO,NO,NO,NO,NO,NO,NO
4972,1,3019,901,901,NO,NO,NO,NO,SI,NO,NO,NO,NO,NO,NO,NO,NO,SI
4973,1,3047,808,808,SI,NO,NO,SI,NO,NO,NO,NO,NO,NO,NO,NO,NO,SI
4974,1,3001,948,948,NO,NO,NO,NO,NO,NO,NO,NO,NO,NO,NO,NO,NO,SI
4975,1,3051,799,799,SI,NO,NO,SI,NO,NO,NO,NO,NO,NO,NO,NO,NO,SI
4976,1,3004,851,851,SI,NO,NO,NO,NO,NO,NO,NO,NO,NO,NO,NO,NO,SI
4977,1,3054,690,690,SI,NO,NO,NO,NO,NO,NO,SI,NO,NO,NO,NO,NO,SI
4978,1,3012,839,839,NO,SI,NO,SI,NO,NO,NO,NO,NO,NO,NO,NO,NO,SI
4979,1,3018,858,858,NO,NO,NO,NO,NO,NO,NO,NO,NO,NO,NO,NO,NO,SI
4980,1,3005,909,909,NO,NO,NO,NO,NO,SI,NO,NO,NO,NO,NO,NO,NO,NO
4981,1,3001,921,921,NO,NO,NO,NO,NO,NO,NO,NO,NO,NO,NO,NO,NO,SI
4982,1,3049,930,930,SI,SI,NO,NO,NO,NO,NO,NO,NO,NO,NO,NO,NO,SI
4983,1,3034,921,921,NO,NO,NO,NO,NO,NO,NO,NO,NO,NO,NO,NO,NO,SI
4984,1,3039,794,794,NO,NO,NO,NO,NO,NO,NO,NO,NO,NO,NO,NO,NO,NO
4985,1,3038,857,857,NO,NO,NO,NO,NO,NO,NO,NO,NO,NO,NO,NO,NO,SI
4986,1,3001,904,904,NO,NO,NO,NO,NO,NO,NO,NO,NO,NO,NO,NO,NO,SI
4987,1,3008,933,933,SI,NO,NO,NO,SI,NO,NO,NO,NO,NO,NO,NO,NO,SI
4988,1,3045,919,919,NO,NO,NO,NO,NO,NO,NO,NO,NO,NO,NO,NO,NO,SI
4989,1,3046,945,945,NO,SI,NO,NO,NO,NO,NO,NO,NO,NO,NO,NO,NO,SI
4990,1,3034,961,961,SI,NO,NO,NO,NO,NO,NO,NO,NO,NO,NO,NO,NO,SI
4991,1,3056,761,761,SI,NO,NO,NO,NO,NO,NO,NO,NO,NO,NO,NO,NO,SI
4992,1,3046,931,931,NO,NO,NO,NO,NO,NO,NO,NO,NO,NO,NO,NO,NO,SI
4993,1,3034,991,991,NO,SI,NO,SI,NO,NO,NO,NO,NO,NO,NO,NO,NO,NO
4994,1,3008,918,918,SI,NO,NO,NO,NO,NO,NO,NO,NO,NO,NO,NO,NO,SI
4995,1,3001,895,895,NO,NO,NO,NO,NO,NO,NO,NO,NO,NO,NO,NO,NO,SI
4996,1,3046,928,928,NO,NO,NO,SI,NO,NO,NO,NO,NO,NO,NO,NO,NO,NO
4997,1,3049,967,967,SI,NO,NO,SI,NO,NO,NO,NO,NO,NO,NO,NO,NO,SI
4998,1,3034,904,904,SI,NO,NO,NO,NO,NO,NO,NO,NO,NO,NO,NO,NO,SI
4999,1,3006,735,735,NO,NO,NO,NO,NO,SI,NO,NO,NO,NO,NO,NO,NO,SI
5000,1,3004,775,775,NO,NO,NO,NO,NO,NO,NO,NO,NO,NO,NO,NO,NO,NO
5001,1,3049,916,916,NO,SI,NO,NO,NO,NO,NO,NO,NO,NO,NO,NO,NO,SI
5002,1,3001,962,962,SI,NO,NO,NO,NO,NO,NO,SI,NO,NO,NO,NO,NO,SI
5003,1,3045,878,878,NO,NO,NO,SI,NO,NO,NO,NO,NO,NO,NO,NO,NO,NO
5004,1,3029,753,753,SI,NO,NO,NO,NO,NO,NO,NO,NO,NO,NO,NO,NO,SI
5005,1,3008,989,989,NO,NO,NO,NO,NO,NO,NO,NO,NO,NO,NO,NO,NO,SI
5006,1,3005,951,951,NO,SI,NO,NO,NO,NO,NO,NO,NO,NO,NO,NO,NO,NO
5007,1,3030,717,717,NO,NO,NO,NO,NO,NO,NO,NO,NO,NO,NO,NO,NO,SI
5008,1,3049,915,915,SI,NO,NO,NO,NO,NO,NO,NO,NO,NO,NO,NO,NO,SI
5009,1,3008,931,931,NO,NO,NO,NO,NO,NO,NO,NO,NO,NO,NO,NO,NO,SI
5010,1,3046,931,931,SI,NO,NO,NO,NO,NO,NO,NO,NO,NO,NO,NO,NO,SI
5011,1,3009,893,893,SI,NO,NO,NO,NO,SI,NO,NO,NO,NO,NO,NO,NO,SI
5012,1,3045,911,911,NO,NO,NO,NO,NO,NO,NO,NO,NO,NO,NO,NO,NO,SI
5013,1,3007,747,747,SI,NO,NO,NO,NO,NO,NO,NO,NO,NO,NO,NO,NO,NO
5014,1,3015,867,867,NO,SI,NO,NO,NO,NO,NO,NO,NO,NO,NO,NO,NO,SI
5015,1,3008,944,944,SI,NO,NO,NO,NO,NO,NO,NO,NO,NO,NO,NO,NO,SI
5016,1,3034,921,921,NO,NO,NO,NO,NO,NO,NO,NO,NO,NO,NO,NO,NO,NO
5017,1,3028,674,674,NO,NO,NO,NO,NO,NO,NO,NO,NO,NO,NO,SI,NO,SI
5018,1,3010,945,945,SI,SI,NO,NO,NO,NO,NO,NO,NO,NO,NO,NO,NO,SI
5019,1,3001,1000,1000,NO,NO,NO,NO,NO,NO,NO,NO,NO,NO,NO,NO,NO,NO
5020,1,3050,820,820,SI,SI,NO,NO,NO,NO,NO,NO,NO,NO,NO,NO,NO,SI
5021,1,3049,902,902,NO,NO,NO,NO,NO,NO,NO,NO,NO,NO,NO,NO,NO,SI
5022,1,3034,1000,1000,NO,NO,NO,NO,NO,SI,NO,NO,NO,NO,NO,NO,NO,NO
5023,1,3046,915,915,NO,NO,NO,NO,NO,NO,NO,NO,NO,NO,NO,NO,NO,SI
5024,1,3046,909,909,SI,SI,NO,NO,SI,NO,NO,NO,NO,NO,NO,SI,NO,NO
5025,1,3021,764,764,NO,SI,NO,NO,NO,NO,NO,NO,NO,NO,NO,NO,NO,SI
5026,1,3049,963,963,SI,NO,SI,NO,NO,NO,NO,NO,NO,NO,NO,NO,NO,SI
5027,1,3049,927,927,SI,NO,NO,NO,SI,NO,NO,NO,NO,NO,NO,NO,NO,SI
5028,1,3016,692,692,NO,NO,NO,NO,NO,NO,NO,NO,NO,NO,NO,SI,SI,SI
5029,1,3049,962,962,NO,NO,NO,NO,NO,NO,NO,NO,NO,NO,NO,SI,NO,SI
5030,1,3049,901,901,SI,NO,NO,NO,NO,NO,NO,NO,NO,NO,NO,NO,NO,NO
5031,1,3001,957,957,SI,NO,NO,NO,NO,NO,NO,NO,NO,NO,NO,NO,NO,SI
5032,1,3049,917,917,SI,NO,NO,NO,NO,NO,NO,NO,NO,NO,NO,NO,NO,SI
5033,1,3022,914,914,SI,NO,NO,NO,NO,NO,NO,NO,NO,NO,NO,NO,NO,SI
5034,1,3001,903,903,SI,NO,NO,NO,NO,NO,NO,NO,NO,NO,NO,NO,NO,NO
5035,1,3008,866,866,NO,SI,NO,NO,NO,NO,NO,NO,NO,NO,NO,NO,NO,SI
5036,1,3019,812,812,SI,NO,NO,NO,NO,SI,NO,NO,NO,NO,NO,NO,NO,SI
5037,1,3052,709,709,NO,NO,NO,NO,NO,NO,NO,NO,NO,NO,NO,NO,NO,SI
5038,1,3045,893,893,NO,NO,NO,NO,NO,NO,NO,NO,NO,NO,NO,NO,NO,NO
5039,1,3027,847,847,SI,SI,SI,NO,NO,NO,NO,NO,NO,NO,NO,NO,NO,SI
5040,1,3049,918,918,SI,NO,NO,NO,NO,NO,NO,SI,NO,NO,NO,NO,NO,SI
5041,1,3022,747,747,NO,NO,NO,NO,NO,NO,NO,NO,NO,NO,NO,NO,NO,SI
5042,1,3040,883,883,SI,NO,NO,NO,SI,NO,NO,NO,NO,NO,NO,NO,NO,SI
5043,1,3035,744,744,NO,NO,NO,NO,NO,NO,NO,NO,NO,NO,NO,NO,NO,SI
5044,1,3005,931,931,NO,NO,NO,NO,NO,NO,NO,NO,NO,NO,NO,NO,NO,SI
5045,1,3046,876,876,SI,NO,NO,NO,NO,NO,NO,NO,NO,NO,NO,NO,NO,SI
5046,1,3049,906,906,SI,NO,NO,NO,NO,NO,NO,NO,NO,NO,NO,NO,SI,SI
5047,1,3034,926,926,SI,NO,NO,SI,NO,NO,NO,NO,NO,NO,NO,SI,NO,SI
5048,1,3008,923,923,NO,NO,NO,NO,NO,NO,NO,NO,NO,NO,NO,NO,NO,SI
5049,1,3001,944,944,NO,NO,NO,NO,NO,NO,NO,NO,NO,NO,NO,NO,NO,SI
5050,1,3008,895,895,NO,NO,NO,NO,NO,NO,NO,NO,NO,NO,NO,NO,NO,SI
5051,1,3005,902,902,NO,NO,NO,NO,NO,NO,NO,NO,NO,NO,NO,NO,NO,SI
5052,1,3010,645,645,NO,NO,NO,NO,NO,NO,NO,NO,NO,NO,NO,NO,NO,SI
5053,1,3048,824,824,SI,NO,NO,NO,NO,NO,NO,NO,NO,NO,NO,NO,NO,SI
5054,1,3005,915,915,NO,SI,NO,NO,NO,NO,NO,NO,NO,NO,NO,NO,NO,NO
5055,1,3015,745,745,SI,NO,NO,NO,NO,NO,NO,NO,NO,NO,NO,NO,NO,SI
5056,1,3049,911,911,NO,NO,NO,NO,NO,NO,NO,NO,NO,NO,NO,NO,NO,NO
5057,1,3045,952,952,NO,NO,NO,SI,NO,NO,NO,NO,NO,NO,NO,NO,NO,NO
5058,1,3001,879,879,SI,SI,NO,NO,NO,NO,NO,NO,NO,NO,NO,NO,NO,SI
5059,1,3046,938,938,NO,NO,NO,NO,NO,NO,NO,NO,NO,NO,NO,NO,NO,NO
5060,1,3046,910,910,NO,SI,NO,NO,NO,SI,NO,NO,NO,NO,NO,NO,NO,SI
5061,1,3034,940,940,NO,NO,NO,SI,NO,NO,NO,NO,NO,NO,NO,NO,NO,SI
5062,1,3049,869,869,SI,NO,NO,NO,NO,NO,NO,NO,NO,NO,NO,NO,NO,SI
5063,1,3017,785,785,NO,NO,NO,NO,NO,NO,NO,NO,NO,NO,NO,NO,NO,SI
5064,1,3047,794,794,NO,NO,NO,NO,NO,NO,NO,NO,NO,NO,NO,NO,NO,NO
5065,1,3042,848,848,NO,NO,NO,SI,SI,NO,NO,NO,NO,NO,NO,NO,NO,SI
5066,1,3045,939,939,NO,NO,NO,NO,NO,NO,NO,NO,NO,NO,NO,NO,NO,NO
5067,1,3001,871,871,SI,NO,NO,NO,NO,NO,NO,NO,NO,NO,NO,NO,NO,SI
5068,1,3008,954,954,SI,NO,NO,NO,NO,NO,NO,NO,NO,NO,NO,NO,NO,SI
5069,1,3013,799,799,NO,NO,NO,NO,NO,NO,NO,NO,NO,NO,NO,NO,NO,NO
5070,1,3034,913,913,NO,NO,NO,NO,NO,NO,NO,NO,NO,NO,NO,NO,NO,SI
5071,1,3034,956,956,SI,NO,NO,NO,NO,NO,NO,NO,NO,NO,NO,NO,NO,SI
5072,1,3045,877,877,NO,SI,NO,SI,NO,NO,NO,NO,NO,NO,NO,NO,NO,SI
5073,1,3046,939,939,SI,NO,NO,NO,NO,NO,NO,NO,NO,NO,NO,NO,NO,NO
5074,1,3015,611,611,NO,NO,NO,NO,NO,SI,NO,NO,NO,NO,NO,NO,NO,SI
5075,1,3034,899,899,SI,NO,NO,NO,NO,NO,NO,NO,NO,NO,NO,NO,NO,SI
5076,1,3047,713,713,SI,NO,NO,SI,NO,NO,NO,NO,NO,NO,NO,NO,NO,SI
5077,1,3001,917,917,SI,NO,NO,NO,NO,NO,NO,NO,NO,NO,NO,NO,NO,SI
5078,1,3012,707,707,NO,NO,NO,NO,NO,NO,NO,NO,NO,NO,NO,SI,NO,SI
5079,1,3025,740,740,SI,SI,NO,NO,NO,NO,NO,NO,NO,NO,NO,SI,NO,SI
5080,1,3036,741,741,NO,SI,NO,NO,NO,NO,NO,NO,NO,NO,NO,NO,NO,SI
5081,1,3002,628,628,SI,SI,NO,NO,NO,NO,NO,NO,NO,NO,NO,NO,NO,SI
5082,1,3017,728,728,NO,SI,NO,NO,NO,NO,NO,NO,NO,NO,NO,NO,NO,NO
5083,1,3023,848,848,SI,NO,NO,NO,NO,NO,NO,NO,NO,NO,NO,SI,NO,SI
5084,1,3034,876,876,SI,NO,NO,NO,NO,NO,NO,NO,NO,NO,NO,NO,NO,SI
5085,1,3028,717,717,NO,NO,NO,SI,NO,NO,NO,NO,NO,NO,NO,NO,NO,SI
5086,1,3022,755,755,NO,NO,NO,NO,NO,NO,NO,NO,NO,NO,NO,NO,NO,SI
5087,1,3020,666,666,NO,NO,NO,NO,NO,NO,NO,NO,NO,NO,NO,NO,NO,SI
5088,1,3034,956,956,NO,NO,NO,NO,SI,NO,NO,NO,NO,NO,NO,NO,NO,SI
5089,1,3006,676,676,NO,NO,NO,NO,NO,NO,NO,NO,NO,NO,NO,SI,NO,SI
5090,1,3034,935,935,NO,NO,NO,NO,NO,NO,NO,NO,NO,NO,NO,NO,NO,SI
5091,1,3034,930,930,NO,NO,NO,NO,NO,NO,NO,NO,NO,NO,NO,SI,NO,SI
5092,1,3049,978,978,SI,NO,NO,NO,NO,NO,NO,NO,NO,NO,NO,NO,NO,SI
5093,1,3017,685,685,NO,NO,NO,NO,SI,NO,NO,NO,NO,NO,NO,NO,NO,SI
5094,1,3049,963,963,NO,NO,NO,NO,NO,SI,NO,NO,NO,NO,NO,NO,NO,SI
5095,1,3001,957,957,NO,NO,NO,NO,NO,SI,NO,NO,NO,NO,NO,NO,NO,NO
5096,1,3034,952,952,SI,NO,NO,NO,NO,NO,NO,NO,NO,NO,NO,NO,NO,SI
5097,1,3005,927,927,NO,NO,NO,NO,NO,NO,NO,NO,NO,NO,NO,NO,NO,SI
5098,1,3032,613,613,NO,SI,NO,NO,NO,NO,NO,NO,NO,NO,NO,SI,NO,SI
5099,1,3045,949,949,NO,NO,NO,SI,NO,SI,NO,NO,NO,NO,NO,NO,NO,SI
5100,1,3005,955,955,NO,SI,NO,SI,SI,NO,NO,NO,NO,NO,NO,NO,NO,NO
5101,1,3002,638,638,NO,NO,NO,NO,NO,NO,NO,NO,NO,NO,NO,NO,NO,SI
5102,1,3011,835,835,NO,NO,NO,NO,NO,NO,NO,NO,NO,NO,NO,NO,NO,NO
5103,1,3049,913,913,SI,NO,NO,NO,NO,NO,NO,NO,NO,NO,NO,NO,NO,SI
5104,1,3042,864,864,NO,NO,NO,NO,SI,NO,NO,NO,NO,NO,NO,NO,NO,SI
5105,1,3024,863,863,NO,NO,NO,NO,NO,NO,NO,NO,NO,NO,NO,NO,NO,SI
5106,1,3001,952,952,NO,SI,NO,NO,NO,NO,NO,NO,NO,NO,NO,NO,NO,SI
5107,1,3034,890,890,SI,NO,NO,NO,NO,NO,NO,NO,NO,NO,NO,NO,NO,NO
5108,1,3050,680,680,NO,NO,NO,NO,NO,NO,NO,NO,NO,NO,NO,SI,NO,NO
5109,1,3047,903,903,SI,NO,NO,NO,NO,NO,NO,NO,NO,NO,NO,NO,NO,SI
5110,1,3011,807,807,SI,NO,SI,NO,NO,NO,NO,NO,NO,NO,NO,NO,NO,SI
5111,1,3029,848,848,NO,NO,NO,NO,NO,NO,NO,NO,NO,NO,NO,SI,NO,SI
5112,1,3040,852,852,NO,NO,NO,NO,NO,NO,NO,NO,NO,NO,NO,NO,NO,SI
5113,1,3005,937,937,NO,NO,NO,NO,NO,NO,NO,NO,NO,NO,NO,NO,NO,NO
5114,1,3001,923,923,NO,NO,NO,NO,SI,NO,NO,NO,NO,NO,NO,NO,NO,SI
5115,1,3042,767,767,NO,NO,NO,NO,NO,NO,NO,NO,NO,NO,NO,NO,NO,NO
5116,1,3004,747,747,SI,NO,NO,NO,NO,NO,NO,NO,NO,NO,NO,NO,NO,SI
5117,1,3034,941,941,NO,NO,NO,NO,NO,NO,NO,NO,NO,NO,NO,NO,NO,SI
5118,1,3034,939,939,NO,NO,NO,NO,NO,NO,NO,NO,NO,NO,NO,NO,NO,SI
5119,1,3052,732,732,SI,SI,NO,NO,NO,NO,NO,NO,NO,NO,NO,NO,NO,SI
5120,1,3040,742,742,SI,NO,NO,NO,NO,NO,NO,NO,NO,NO,SI,NO,NO,SI
5121,1,3056,689,689,SI,SI,NO,SI,NO,NO,NO,NO,NO,NO,NO,NO,NO,SI
5122,1,3019,793,793,SI,NO,NO,NO,NO,NO,NO,NO,NO,NO,NO,NO,NO,SI
5123,1,3046,901,901,NO,NO,NO,NO,NO,NO,NO,NO,NO,NO,NO,NO,NO,SI
5124,1,3035,860,860,SI,SI,NO,NO,NO,NO,NO,NO,NO,NO,NO,SI,SI,NO
5125,1,3005,939,939,NO,NO,SI,NO,NO,NO,NO,NO,NO,SI,NO,NO,NO,SI
5126,1,3034,945,945,NO,NO,NO,NO,NO,NO,NO,NO,NO,NO,NO,NO,NO,SI
5127,1,3020,774,774,NO,NO,NO,NO,NO,NO,NO,NO,NO,NO,NO,NO,NO,SI
5128,1,3034,899,899,NO,NO,NO,SI,NO,NO,NO,NO,NO,NO,NO,NO,NO,SI
5129,1,3005,935,935,NO,SI,NO,NO,NO,NO,NO,NO,NO,NO,NO,NO,NO,SI
5130,1,3005,950,950,SI,NO,NO,NO,NO,NO,NO,NO,NO,NO,NO,SI,NO,SI
5131,1,3046,917,917,NO,NO,NO,NO,NO,NO,NO,NO,NO,NO,NO,NO,NO,SI
5132,1,3045,959,959,NO,SI,NO,NO,NO,NO,NO,NO,NO,NO,NO,NO,NO,NO
5133,1,3055,849,849,NO,NO,NO,NO,NO,NO,NO,NO,NO,NO,NO,NO,NO,SI
5134,1,3001,875,875,NO,NO,NO,SI,NO,NO,NO,NO,NO,NO,NO,NO,NO,SI
5135,1,3008,890,890,NO,NO,NO,NO,NO,NO,NO,NO,NO,NO,NO,SI,NO,NO
5136,1,3019,682,682,SI,NO,NO,NO,NO,NO,NO,NO,NO,NO,NO,NO,NO,SI
5137,1,3020,737,737,SI,NO,NO,NO,NO,NO,NO,NO,NO,NO,NO,NO,NO,SI
5138,1,3034,907,907,SI,NO,NO,NO,NO,NO,NO,NO,NO,NO,NO,NO,NO,SI
5139,1,3051,831,831,NO,NO,NO,NO,NO,NO,NO,NO,NO,NO,NO,NO,NO,SI
5140,1,3045,908,908,SI,NO,NO,NO,NO,NO,NO,NO,NO,NO,NO,SI,NO,NO
5141,1,3008,870,870,NO,SI,NO,SI,NO,NO,NO,NO,NO,NO,NO,NO,NO,SI
5142,1,3009,809,809,NO,NO,NO,NO,NO,NO,NO,NO,NO,NO,NO,NO,NO,SI
5143,1,3046,892,892,NO,NO,NO,NO,NO,NO,NO,NO,NO,NO,NO,NO,NO,SI
5144,1,3045,888,888,NO,NO,NO,NO,NO,NO,NO,NO,NO,NO,NO,NO,NO,SI
5145,1,3046,945,945,NO,NO,SI,NO,NO,NO,NO,NO,NO,NO,NO,NO,NO,SI
5146,1,3008,880,880,NO,NO,NO,NO,NO,NO,NO,NO,NO,NO,NO,NO,NO,SI
5147,1,3045,947,947,NO,NO,NO,NO,NO,NO,NO,SI,NO,NO,NO,NO,NO,SI
5148,1,3053,757,757,SI,NO,NO,NO,NO,NO,NO,NO,NO,NO,NO,NO,NO,SI
5149,1,3049,957,957,NO,NO,NO,NO,NO,NO,NO,NO,NO,NO,NO,NO,NO,NO
5150,1,3034,938,938,NO,SI,NO,NO,NO,NO,NO,NO,NO,NO,NO,NO,NO,NO
5151,1,3035,692,692,SI,SI,NO,NO,NO,NO,NO,NO,NO,NO,NO,SI,NO,NO
5152,1,3037,822,822,NO,SI,NO,NO,NO,NO,NO,NO,NO,NO,NO,NO,NO,SI
5153,1,3034,918,918,SI,NO,NO,NO,NO,NO,NO,NO,NO,NO,NO,NO,NO,SI
5154,1,3046,906,906,SI,NO,NO,NO,NO,NO,NO,NO,NO,NO,NO,NO,NO,SI
5155,1,3045,930,930,NO,NO,NO,NO,NO,NO,NO,NO,NO,NO,NO,SI,NO,SI
5156,1,3049,938,938,NO,NO,NO,NO,NO,NO,NO,NO,NO,NO,NO,NO,NO,SI
5157,1,3046,886,886,NO,SI,NO,NO,NO,NO,NO,NO,NO,NO,NO,NO,NO,NO
5158,1,3049,934,934,SI,SI,NO,NO,NO,NO,NO,NO,NO,NO,NO,NO,NO,SI
5159,1,3008,933,933,NO,SI,NO,NO,NO,NO,NO,NO,NO,NO,NO,NO,NO,SI
5160,1,3045,903,903,NO,NO,NO,NO,NO,NO,NO,NO,NO,NO,NO,NO,NO,NO
5161,1,3034,913,913,SI,NO,NO,NO,NO,NO,NO,NO,NO,NO,NO,NO,NO,NO
5162,1,3046,964,964,NO,SI,NO,NO,NO,NO,NO,NO,NO,NO,NO,NO,NO,NO
5163,1,3039,858,858,NO,NO,NO,NO,NO,NO,NO,NO,NO,NO,NO,NO,SI,SI
5164,1,3049,876,876,NO,SI,NO,NO,NO,NO,NO,NO,NO,NO,NO,NO,NO,SI
5165,1,3001,966,966,NO,NO,NO,NO,NO,NO,NO,NO,NO,NO,NO,NO,SI,NO
5166,1,3046,958,958,NO,NO,NO,NO,NO,NO,NO,NO,NO,NO,NO,NO,NO,SI
5167,1,3007,765,765,NO,NO,NO,SI,NO,NO,NO,NO,NO,NO,NO,NO,NO,SI
5168,1,3049,930,930,SI,NO,NO,NO,NO,NO,NO,NO,NO,NO,NO,NO,NO,SI
5169,1,3005,918,918,NO,NO,NO,NO,NO,NO,NO,NO,NO,NO,NO,NO,NO,NO
5170,1,3018,702,702,NO,NO,NO,NO,NO,NO,NO,NO,NO,NO,NO,NO,NO,SI
5171,1,3045,959,959,NO,NO,NO,NO,NO,NO,NO,NO,NO,NO,NO,NO,NO,SI
5172,1,3008,967,967,NO,NO,NO,NO,NO,NO,NO,NO,NO,NO,NO,NO,NO,SI
5173,1,3005,887,887,SI,NO,NO,NO,NO,NO,NO,NO,NO,NO,NO,NO,NO,SI
5174,1,3016,740,740,NO,NO,NO,NO,NO,NO,NO,NO,NO,NO,NO,NO,NO,SI
5175,1,3034,922,922,NO,NO,NO,NO,SI,NO,NO,NO,NO,NO,NO,NO,NO,SI
5176,1,3049,945,945,NO,NO,NO,NO,NO,NO,NO,NO,NO,NO,NO,NO,NO,NO
5177,1,3005,928,928,NO,SI,NO,NO,NO,NO,NO,NO,NO,NO,NO,NO,NO,SI
5178,1,3056,666,666,NO,SI,NO,NO,NO,NO,NO,NO,NO,NO,NO,NO,NO,SI
5179,1,3046,937,937,NO,NO,NO,NO,NO,NO,NO,NO,NO,NO,NO,NO,NO,SI
5180,1,3008,961,961,SI,SI,NO,NO,NO,NO,NO,NO,NO,NO,NO,NO,NO,SI
5181,1,3029,867,867,SI,SI,NO,NO,SI,NO,NO,NO,NO,NO,NO,SI,NO,NO
5182,1,3047,812,812,NO,NO,NO,NO,NO,NO,NO,NO,NO,NO,NO,NO,NO,SI
5183,1,3041,861,861,NO,NO,NO,NO,NO,NO,NO,NO,NO,NO,NO,NO,NO,SI
5184,1,3046,923,923,NO,SI,NO,SI,NO,NO,NO,NO,NO,NO,NO,NO,NO,SI
5185,1,3048,797,797,NO,NO,NO,NO,SI,NO,NO,NO,NO,NO,NO,NO,NO,SI
5186,1,3022,807,807,SI,NO,NO,NO,NO,NO,NO,NO,NO,NO,NO,NO,NO,SI
5187,1,3008,946,946,SI,NO,NO,NO,NO,NO,NO,NO,NO,NO,NO,NO,NO,SI
5188,1,3045,922,922,NO,NO,NO,NO,NO,NO,NO,NO,SI,NO,NO,NO,NO,SI
5189,1,3046,981,981,NO,NO,NO,NO,NO,NO,NO,NO,NO,NO,NO,SI,NO,SI
5190,1,3046,905,905,NO,SI,NO,NO,NO,NO,NO,NO,NO,NO,NO,NO,NO,SI
5191,1,3053,832,832,SI,NO,NO,SI,NO,NO,NO,NO,NO,NO,NO,NO,NO,SI
5192,1,3053,869,869,NO,SI,SI,NO,NO,NO,NO,NO,NO,NO,NO,NO,NO,SI
5193,1,3008,958,958,NO,SI,NO,NO,NO,NO,NO,NO,NO,NO,NO,NO,NO,SI
5194,1,3029,807,807,NO,NO,NO,NO,NO,SI,NO,NO,NO,NO,NO,NO,NO,SI
5195,1,3004,842,842,NO,NO,NO,NO,NO,NO,NO,NO,NO,NO,NO,NO,NO,SI
5196,1,3054,702,702,NO,NO,NO,NO,NO,NO,NO,NO,NO,NO,NO,NO,NO,SI
5197,1,3012,718,718,NO,NO,NO,NO,NO,NO,NO,NO,NO,NO,NO,NO,NO,SI
5198,1,3055,822,822,NO,SI,NO,NO,NO,NO,NO,NO,NO,NO,NO,NO,NO,SI
5199,1,3005,899,899,SI,NO,NO,NO,NO,NO,NO,NO,NO,NO,NO,SI,NO,SI
5200,1,3042,836,836,NO,SI,NO,NO,NO,NO,NO,NO,NO,NO,NO,NO,NO,NO
5201,1,3008,941,941,NO,NO,NO,NO,SI,NO,NO,NO,NO,NO,NO,NO,NO,SI
5202,1,3017,842,842,NO,NO,NO,NO,NO,NO,NO,NO,NO,NO,NO,NO,NO,SI
5203,1,3046,923,923,NO,NO,NO,NO,NO,NO,NO,NO,NO,NO,NO,NO,NO,SI
5204,1,3005,895,895,NO,NO,NO,NO,NO,NO,NO,NO,NO,NO,NO,NO,NO,SI
5205,1,3001,922,922,NO,NO,NO,NO,NO,NO,NO,NO,NO,NO,NO,NO,NO,SI
5206,1,3001,940,940,SI,NO,NO,NO,NO,NO,NO,NO,NO,NO,NO,SI,NO,NO
5207,1,3045,969,969,NO,NO,NO,NO,NO,NO,NO,NO,NO,NO,NO,NO,NO,SI
5208,1,3054,849,849,NO,NO,NO,NO,NO,NO,NO,NO,NO,NO,NO,NO,NO,SI
5209,1,3008,946,946,NO,NO,NO,NO,NO,NO,NO,NO,NO,NO,NO,SI,NO,SI
5210,1,3038,817,817,NO,NO,NO,NO,NO,NO,NO,NO,NO,NO,NO,NO,NO,SI
5211,1,3047,748,748,NO,NO,NO,NO,NO,NO,NO,NO,NO,NO,NO,SI,NO,SI
5212,1,3043,886,886,SI,NO,NO,SI,NO,NO,NO,NO,NO,NO,NO,NO,NO,SI
5213,1,3001,935,935,NO,NO,NO,NO,NO,NO,NO,NO,NO,NO,NO,NO,NO,NO
5214,1,3005,895,895,SI,NO,SI,SI,NO,NO,NO,NO,NO,NO,NO,NO,NO,NO
5215,1,3045,873,873,SI,NO,NO,NO,NO,NO,NO,NO,NO,NO,NO,NO,NO,NO
5216,1,3005,970,970,NO,NO,NO,NO,NO,NO,NO,NO,NO,NO,NO,NO,NO,SI
5217,1,3046,963,963,SI,SI,NO,NO,SI,NO,NO,NO,NO,NO,NO,NO,NO,SI
5218,1,3037,862,862,SI,NO,NO,NO,NO,NO,NO,NO,NO,NO,NO,NO,NO,NO
5219,1,3045,904,904,SI,NO,NO,NO,NO,NO,NO,NO,NO,NO,NO,NO,NO,SI
5220,1,3001,967,967,NO,SI,NO,NO,NO,NO,NO,NO,NO,NO,NO,NO,NO,SI
5221,1,3034,943,943,SI,NO,NO,NO,NO,NO,NO,NO,NO,NO,NO,NO,NO,SI
5222,1,3037,665,665,NO,SI,NO,NO,NO,NO,NO,NO,NO,NO,NO,SI,NO,SI
5223,1,3004,667,667,NO,NO,NO,NO,NO,NO,NO,NO,NO,NO,NO,NO,NO,SI
5224,1,3045,912,912,SI,NO,NO,NO,NO,NO,NO,NO,NO,NO,NO,NO,NO,NO
5225,1,3005,912,912,NO,NO,NO,NO,NO,NO,NO,NO,NO,NO,NO,NO,NO,SI
5226,1,3018,701,701,NO,NO,NO,SI,NO,NO,NO,NO,NO,NO,NO,NO,NO,NO
5227,1,3034,976,976,NO,NO,NO,SI,NO,NO,NO,SI,NO,NO,NO,NO,NO,SI
5228,1,3008,916,916,NO,SI,NO,NO,NO,NO,NO,NO,NO,NO,NO,SI,NO,SI
5229,1,3024,856,856,NO,NO,NO,NO,NO,NO,NO,NO,NO,NO,NO,NO,NO,SI
5230,1,3049,924,924,SI,SI,NO,NO,NO,NO,NO,NO,NO,NO,NO,NO,NO,SI
5231,1,3046,937,937,NO,NO,NO,SI,NO,NO,NO,NO,NO,NO,NO,NO,NO,SI
5232,1,3055,819,819,NO,NO,NO,SI,NO,NO,NO,NO,NO,NO,NO,NO,NO,SI
5233,1,3046,954,954,SI,NO,NO,NO,NO,NO,NO,NO,NO,NO,NO,NO,NO,SI
5234,1,3005,919,919,NO,NO,NO,NO,SI,NO,NO,NO,NO,NO,NO,NO,NO,SI
5235,1,3008,951,951,SI,SI,NO,NO,NO,SI,NO,NO,NO,NO,NO,SI,NO,SI
5236,1,3039,689,689,SI,NO,NO,NO,NO,NO,NO,NO,NO,NO,NO,NO,NO,SI
5237,1,3046,885,885,SI,SI,NO,NO,NO,NO,NO,NO,NO,NO,NO,NO,SI,SI
5238,1,3039,754,754,SI,NO,SI,NO,NO,NO,NO,NO,NO,NO,NO,NO,NO,NO
5239,1,3045,912,912,NO,NO,NO,NO,NO,NO,NO,NO,NO,NO,NO,NO,NO,SI
5240,1,3008,962,962,NO,SI,NO,NO,NO,NO,NO,NO,NO,NO,NO,NO,NO,NO
5241,1,3045,908,908,SI,NO,NO,NO,NO,NO,NO,NO,NO,NO,NO,SI,NO,SI
5242,1,3005,936,936,NO,NO,NO,NO,NO,NO,NO,NO,NO,NO,NO,NO,NO,SI
5243,1,3008,888,888,NO,NO,NO,NO,NO,NO,NO,NO,NO,NO,NO,NO,NO,SI
5244,1,3045,919,919,NO,NO,NO,NO,NO,SI,NO,NO,NO,NO,NO,NO,NO,SI
5245,1,3005,965,965,NO,SI,NO,NO,NO,NO,NO,NO,NO,NO,NO,NO,NO,SI
5246,1,3034,943,943,NO,NO,NO,NO,NO,NO,NO,NO,NO,NO,NO,NO,NO,NO
5247,1,3034,952,952,SI,SI,NO,NO,NO,NO,NO,NO,NO,NO,NO,NO,NO,SI
5248,1,3035,807,807,NO,NO,NO,NO,NO,NO,NO,NO,NO,NO,NO,NO,NO,SI
5249,1,3051,645,645,SI,SI,NO,NO,NO,NO,NO,NO,NO,NO,NO,SI,NO,SI
5250,1,3008,975,975,NO,NO,NO,NO,NO,NO,NO,NO,NO,NO,NO,NO,NO,SI
5251,1,3045,920,920,NO,NO,NO,NO,NO,NO,NO,NO,NO,NO,NO,NO,NO,NO
5252,1,3034,929,929,NO,NO,NO,NO,NO,NO,NO,NO,NO,NO,NO,NO,NO,NO
5253,1,3001,931,931,SI,NO,NO,NO,NO,NO,SI,NO,NO,NO,NO,NO,NO,SI
5254,1,3056,887,887,SI,NO,NO,NO,NO,NO,NO,NO,NO,NO,NO,NO,NO,SI
5255,1,3034,915,915,NO,SI,NO,NO,NO,NO,NO,NO,NO,NO,NO,NO,NO,SI
5256,1,3026,802,802,SI,SI,NO,NO,NO,SI,NO,NO,NO,NO,NO,NO,NO,SI
5257,1,3001,940,940,NO,NO,NO,NO,NO,NO,NO,NO,NO,NO,NO,NO,NO,SI
5258,1,3008,900,900,NO,SI,NO,NO,NO,SI,NO,NO,NO,NO,NO,NO,NO,SI
5259,1,3052,869,869,NO,NO,NO,SI,NO,NO,NO,NO,NO,NO,NO,NO,NO,SI
5260,1,3045,928,928,SI,NO,NO,NO,NO,NO,NO,NO,NO,NO,NO,NO,NO,SI
5261,1,3005,872,872,NO,NO,NO,NO,SI,NO,NO,NO,NO,NO,NO,NO,NO,NO
5262,1,3034,960,960,NO,SI,NO,NO,NO,NO,NO,NO,NO,NO,NO,NO,NO,SI
5263,1,3021,996,996,SI,NO,NO,NO,NO,NO,NO,NO,NO,NO,NO,NO,NO,SI
5264,1,3053,754,754,NO,NO,NO,NO,NO,NO,NO,NO,NO,NO,NO,NO,NO,SI
5265,1,3001,938,938,SI,NO,NO,NO,NO,NO,NO,NO,NO,NO,NO,SI,NO,SI
5266,1,3046,931,931,NO,SI,NO,NO,SI,NO,NO,NO,NO,NO,NO,NO,NO,SI
5267,1,3049,914,914,SI,NO,NO,NO,NO,NO,NO,NO,NO,NO,NO,SI,NO,SI
5268,1,3037,814,814,NO,NO,NO,NO,SI,NO,NO,NO,NO,NO,NO,NO,NO,SI
5269,1,3016,681,681,NO,NO,NO,NO,NO,NO,NO,NO,NO,NO,NO,NO,NO,NO
5270,1,3019,807,807,SI,NO,NO,NO,NO,NO,SI,NO,NO,NO,NO,NO,NO,SI
5271,1,3046,952,952,NO,NO,NO,SI,NO,NO,NO,NO,NO,NO,NO,NO,NO,SI
5272,1,3049,913,913,SI,NO,NO,NO,NO,NO,NO,NO,NO,NO,NO,NO,NO,SI
5273,1,3046,911,911,SI,SI,NO,NO,NO,NO,NO,NO,NO,NO,NO,SI,NO,NO
5274,1,3045,937,937,NO,NO,NO,NO,NO,NO,NO,NO,NO,NO,NO,NO,NO,SI
5275,1,3046,946,946,NO,NO,NO,NO,NO,NO,NO,NO,NO,NO,NO,NO,NO,SI
5276,1,3045,921,921,NO,NO,NO,NO,NO,NO,NO,NO,NO,NO,NO,SI,NO,SI
5277,1,3049,940,940,SI,NO,NO,NO,NO,NO,NO,NO,NO,NO,NO,SI,NO,SI
5278,1,3001,913,913,NO,NO,NO,NO,SI,SI,NO,NO,NO,NO,NO,NO,NO,NO
5279,1,3005,858,858,NO,NO,NO,NO,NO,NO,NO,NO,NO,NO,NO,NO,NO,SI
5280,1,3011,665,665,NO,NO,NO,NO,NO,NO,NO,NO,NO,NO,NO,NO,NO,SI
5281,1,3046,919,919,SI,NO,NO,NO,NO,NO,NO,NO,NO,NO,NO,NO,NO,NO
5282,1,3049,908,908,SI,NO,NO,NO,NO,NO,NO,NO,NO,NO,NO,NO,NO,SI
5283,1,3019,834,834,SI,NO,NO,NO,NO,NO,NO,NO,NO,NO,NO,NO,SI,SI
5284,1,3034,886,886,NO,NO,NO,SI,NO,NO,NO,NO,NO,NO,NO,NO,NO,SI
5285,1,3052,986,986,NO,SI,NO,NO,NO,NO,NO,NO,NO,NO,NO,NO,NO,SI
5286,1,3016,985,985,SI,SI,NO,NO,NO,SI,NO,NO,NO,NO,NO,NO,NO,SI
5287,1,3011,886,886,NO,NO,NO,NO,NO,NO,NO,NO,NO,NO,NO,NO,NO,SI
5288,1,3047,782,782,NO,NO,NO,NO,SI,NO,NO,NO,NO,NO,NO,NO,NO,SI
5289,1,3046,934,934,NO,NO,NO,NO,NO,SI,NO,NO,NO,NO,NO,NO,NO,SI
5290,1,3008,914,914,NO,NO,NO,NO,NO,NO,NO,NO,NO,NO,NO,NO,NO,SI
5291,1,3046,908,908,NO,SI,NO,NO,NO,NO,NO,NO,NO,NO,NO,NO,NO,SI
5292,1,3003,765,765,NO,SI,NO,NO,NO,NO,NO,NO,NO,NO,NO,NO,NO,NO
5293,1,3001,937,937,NO,SI,NO,NO,NO,NO,NO,NO,NO,NO,NO,NO,NO,SI
5294,1,3013,752,752,NO,NO,NO,NO,NO,NO,NO,NO,NO,NO,NO,NO,NO,SI
5295,1,3001,946,946,NO,NO,NO,NO,NO,NO,NO,NO,NO,NO,NO,NO,NO,SI
5296,1,3045,901,901,SI,NO,NO,NO,SI,NO,NO,NO,NO,NO,NO,NO,NO,SI
5297,1,3046,899,899,SI,NO,NO,SI,NO,NO,NO,NO,NO,NO,NO,NO,NO,SI
5298,1,3008,921,921,SI,NO,NO,NO,SI,NO,NO,NO,NO,NO,NO,SI,NO,SI
5299,1,3012,738,738,NO,SI,NO,NO,NO,NO,NO,NO,NO,NO,NO,NO,NO,NO
5300,1,3052,679,679,SI,NO,NO,NO,NO,NO,NO,NO,NO,NO,NO,NO,NO,SI
5301,1,3001,928,928,NO,NO,NO,NO,NO,NO,NO,NO,NO,NO,NO,NO,NO,SI
5302,1,3037,859,859,SI,NO,NO,NO,NO,NO,NO,NO,NO,NO,NO,NO,NO,SI
5303,1,3046,895,895,NO,NO,NO,SI,NO,NO,NO,NO,NO,NO,NO,SI,NO,SI
5304,1,3030,824,824,NO,NO,NO,NO,NO,NO,NO,NO,NO,NO,NO,SI,NO,SI
5305,1,3046,914,914,SI,NO,NO,NO,NO,NO,NO,NO,NO,NO,NO,NO,NO,SI
5306,1,3008,894,894,SI,NO,NO,NO,NO,NO,NO,NO,NO,NO,NO,NO,NO,SI
5307,1,3034,944,944,SI,NO,NO,NO,NO,NO,NO,NO,NO,NO,NO,NO,NO,SI
5308,1,3005,945,945,NO,NO,NO,NO,NO,NO,NO,NO,NO,NO,NO,NO,NO,SI
5309,1,3010,610,610,SI,NO,NO,NO,NO,NO,NO,NO,NO,NO,NO,NO,NO,NO
5310,1,3005,936,936,NO,SI,NO,NO,SI,NO,NO,NO,NO,NO,NO,NO,NO,SI
5311,1,3049,915,915,NO,NO,NO,SI,NO,NO,NO,NO,NO,NO,NO,NO,NO,SI
5312,1,3046,932,932,NO,SI,NO,NO,NO,NO,NO,NO,NO,NO,NO,NO,NO,SI
5313,1,3049,907,907,SI,NO,NO,NO,NO,SI,NO,NO,NO,NO,NO,NO,NO,SI
5314,1,3034,921,921,NO,NO,NO,NO,NO,NO,NO,NO,NO,NO,NO,NO,NO,SI
5315,1,3011,780,780,NO,SI,NO,NO,NO,NO,NO,NO,NO,NO,NO,NO,NO,NO
5316,1,3049,936,936,NO,NO,NO,NO,NO,NO,NO,NO,NO,NO,NO,NO,NO,SI
5317,1,3008,923,923,SI,NO,NO,NO,NO,NO,NO,NO,NO,NO,NO,NO,NO,SI
5318,1,3050,637,637,SI,SI,NO,NO,NO,NO,NO,NO,NO,NO,NO,SI,NO,SI
5319,1,3056,845,845,NO,SI,NO,NO,NO,SI,NO,NO,NO,NO,NO,NO,NO,SI
5320,1,3046,914,914,SI,NO,NO,NO,NO,NO,NO,NO,NO,NO,NO,NO,SI,SI
5321,1,3007,857,857,NO,NO,NO,NO,NO,NO,NO,NO,NO,NO,NO,NO,NO,SI
5322,1,3001,941,941,NO,NO,SI,NO,NO,NO,NO,NO,NO,NO,NO,NO,NO,SI
5323,1,3045,918,918,SI,NO,NO,NO,NO,NO,NO,NO,NO,NO,NO,NO,NO,NO
5324,1,3049,911,911,NO,NO,NO,NO,NO,NO,NO,NO,NO,NO,NO,NO,NO,SI
5325,1,3046,939,939,SI,NO,NO,NO,NO,NO,NO,NO,NO,NO,NO,NO,NO,SI
5326,1,3045,952,952,NO,SI,NO,NO,NO,NO,NO,NO,NO,NO,NO,NO,NO,SI
5327,1,3016,865,865,NO,NO,NO,SI,NO,NO,NO,NO,NO,NO,NO,NO,NO,SI
5328,1,3045,966,966,NO,SI,NO,SI,NO,NO,NO,NO,NO,NO,NO,SI,NO,SI
5329,1,3051,790,790,NO,NO,NO,NO,NO,SI,NO,NO,NO,NO,NO,NO,NO,SI
5330,1,3052,862,862,SI,NO,NO,NO,NO,NO,NO,NO,NO,NO,NO,NO,NO,SI
5331,1,3049,896,896,SI,NO,NO,NO,NO,NO,NO,NO,NO,NO,NO,NO,NO,SI
5332,1,3001,995,995,NO,NO,NO,NO,NO,NO,NO,NO,NO,NO,NO,NO,NO,SI
5333,1,3015,822,822,NO,NO,NO,NO,NO,NO,NO,NO,NO,NO,NO,SI,NO,SI
5334,1,3001,928,928,NO,NO,NO,NO,NO,SI,NO,NO,NO,NO,NO,NO,NO,SI
5335,1,3048,807,807,NO,NO,NO,NO,NO,NO,NO,NO,NO,NO,SI,NO,NO,SI
5336,1,3005,897,897,SI,NO,NO,NO,NO,NO,NO,NO,NO,NO,NO,NO,NO,SI
5337,1,3005,958,958,NO,SI,NO,NO,NO,NO,NO,NO,NO,NO,NO,NO,NO,SI
5338,1,3055,690,690,SI,SI,NO,NO,NO,NO,NO,NO,NO,NO,NO,NO,NO,SI
5339,1,3048,755,755,NO,NO,NO,NO,NO,NO,NO,NO,NO,NO,NO,NO,NO,SI
5340,1,3025,762,762,NO,NO,NO,NO,SI,NO,NO,NO,NO,NO,NO,NO,SI,NO
5341,1,3046,928,928,SI,NO,NO,SI,NO,NO,NO,NO,NO,NO,NO,NO,NO,SI
5342,1,3052,653,653,NO,SI,NO,NO,NO,NO,NO,NO,NO,NO,NO,SI,NO,SI
5343,1,3023,865,865,NO,NO,NO,NO,NO,NO,NO,NO,NO,NO,NO,NO,NO,SI
5344,1,3035,789,789,SI,NO,SI,NO,NO,NO,NO,NO,NO,NO,NO,NO,NO,SI
5345,1,3039,779,779,NO,NO,NO,NO,NO,NO,NO,NO,NO,NO,NO,NO,NO,SI
5346,1,3049,988,988,NO,NO,NO,SI,NO,NO,NO,NO,NO,NO,NO,NO,NO,NO
5347,1,3008,948,948,SI,NO,NO,NO,NO,NO,NO,NO,NO,NO,NO,NO,NO,NO
5348,1,3045,917,917,SI,NO,NO,SI,NO,NO,NO,NO,NO,NO,NO,NO,NO,NO
5349,1,3045,893,893,NO,SI,NO,NO,NO,NO,NO,NO,NO,NO,NO,NO,NO,NO
5350,1,3005,947,947,NO,NO,NO,NO,NO,NO,NO,NO,NO,NO,NO,NO,NO,SI
5351,1,3040,840,840,NO,NO,NO,NO,NO,NO,NO,NO,NO,NO,NO,NO,NO,NO
5352,1,3021,678,678,NO,NO,NO,NO,NO,NO,NO,NO,NO,NO,NO,NO,NO,NO
5353,1,3054,847,847,SI,NO,NO,NO,NO,NO,NO,NO,NO,NO,NO,NO,NO,SI
5354,1,3046,959,959,SI,NO,NO,NO,NO,NO,NO,NO,NO,NO,NO,NO,NO,SI
5355,1,3047,879,879,NO,NO,NO,NO,NO,NO,NO,NO,NO,NO,NO,NO,NO,NO
5356,1,3049,907,907,NO,NO,NO,SI,NO,NO,NO,NO,NO,NO,NO,NO,NO,SI
5357,1,3020,847,847,NO,NO,NO,NO,NO,NO,NO,NO,NO,NO,NO,NO,NO,SI
5358,1,3034,866,866,NO,NO,NO,NO,SI,NO,NO,NO,NO,NO,NO,NO,NO,NO
5359,1,3001,1000,1000,NO,NO,NO,SI,NO,NO,NO,NO,NO,NO,NO,SI,NO,SI
5360,1,3039,867,867,SI,NO,NO,NO,NO,NO,NO,NO,NO,NO,NO,NO,NO,SI
5361,1,3034,899,899,SI,NO,NO,NO,NO,NO,NO,NO,NO,NO,NO,NO,NO,SI
5362,1,3040,948,948,NO,NO,NO,NO,NO,NO,NO,NO,NO,NO,NO,SI,NO,SI
5363,1,3001,940,940,SI,NO,NO,NO,NO,NO,NO,NO,NO,NO,NO,NO,NO,SI
5364,1,3001,906,906,NO,NO,SI,NO,NO,NO,NO,NO,NO,NO,NO,NO,NO,SI
5365,1,3005,861,861,SI,SI,SI,NO,NO,NO,NO,NO,NO,NO,NO,NO,NO,SI
5366,1,3034,936,936,NO,SI,NO,NO,NO,NO,NO,NO,NO,NO,NO,NO,NO,SI
5367,1,3054,795,795,NO,NO,NO,NO,SI,NO,NO,NO,NO,NO,NO,NO,NO,NO
5368,1,3045,893,893,NO,NO,NO,SI,NO,NO,NO,NO,NO,NO,NO,NO,NO,SI
5369,1,3041,684,684,SI,NO,NO,NO,NO,NO,NO,NO,NO,NO,NO,NO,NO,SI
5370,1,3001,909,909,NO,SI,NO,NO,NO,NO,NO,NO,NO,NO,NO,NO,NO,SI
5371,1,3008,904,904,NO,NO,NO,NO,NO,SI,NO,NO,NO,NO,NO,NO,SI,SI
5372,1,3049,929,929,NO,NO,NO,SI,NO,NO,NO,NO,NO,NO,NO,NO,NO,SI
5373,1,3045,939,939,NO,NO,NO,NO,NO,NO,SI,NO,NO,NO,NO,SI,NO,SI
5374,1,3034,929,929,SI,SI,NO,NO,NO,NO,NO,NO,NO,NO,NO,NO,SI,SI
5375,1,3008,937,937,SI,NO,NO,NO,NO,NO,NO,NO,NO,NO,NO,NO,NO,SI
5376,1,3046,892,892,NO,SI,NO,NO,SI,NO,NO,NO,NO,NO,NO,NO,NO,NO
5377,1,3035,705,705,NO,SI,NO,NO,NO,NO,NO,NO,NO,NO,NO,NO,NO,NO
5378,1,3019,793,793,NO,NO,NO,NO,NO,NO,NO,NO,NO,NO,NO,NO,NO,NO
5379,1,3046,929,929,SI,NO,NO,NO,NO,NO,NO,NO,NO,NO,NO,NO,NO,SI
5380,1,3045,932,932,SI,SI,NO,NO,NO,NO,NO,NO,NO,NO,NO,NO,NO,NO
5381,1,3008,936,936,NO,SI,NO,NO,NO,NO,NO,NO,NO,NO,NO,NO,NO,SI
5382,1,3001,910,910,NO,NO,NO,NO,NO,NO,NO,NO,NO,NO,NO,SI,SI,NO
5383,1,3008,958,958,NO,NO,NO,SI,NO,NO,NO,NO,NO,NO,NO,NO,NO,SI
5384,1,3005,971,971,NO,NO,NO,NO,NO,NO,NO,NO,NO,NO,NO,NO,NO,SI
5385,1,3008,914,914,SI,NO,NO,NO,NO,NO,NO,NO,NO,NO,NO,NO,NO,SI
5386,1,3001,916,916,NO,SI,NO,NO,NO,NO,NO,NO,NO,NO,NO,NO,NO,SI
5387,1,3001,909,909,NO,NO,NO,NO,NO,NO,NO,NO,NO,NO,NO,NO,NO,SI
5388,1,3049,923,923,NO,SI,NO,NO,NO,NO,NO,NO,NO,NO,NO,SI,NO,SI
5389,1,3001,930,930,SI,NO,NO,NO,NO,NO,NO,NO,NO,NO,NO,SI,NO,SI
5390,1,3008,895,895,NO,SI,NO,NO,NO,NO,NO,NO,NO,NO,NO,NO,NO,SI
5391,1,3049,991,991,NO,NO,NO,NO,NO,NO,NO,NO,NO,NO,NO,NO,NO,SI
5392,1,3003,782,782,NO,SI,NO,NO,NO,NO,NO,NO,NO,NO,NO,NO,NO,NO
5393,1,3045,944,944,NO,SI,NO,NO,NO,NO,NO,NO,NO,NO,NO,SI,NO,SI
5394,1,3034,929,929,NO,NO,NO,NO,NO,NO,NO,NO,NO,NO,NO,NO,NO,SI
5395,1,3028,793,793,SI,NO,NO,NO,NO,NO,NO,NO,NO,NO,NO,NO,NO,SI
5396,1,3045,920,920,NO,NO,NO,NO,NO,NO,NO,NO,NO,NO,NO,NO,NO,SI
5397,1,3005,869,869,SI,NO,NO,NO,NO,NO,NO,NO,NO,NO,NO,NO,NO,SI
5398,1,3045,921,921,NO,NO,NO,NO,NO,NO,NO,NO,NO,NO,NO,NO,NO,SI
5399,1,3008,929,929,NO,NO,NO,NO,NO,NO,NO,NO,NO,NO,NO,NO,NO,SI
5400,1,3046,948,948,SI,SI,NO,NO,NO,NO,NO,NO,NO,NO,NO,NO,NO,SI
5401,1,3023,690,690,SI,NO,NO,NO,NO,NO,NO,NO,NO,NO,NO,NO,NO,SI
5402,1,3049,906,906,SI,NO,NO,SI,NO,NO,NO,NO,NO,NO,NO,NO,NO,SI
5403,1,3046,912,912,SI,NO,NO,NO,NO,SI,NO,NO,NO,NO,NO,NO,NO,SI
5404,1,3007,804,804,SI,SI,NO,NO,NO,NO,NO,NO,NO,NO,NO,NO,NO,SI
5405,1,3031,674,674,NO,NO,NO,NO,NO,NO,NO,NO,NO,SI,NO,NO,NO,SI
5406,1,3042,736,736,SI,SI,NO,NO,NO,NO,NO,NO,NO,NO,NO,NO,NO,SI
5407,1,3049,930,930,SI,NO,NO,NO,NO,NO,NO,NO,NO,NO,NO,SI,NO,SI
5408,1,3013,731,731,NO,NO,NO,NO,NO,NO,NO,NO,NO,NO,NO,NO,NO,SI
5409,1,3005,887,887,NO,NO,NO,NO,NO,NO,NO,NO,NO,NO,NO,NO,NO,SI
5410,1,3006,817,817,SI,NO,NO,NO,SI,NO,NO,NO,NO,NO,NO,NO,NO,SI
5411,1,3049,891,891,NO,NO,NO,NO,NO,NO,NO,NO,NO,NO,NO,NO,NO,NO
5412,1,3054,726,726,NO,NO,NO,NO,NO,NO,NO,NO,NO,NO,NO,SI,NO,SI
5413,1,3007,717,717,NO,NO,NO,NO,NO,NO,NO,NO,NO,NO,NO,NO,NO,SI
5414,1,3034,902,902,NO,NO,NO,NO,NO,NO,NO,NO,NO,NO,NO,NO,NO,SI
5415,1,3005,922,922,NO,SI,NO,NO,NO,NO,NO,NO,NO,NO,NO,NO,NO,SI
5416,1,3008,923,923,NO,NO,NO,NO,NO,NO,NO,NO,NO,NO,NO,NO,NO,SI
5417,1,3045,901,901,SI,NO,NO,NO,NO,NO,NO,NO,NO,NO,NO,NO,NO,SI
5418,1,3013,757,757,NO,NO,NO,NO,NO,NO,NO,NO,NO,NO,NO,NO,NO,NO
5419,1,3006,665,665,SI,NO,NO,NO,NO,NO,NO,NO,NO,NO,NO,NO,NO,SI
5420,1,3050,635,635,NO,SI,NO,NO,NO,SI,NO,NO,NO,NO,NO,NO,NO,NO
5421,1,3034,911,911,NO,NO,NO,NO,NO,NO,NO,NO,NO,NO,NO,NO,NO,SI
5422,1,3039,632,632,SI,SI,NO,NO,NO,NO,NO,NO,NO,NO,NO,SI,NO,SI
5423,1,3025,837,837,NO,SI,NO,NO,NO,NO,NO,NO,NO,NO,NO,NO,NO,SI
5424,1,3050,862,862,NO,NO,NO,NO,NO,NO,NO,NO,NO,NO,NO,NO,NO,SI
5425,1,3005,921,921,NO,NO,NO,NO,NO,NO,NO,NO,SI,NO,NO,SI,NO,SI
5426,1,3005,922,922,NO,NO,NO,NO,NO,NO,NO,NO,NO,NO,NO,NO,NO,SI
5427,1,3046,971,971,NO,SI,NO,NO,NO,NO,NO,NO,NO,NO,NO,NO,NO,SI
5428,1,3046,960,960,SI,SI,NO,NO,NO,NO,NO,NO,NO,NO,NO,NO,NO,SI
5429,1,3017,857,857,NO,SI,NO,NO,SI,NO,NO,NO,NO,NO,NO,NO,NO,SI
5430,1,3045,937,937,NO,NO,NO,NO,NO,NO,NO,NO,NO,NO,NO,NO,NO,SI
5431,1,3021,699,699,SI,NO,NO,NO,NO,NO,NO,NO,NO,NO,NO,SI,NO,SI
5432,1,3005,873,873,NO,NO,NO,NO,NO,NO,NO,NO,NO,NO,NO,NO,NO,NO
5433,1,3034,950,950,NO,NO,NO,SI,NO,NO,NO,NO,NO,NO,NO,NO,NO,SI
5434,1,3040,723,723,NO,NO,NO,NO,NO,NO,NO,NO,NO,NO,NO,NO,NO,SI
5435,1,3045,979,979,NO,SI,NO,SI,NO,NO,NO,NO,NO,NO,NO,NO,NO,SI
5436,1,3001,931,931,SI,NO,NO,NO,NO,NO,NO,NO,NO,NO,NO,NO,NO,NO
5437,1,3047,655,655,NO,NO,NO,NO,NO,NO,NO,NO,NO,NO,NO,NO,NO,SI
5438,1,3027,781,781,NO,NO,NO,NO,NO,NO,NO,NO,NO,NO,NO,NO,NO,SI
5439,1,3008,961,961,NO,NO,NO,NO,NO,NO,NO,NO,NO,NO,NO,NO,NO,SI
5440,1,3008,890,890,NO,SI,NO,NO,NO,NO,NO,NO,NO,NO,NO,NO,NO,NO
5441,1,3053,813,813,NO,SI,NO,NO,NO,NO,NO,NO,NO,NO,NO,NO,NO,SI
5442,1,3017,743,743,SI,SI,NO,SI,NO,NO,SI,NO,NO,NO,NO,NO,NO,SI
5443,1,3013,813,813,SI,SI,NO,NO,NO,SI,NO,NO,NO,NO,NO,NO,NO,NO
5444,1,3030,707,707,NO,NO,NO,NO,NO,NO,NO,NO,NO,NO,NO,NO,NO,NO
5445,1,3046,875,875,SI,SI,NO,NO,NO,NO,NO,NO,NO,NO,NO,NO,NO,SI
5446,1,3046,915,915,NO,NO,NO,NO,NO,NO,NO,NO,NO,NO,SI,NO,NO,SI
5447,1,3005,922,922,NO,NO,NO,NO,NO,NO,NO,NO,NO,SI,NO,NO,NO,NO
5448,1,3001,900,900,NO,SI,NO,NO,NO,NO,NO,NO,NO,NO,NO,NO,NO,SI
5449,1,3001,902,902,NO,NO,NO,NO,NO,NO,NO,NO,NO,NO,NO,NO,NO,NO
5450,1,3001,959,959,SI,NO,NO,NO,NO,NO,NO,NO,NO,NO,NO,NO,NO,SI
5451,1,3038,642,642,SI,SI,NO,NO,NO,NO,NO,NO,NO,NO,NO,NO,NO,SI
5452,1,3047,762,762,SI,NO,NO,NO,NO,NO,NO,NO,NO,NO,NO,NO,NO,NO
5453,1,3046,924,924,NO,NO,NO,SI,NO,NO,NO,NO,NO,NO,NO,NO,NO,SI
5454,1,3045,951,951,SI,SI,NO,SI,NO,NO,NO,NO,NO,NO,NO,NO,NO,SI
5455,1,3024,774,774,NO,NO,NO,SI,NO,NO,NO,NO,NO,NO,NO,NO,NO,SI
5456,1,3034,876,876,NO,NO,NO,NO,NO,NO,NO,NO,NO,NO,NO,NO,NO,SI
5457,1,3045,932,932,NO,SI,NO,NO,NO,NO,NO,NO,NO,NO,NO,NO,NO,SI
5458,1,3034,940,940,NO,NO,NO,NO,NO,NO,NO,NO,NO,NO,NO,NO,NO,SI
5459,1,3051,605,605,NO,SI,NO,NO,NO,NO,NO,NO,NO,NO,NO,NO,NO,SI
5460,1,3024,749,749,NO,NO,NO,NO,NO,NO,NO,NO,NO,NO,NO,NO,NO,NO
5461,1,3005,923,923,SI,NO,NO,NO,NO,NO,NO,NO,NO,NO,NO,NO,NO,SI
5462,1,3047,702,702,SI,SI,NO,NO,NO,NO,NO,NO,NO,NO,NO,NO,NO,SI
5463,1,3013,727,727,SI,NO,NO,NO,NO,NO,NO,NO,NO,NO,NO,NO,NO,NO
5464,1,3046,921,921,NO,NO,NO,NO,NO,NO,NO,NO,NO,NO,NO,SI,NO,SI
5465,1,3046,905,905,SI,NO,NO,NO,NO,NO,NO,NO,NO,NO,NO,NO,NO,SI
5466,1,3005,948,948,NO,NO,NO,NO,NO,NO,NO,NO,NO,NO,NO,NO,NO,SI
5467,1,3046,955,955,NO,NO,NO,NO,NO,NO,NO,NO,NO,NO,NO,NO,NO,SI
5468,1,3040,788,788,NO,NO,NO,NO,NO,NO,NO,NO,NO,NO,NO,NO,NO,SI
5469,1,3040,678,678,SI,NO,NO,NO,NO,NO,NO,NO,NO,NO,NO,NO,NO,SI
5470,1,3045,964,964,NO,NO,NO,NO,NO,NO,NO,NO,NO,NO,NO,NO,SI,NO
5471,1,3005,929,929,NO,NO,NO,SI,NO,NO,NO,NO,NO,NO,NO,NO,NO,SI
5472,1,3048,794,794,SI,SI,NO,NO,NO,NO,NO,NO,NO,NO,NO,NO,NO,SI
5473,1,3050,910,910,SI,NO,NO,NO,NO,NO,NO,NO,NO,NO,NO,NO,NO,SI
5474,1,3025,733,733,NO,NO,NO,NO,NO,NO,NO,NO,NO,NO,NO,NO,NO,SI
5475,1,3049,913,913,NO,NO,NO,NO,NO,NO,NO,NO,NO,NO,NO,NO,NO,SI
5476,1,3029,771,771,SI,NO,NO,NO,NO,NO,NO,NO,NO,NO,NO,NO,NO,SI
5477,1,3034,890,890,NO,SI,NO,NO,NO,NO,NO,NO,NO,NO,NO,NO,NO,SI
5478,1,3049,919,919,NO,SI,NO,NO,NO,NO,NO,NO,NO,NO,NO,NO,NO,SI
5479,1,3050,803,803,SI,NO,NO,SI,NO,NO,NO,NO,NO,NO,NO,NO,NO,SI
5480,1,3002,720,720,SI,SI,NO,NO,NO,NO,NO,NO,NO,NO,NO,SI,NO,SI
5481,1,3001,957,957,NO,NO,NO,NO,NO,NO,NO,NO,NO,NO,NO,SI,NO,SI
5482,1,3047,743,743,NO,NO,NO,NO,NO,NO,NO,NO,NO,NO,NO,NO,NO,SI
5483,1,3022,888,888,NO,NO,NO,NO,NO,NO,NO,NO,NO,NO,NO,NO,NO,SI
5484,1,3001,921,921,SI,NO,NO,NO,SI,NO,NO,NO,NO,NO,NO,SI,NO,SI
5485,1,3024,849,849,NO,NO,NO,SI,NO,NO,NO,NO,NO,NO,NO,SI,NO,SI
5486,1,3008,924,924,SI,SI,NO,NO,NO,NO,NO,NO,NO,NO,NO,NO,NO,SI
5487,1,3049,923,923,SI,NO,NO,NO,NO,NO,NO,NO,NO,NO,NO,NO,NO,SI
5488,1,3027,890,890,NO,NO,NO,NO,NO,NO,NO,NO,NO,NO,NO,NO,NO,SI
5489,1,3001,933,933,NO,SI,NO,NO,NO,NO,NO,NO,NO,NO,NO,NO,NO,SI
5490,1,3038,710,710,NO,SI,NO,NO,NO,NO,NO,NO,NO,NO,NO,NO,NO,SI
5491,1,3056,698,698,NO,NO,NO,NO,NO,NO,NO,NO,NO,NO,NO,NO,NO,SI
5492,1,3048,847,847,SI,SI,NO,NO,NO,NO,NO,NO,NO,NO,NO,NO,NO,SI
5493,1,3008,918,918,NO,NO,NO,NO,NO,NO,NO,NO,NO,NO,NO,NO,NO,SI
5494,1,3043,702,702,SI,SI,NO,NO,NO,NO,NO,NO,NO,NO,NO,NO,NO,SI
5495,1,3030,737,737,SI,NO,NO,NO,NO,NO,NO,NO,NO,NO,NO,NO,NO,SI
5496,1,3001,936,936,SI,NO,NO,NO,NO,NO,NO,NO,NO,NO,NO,NO,NO,SI
5497,1,3046,950,950,SI,NO,NO,NO,SI,NO,NO,NO,NO,NO,NO,NO,NO,NO
5498,1,3001,932,932,NO,NO,NO,NO,NO,NO,NO,NO,NO,NO,NO,NO,NO,NO
5499,1,3005,925,925,SI,SI,NO,NO,NO,NO,SI,NO,NO,NO,NO,NO,NO,SI
5500,1,3045,974,974,NO,NO,NO,NO,NO,NO,NO,SI,NO,NO,NO,NO,NO,SI
5501,1,3044,731,731,NO,NO,NO,NO,NO,NO,NO,NO,NO,NO,NO,NO,NO,SI
5502,1,3049,932,932,NO,NO,NO,NO,SI,NO,NO,NO,NO,NO,NO,SI,NO,SI
5503,1,3008,934,934,NO,NO,NO,NO,NO,NO,NO,NO,NO,NO,NO,SI,NO,SI
5504,1,3005,931,931,SI,SI,SI,NO,NO,NO,NO,NO,NO,NO,NO,NO,NO,SI
5505,1,3046,923,923,SI,SI,NO,NO,NO,NO,NO,NO,NO,NO,NO,NO,NO,SI
5506,1,3046,938,938,SI,NO,NO,NO,NO,SI,NO,NO,NO,NO,NO,NO,NO,NO
5507,1,3031,765,765,NO,NO,NO,NO,NO,NO,NO,NO,NO,NO,NO,NO,NO,NO
5508,1,3005,893,893,NO,NO,NO,NO,NO,NO,NO,NO,NO,NO,NO,NO,NO,SI
5509,1,3029,834,834,NO,NO,NO,NO,NO,NO,NO,NO,NO,NO,NO,NO,NO,SI
5510,1,3008,902,902,SI,NO,NO,NO,NO,NO,NO,NO,NO,NO,NO,NO,NO,SI
5511,1,3049,1000,1000,SI,NO,NO,NO,NO,NO,NO,NO,NO,NO,NO,NO,NO,SI
5512,1,3049,946,946,SI,NO,NO,NO,NO,NO,NO,NO,NO,NO,NO,NO,NO,SI
5513,1,3028,745,745,NO,NO,NO,NO,SI,NO,NO,NO,NO,NO,NO,SI,NO,SI
5514,1,3046,887,887,NO,SI,NO,SI,NO,NO,NO,NO,NO,NO,NO,NO,NO,SI
5515,1,3045,903,903,SI,SI,NO,NO,NO,NO,NO,NO,NO,NO,NO,SI,NO,SI
5516,1,3045,908,908,NO,NO,NO,NO,NO,NO,NO,NO,NO,NO,NO,NO,NO,NO
5517,1,3001,927,927,NO,SI,SI,NO,NO,NO,NO,NO,NO,NO,NO,NO,NO,SI
5518,1,3045,864,864,SI,NO,NO,NO,NO,NO,NO,NO,NO,NO,NO,NO,NO,SI
5519,1,3046,921,921,NO,NO,NO,NO,SI,NO,NO,NO,NO,NO,NO,NO,NO,NO
5520,1,3046,904,904,NO,NO,NO,NO,NO,NO,NO,NO,NO,NO,NO,NO,NO,SI
5521,1,3046,955,955,SI,SI,NO,NO,NO,NO,NO,NO,NO,NO,NO,NO,NO,SI
5522,1,3003,694,694,SI,NO,NO,NO,NO,SI,NO,NO,NO,NO,NO,NO,NO,NO
5523,1,3046,953,953,SI,NO,NO,NO,NO,NO,NO,NO,NO,NO,NO,NO,NO,NO
5524,1,3022,800,800,SI,NO,NO,NO,NO,NO,NO,NO,NO,NO,NO,NO,NO,NO
5525,1,3045,932,932,SI,NO,NO,NO,NO,NO,NO,NO,NO,NO,NO,SI,NO,SI
5526,1,3032,665,665,SI,NO,NO,NO,NO,NO,NO,NO,NO,NO,NO,NO,NO,SI
5527,1,3007,872,872,SI,SI,NO,NO,NO,NO,NO,NO,NO,NO,NO,NO,NO,SI
5528,1,3049,903,903,NO,NO,NO,NO,NO,NO,NO,NO,NO,NO,NO,SI,NO,SI
5529,1,3032,782,782,NO,SI,NO,SI,NO,NO,NO,NO,NO,NO,NO,NO,NO,SI
5530,1,3035,777,777,SI,NO,NO,NO,NO,NO,NO,NO,NO,NO,NO,NO,NO,SI
5531,1,3005,947,947,SI,SI,NO,NO,NO,NO,NO,NO,NO,NO,NO,SI,NO,SI
5532,1,3046,942,942,NO,NO,NO,NO,NO,NO,NO,NO,NO,NO,NO,NO,NO,SI
5533,1,3046,934,934,SI,SI,NO,NO,NO,NO,NO,NO,NO,NO,NO,NO,NO,SI
5534,1,3008,989,989,SI,NO,NO,NO,NO,NO,NO,NO,NO,NO,NO,NO,NO,SI
5535,1,3005,967,967,NO,NO,NO,SI,NO,NO,NO,NO,NO,NO,NO,NO,NO,SI
5536,1,3046,959,959,NO,SI,NO,NO,NO,NO,NO,NO,NO,NO,NO,NO,NO,NO
5537,1,3031,720,720,SI,NO,NO,NO,NO,NO,NO,NO,NO,NO,NO,NO,NO,NO
5538,1,3013,792,792,NO,SI,SI,NO,NO,NO,NO,SI,NO,NO,NO,NO,NO,NO
5539,1,3046,928,928,NO,NO,NO,NO,NO,NO,NO,NO,NO,NO,NO,SI,NO,NO
5540,1,3002,825,825,NO,NO,NO,NO,NO,NO,NO,NO,NO,NO,NO,NO,NO,SI
5541,1,3045,990,990,NO,NO,NO,NO,SI,SI,SI,NO,NO,NO,NO,NO,NO,SI
5542,1,3051,822,822,NO,NO,NO,NO,NO,NO,NO,NO,NO,NO,NO,SI,NO,SI
5543,1,3018,768,768,NO,SI,NO,NO,NO,NO,NO,NO,NO,NO,NO,NO,NO,SI
5544,1,3045,941,941,NO,SI,NO,NO,NO,SI,NO,NO,NO,NO,NO,NO,NO,SI
5545,1,3045,967,967,SI,NO,NO,NO,NO,NO,NO,NO,NO,NO,NO,NO,NO,SI
5546,1,3008,889,889,SI,NO,NO,NO,NO,NO,NO,SI,NO,NO,NO,NO,NO,SI
5547,1,3005,902,902,SI,NO,NO,NO,NO,NO,NO,NO,NO,NO,NO,NO,NO,SI
5548,1,3043,691,691,NO,NO,NO,NO,NO,NO,NO,NO,NO,NO,NO,SI,NO,SI
5549,1,3001,872,872,SI,NO,NO,SI,NO,NO,NO,NO,NO,NO,NO,NO,NO,SI
5550,1,3045,933,933,SI,NO,NO,NO,NO,NO,NO,NO,NO,NO,NO,SI,NO,SI
5551,1,3051,901,901,SI,NO,NO,NO,NO,NO,NO,NO,NO,NO,NO,NO,NO,SI
5552,1,3055,816,816,NO,NO,NO,NO,NO,NO,NO,NO,NO,NO,NO,NO,NO,SI
5553,1,3056,737,737,NO,NO,NO,NO,NO,NO,NO,NO,NO,NO,NO,NO,NO,SI
5554,1,3008,928,928,NO,SI,NO,NO,NO,NO,NO,NO,NO,NO,NO,NO,NO,SI
5555,1,3017,812,812,NO,NO,NO,NO,NO,NO,NO,NO,NO,NO,NO,NO,NO,SI
5556,1,3044,743,743,NO,NO,NO,NO,NO,NO,NO,NO,NO,NO,NO,NO,NO,NO
5557,1,3056,816,816,SI,NO,NO,SI,NO,NO,NO,NO,NO,NO,NO,NO,NO,SI
5558,1,3045,950,950,NO,SI,NO,NO,NO,NO,NO,NO,NO,NO,NO,NO,NO,SI
5559,1,3039,719,719,NO,NO,NO,NO,NO,NO,NO,NO,NO,NO,NO,NO,NO,SI
5560,1,3028,824,824,SI,NO,NO,SI,NO,NO,NO,NO,NO,NO,NO,NO,NO,SI
5561,1,3049,975,975,SI,SI,NO,NO,NO,SI,NO,NO,NO,NO,NO,NO,NO,SI
5562,1,3045,881,881,SI,NO,NO,NO,NO,NO,NO,NO,NO,NO,NO,NO,NO,SI
5563,1,3034,927,927,NO,NO,NO,NO,NO,NO,NO,NO,NO,NO,NO,SI,NO,NO
5564,1,3056,805,805,NO,SI,NO,NO,NO,NO,NO,NO,NO,NO,NO,NO,NO,SI
5565,1,3029,988,988,SI,NO,NO,NO,NO,NO,NO,NO,NO,NO,NO,NO,NO,NO
5566,1,3021,725,725,NO,NO,NO,NO,SI,NO,NO,NO,NO,NO,NO,NO,NO,SI
5567,1,3034,936,936,NO,NO,NO,SI,NO,SI,NO,NO,NO,NO,NO,NO,NO,NO
5568,1,3042,972,972,NO,SI,NO,NO,NO,NO,NO,NO,NO,NO,NO,NO,NO,SI
5569,1,3001,985,985,NO,NO,NO,NO,NO,NO,NO,NO,NO,NO,NO,SI,NO,SI
5570,1,3005,953,953,SI,NO,NO,NO,NO,NO,NO,NO,NO,NO,NO,NO,SI,SI
5571,1,3053,924,924,NO,SI,NO,NO,NO,SI,NO,NO,NO,NO,NO,NO,NO,SI
5572,1,3034,914,914,NO,NO,NO,NO,NO,NO,NO,NO,NO,NO,NO,NO,NO,SI
5573,1,3005,942,942,NO,SI,NO,NO,SI,NO,NO,NO,NO,NO,NO,NO,NO,SI
5574,1,3034,940,940,NO,SI,NO,NO,NO,NO,NO,NO,NO,NO,NO,SI,NO,SI
5575,1,3035,842,842,NO,NO,NO,NO,NO,NO,NO,NO,NO,NO,NO,NO,NO,SI
5576,1,3027,882,882,NO,NO,NO,NO,NO,NO,NO,NO,NO,NO,NO,NO,NO,SI
5577,1,3008,948,948,SI,NO,NO,NO,NO,NO,NO,NO,NO,NO,NO,NO,NO,SI
5578,1,3022,825,825,SI,NO,NO,NO,NO,NO,NO,NO,NO,NO,NO,NO,NO,SI
5579,1,3001,877,877,NO,NO,NO,SI,NO,NO,NO,NO,NO,NO,NO,SI,NO,SI
5580,1,3039,678,678,SI,NO,NO,NO,NO,NO,NO,NO,NO,NO,NO,NO,NO,SI
5581,1,3005,925,925,SI,NO,NO,NO,NO,NO,NO,NO,NO,NO,NO,NO,NO,SI
5582,1,3051,627,627,SI,NO,NO,NO,NO,NO,NO,NO,NO,NO,NO,NO,NO,SI
5583,1,3034,966,966,NO,NO,NO,NO,NO,NO,NO,NO,NO,NO,NO,NO,NO,SI
5584,1,3054,641,641,NO,NO,NO,NO,NO,NO,NO,NO,NO,NO,NO,NO,NO,SI
5585,1,3048,834,834,SI,NO,NO,NO,NO,NO,NO,NO,NO,NO,NO,NO,NO,NO
5586,1,3005,903,903,SI,NO,NO,NO,NO,NO,NO,NO,NO,NO,NO,NO,NO,SI
5587,1,3049,893,893,NO,NO,NO,NO,NO,NO,NO,NO,NO,NO,NO,NO,NO,SI
5588,1,3001,954,954,NO,SI,NO,NO,NO,SI,NO,NO,NO,NO,NO,NO,NO,SI
5589,1,3034,908,908,NO,NO,NO,NO,NO,NO,NO,NO,NO,NO,NO,SI,NO,SI
5590,1,3027,912,912,SI,NO,NO,NO,NO,NO,NO,NO,NO,NO,NO,NO,NO,SI
5591,1,3045,905,905,SI,NO,NO,NO,NO,NO,NO,NO,NO,NO,NO,NO,NO,SI
5592,1,3029,637,637,NO,NO,NO,NO,NO,NO,NO,NO,NO,NO,NO,SI,NO,SI
5593,1,3024,823,823,SI,NO,NO,NO,NO,NO,NO,NO,NO,NO,NO,NO,NO,SI
5594,1,3050,692,692,NO,NO,NO,NO,NO,NO,NO,NO,NO,NO,NO,NO,NO,SI
5595,1,3034,948,948,NO,NO,NO,NO,NO,NO,NO,NO,NO,NO,NO,NO,NO,NO
5596,1,3037,705,705,NO,NO,NO,NO,NO,NO,NO,NO,NO,NO,NO,SI,NO,SI
5597,1,3014,862,862,NO,SI,NO,NO,NO,NO,NO,NO,NO,NO,NO,NO,NO,SI
5598,1,3034,986,986,NO,SI,NO,NO,SI,NO,NO,NO,NO,NO,NO,NO,NO,SI
5599,1,3046,958,958,SI,NO,NO,NO,NO,NO,NO,NO,NO,SI,NO,NO,NO,NO
5600,1,3008,878,878,NO,NO,NO,NO,NO,NO,NO,NO,NO,NO,NO,NO,NO,NO
5601,1,3008,926,926,NO,SI,NO,NO,NO,NO,NO,NO,NO,NO,NO,NO,NO,SI
5602,1,3022,768,768,SI,NO,NO,SI,NO,NO,NO,NO,NO,NO,NO,SI,NO,SI
5603,1,3049,937,937,NO,NO,NO,NO,NO,NO,NO,NO,NO,NO,NO,NO,NO,SI
5604,1,3025,908,908,NO,SI,NO,NO,NO,NO,NO,NO,NO,NO,NO,NO,NO,SI
5605,1,3045,869,869,NO,NO,NO,NO,NO,NO,NO,NO,NO,NO,NO,NO,NO,SI
5606,1,3005,946,946,SI,NO,NO,NO,NO,NO,NO,NO,NO,NO,NO,NO,NO,SI
5607,1,3003,810,810,NO,NO,NO,NO,NO,NO,NO,NO,NO,NO,NO,NO,NO,SI
5608,1,3001,961,961,SI,SI,NO,NO,NO,NO,NO,NO,NO,NO,NO,NO,NO,SI
5609,1,3029,753,753,NO,NO,NO,NO,NO,NO,NO,NO,NO,NO,NO,NO,NO,SI
5610,1,3040,771,771,SI,SI,NO,NO,NO,NO,NO,NO,NO,NO,NO,NO,NO,SI
5611,1,3034,886,886,SI,NO,NO,NO,NO,NO,NO,NO,NO,NO,NO,NO,NO,SI
5612,1,3016,858,858,SI,NO,NO,NO,NO,NO,NO,NO,NO,NO,NO,NO,NO,SI
5613,1,3046,935,935,SI,NO,NO,NO,NO,NO,NO,NO,NO,NO,NO,SI,NO,SI
5614,1,3013,790,790,SI,SI,NO,NO,NO,NO,NO,NO,NO,NO,NO,SI,NO,SI
5615,1,3043,811,811,SI,NO,NO,NO,NO,NO,NO,NO,NO,NO,NO,NO,NO,SI
5616,1,3005,942,942,NO,NO,NO,NO,NO,NO,NO,NO,NO,NO,NO,NO,NO,SI
5617,1,3047,788,788,NO,NO,NO,NO,NO,NO,NO,NO,NO,NO,NO,NO,NO,SI
5618,1,3006,772,772,SI,SI,NO,NO,NO,NO,NO,NO,NO,NO,NO,NO,NO,SI
5619,1,3034,942,942,NO,NO,NO,NO,NO,NO,NO,NO,NO,NO,NO,NO,NO,SI
5620,1,3001,946,946,NO,NO,NO,NO,SI,NO,NO,NO,NO,NO,NO,NO,NO,SI
5621,1,3028,789,789,NO,SI,NO,NO,NO,NO,NO,NO,NO,NO,NO,NO,NO,SI
5622,1,3001,924,924,SI,NO,NO,SI,SI,NO,NO,NO,NO,NO,NO,NO,NO,NO
5623,1,3045,948,948,SI,SI,NO,NO,NO,NO,NO,NO,NO,NO,NO,NO,NO,SI
5624,1,3033,649,649,NO,NO,NO,NO,NO,NO,NO,NO,NO,NO,NO,NO,NO,SI
5625,1,3049,918,918,NO,NO,NO,NO,NO,NO,NO,NO,NO,NO,NO,NO,NO,SI
5626,1,3047,786,786,SI,NO,NO,NO,NO,NO,NO,NO,NO,NO,NO,NO,NO,NO
5627,1,3045,967,967,SI,NO,NO,NO,NO,NO,NO,NO,NO,NO,NO,SI,NO,SI
5628,1,3045,889,889,NO,SI,NO,SI,NO,NO,NO,NO,NO,NO,NO,SI,NO,SI
5629,1,3055,891,891,SI,NO,NO,NO,NO,NO,NO,NO,NO,NO,NO,NO,SI,SI
5630,1,3051,701,701,SI,NO,NO,NO,NO,NO,NO,NO,NO,NO,NO,NO,NO,NO
5631,1,3001,907,907,SI,SI,NO,NO,NO,NO,NO,NO,NO,NO,NO,NO,NO,SI
5632,1,3045,913,913,SI,SI,NO,NO,NO,NO,NO,NO,NO,NO,NO,NO,NO,SI
5633,1,3039,715,715,NO,NO,NO,NO,NO,NO,NO,NO,NO,NO,NO,NO,NO,SI
5634,1,3049,945,945,NO,NO,NO,NO,NO,NO,NO,NO,NO,NO,NO,NO,NO,SI
5635,1,3034,888,888,NO,NO,NO,NO,NO,NO,NO,NO,NO,NO,NO,NO,NO,SI
5636,1,3039,705,705,SI,NO,NO,NO,NO,NO,NO,NO,NO,NO,NO,NO,NO,NO
5637,1,3035,649,649,NO,SI,NO,SI,NO,NO,NO,NO,NO,NO,NO,NO,NO,SI
5638,1,3046,971,971,SI,NO,NO,NO,NO,NO,NO,NO,NO,NO,NO,NO,NO,SI
5639,1,3046,910,910,SI,NO,NO,NO,NO,NO,NO,NO,NO,NO,NO,NO,NO,SI
5640,1,3005,912,912,SI,NO,NO,NO,NO,NO,NO,NO,NO,NO,NO,SI,NO,SI
5641,1,3046,899,899,SI,SI,NO,NO,NO,NO,NO,NO,NO,NO,NO,NO,NO,SI
5642,1,3045,905,905,SI,NO,NO,NO,NO,NO,NO,NO,NO,NO,NO,NO,NO,SI
5643,1,3005,948,948,NO,NO,NO,NO,NO,NO,NO,NO,NO,NO,NO,NO,NO,NO
5644,1,3036,600,600,NO,NO,NO,NO,NO,SI,NO,NO,NO,NO,NO,NO,NO,SI
5645,1,3049,937,937,SI,NO,NO,NO,NO,NO,NO,NO,NO,NO,NO,NO,NO,SI
5646,1,3056,739,739,SI,SI,NO,SI,NO,NO,NO,NO,NO,NO,NO,NO,NO,SI
5647,1,3049,925,925,NO,NO,NO,NO,NO,NO,NO,NO,NO,NO,NO,NO,NO,SI
5648,1,3055,710,710,NO,NO,NO,NO,NO,SI,NO,NO,NO,SI,NO,NO,NO,SI
5649,1,3012,761,761,SI,NO,NO,NO,NO,NO,NO,NO,NO,NO,NO,NO,NO,SI
5650,1,3027,869,869,NO,SI,NO,NO,NO,NO,NO,NO,NO,NO,NO,NO,NO,SI
5651,1,3004,836,836,NO,NO,NO,NO,NO,NO,NO,NO,NO,NO,NO,SI,NO,SI
5652,1,3005,929,929,SI,SI,NO,NO,NO,NO,NO,NO,NO,NO,NO,NO,NO,SI
5653,1,3008,907,907,NO,NO,NO,NO,NO,NO,NO,NO,NO,NO,NO,SI,NO,SI
5654,1,3001,887,887,SI,SI,NO,NO,NO,NO,NO,NO,NO,NO,NO,NO,NO,SI
5655,1,3045,922,922,SI,NO,NO,NO,NO,NO,NO,NO,NO,NO,NO,NO,SI,SI
5656,1,3044,726,726,NO,NO,NO,NO,NO,NO,NO,NO,NO,NO,NO,NO,NO,SI
5657,1,3015,846,846,SI,SI,NO,NO,NO,NO,NO,NO,NO,NO,NO,NO,NO,NO
5658,1,3012,700,700,NO,SI,NO,NO,NO,NO,NO,NO,NO,NO,NO,NO,NO,SI
5659,1,3008,948,948,SI,NO,NO,NO,NO,NO,NO,NO,NO,NO,NO,NO,NO,SI
5660,1,3024,776,776,NO,NO,NO,NO,NO,NO,NO,NO,NO,NO,NO,SI,NO,SI
5661,1,3039,863,863,NO,NO,NO,NO,NO,SI,NO,NO,SI,NO,NO,SI,SI,SI
5662,1,3049,935,935,NO,NO,NO,NO,NO,NO,NO,NO,NO,NO,NO,NO,NO,SI
5663,1,3022,709,709,NO,NO,NO,NO,NO,NO,NO,NO,NO,NO,NO,NO,NO,SI
5664,1,3005,991,991,NO,NO,NO,NO,NO,NO,NO,NO,NO,NO,NO,NO,NO,SI
5665,1,3034,971,971,NO,NO,NO,NO,NO,NO,NO,NO,NO,NO,NO,NO,NO,NO
5666,1,3002,730,730,NO,NO,NO,NO,NO,NO,NO,NO,NO,NO,NO,NO,NO,SI
5667,1,3005,891,891,SI,SI,NO,NO,NO,SI,NO,NO,NO,NO,NO,NO,NO,SI
5668,1,3030,730,730,SI,SI,NO,NO,NO,NO,NO,NO,SI,NO,NO,NO,NO,SI
5669,1,3049,927,927,SI,NO,NO,NO,NO,NO,NO,NO,NO,NO,NO,NO,NO,NO
5670,1,3034,916,916,SI,NO,NO,NO,NO,NO,NO,NO,NO,NO,NO,NO,NO,SI
5671,1,3008,890,890,SI,NO,NO,NO,NO,SI,NO,NO,NO,NO,NO,NO,NO,SI
5672,1,3005,937,937,SI,NO,NO,NO,NO,NO,NO,NO,NO,NO,NO,NO,NO,SI
5673,1,3034,915,915,NO,NO,NO,NO,NO,NO,NO,NO,NO,NO,NO,NO,NO,NO
5674,1,3005,929,929,NO,NO,NO,NO,NO,NO,NO,NO,NO,NO,NO,NO,NO,SI
5675,1,3034,951,951,SI,SI,NO,NO,NO,NO,NO,NO,NO,NO,NO,NO,NO,SI
5676,1,3001,928,928,NO,NO,NO,NO,NO,NO,NO,NO,NO,NO,NO,SI,NO,SI
5677,1,3043,812,812,NO,NO,NO,NO,NO,NO,NO,NO,NO,NO,NO,NO,NO,NO
5678,1,3034,867,867,SI,NO,NO,NO,NO,NO,NO,NO,NO,NO,NO,NO,NO,NO
5679,1,3005,883,883,SI,NO,NO,SI,NO,NO,NO,NO,NO,NO,NO,NO,NO,SI
5680,1,3001,930,930,SI,NO,NO,NO,NO,SI,NO,NO,NO,NO,NO,NO,NO,SI
5681,1,3006,807,807,SI,NO,NO,NO,NO,NO,NO,NO,NO,NO,NO,SI,NO,SI
5682,1,3045,991,991,NO,SI,NO,NO,NO,NO,NO,NO,NO,NO,NO,NO,NO,NO
5683,1,3005,956,956,NO,NO,NO,NO,NO,NO,NO,NO,NO,NO,NO,NO,NO,SI
5684,1,3025,880,880,SI,SI,NO,NO,NO,NO,NO,NO,NO,NO,NO,NO,NO,NO
5685,1,3008,943,943,SI,NO,NO,NO,NO,NO,NO,NO,NO,NO,NO,NO,NO,SI
5686,1,3045,909,909,SI,NO,NO,NO,NO,NO,NO,NO,NO,NO,NO,NO,NO,SI
5687,1,3005,946,946,SI,NO,NO,NO,NO,NO,NO,NO,NO,NO,NO,NO,NO,SI
5688,1,3034,966,966,SI,SI,NO,NO,NO,NO,NO,NO,NO,NO,NO,NO,NO,NO
5689,1,3005,947,947,SI,SI,NO,SI,NO,NO,NO,NO,NO,NO,NO,NO,NO,SI
5690,1,3008,972,972,NO,NO,NO,NO,NO,NO,NO,NO,NO,NO,NO,NO,NO,SI
5691,1,3048,855,855,NO,NO,NO,NO,NO,NO,NO,NO,NO,NO,NO,NO,NO,NO
5692,1,3009,708,708,NO,NO,SI,NO,NO,NO,NO,NO,NO,NO,NO,NO,NO,NO
5693,1,3046,898,898,SI,SI,NO,NO,SI,NO,NO,NO,NO,NO,NO,NO,NO,SI
5694,1,3034,933,933,NO,NO,NO,NO,NO,NO,NO,NO,NO,NO,NO,NO,NO,SI
5695,1,3012,866,866,NO,NO,NO,NO,NO,NO,NO,NO,NO,NO,NO,NO,NO,NO
5696,1,3001,870,870,NO,SI,NO,NO,NO,NO,NO,NO,NO,NO,NO,NO,NO,SI
5697,1,3044,732,732,NO,NO,NO,NO,NO,SI,NO,NO,NO,NO,NO,NO,NO,SI
5698,1,3037,850,850,NO,SI,NO,NO,NO,NO,NO,NO,NO,NO,NO,NO,NO,SI
5699,1,3034,966,966,SI,SI,NO,NO,NO,NO,NO,NO,NO,NO,NO,NO,NO,SI
5700,1,3044,653,653,NO,NO,NO,SI,NO,NO,NO,NO,NO,NO,NO,NO,NO,SI
5701,1,3016,743,743,SI,NO,NO,NO,NO,NO,NO,NO,NO,NO,NO,NO,NO,NO
5702,1,3039,757,757,SI,NO,NO,NO,NO,NO,NO,NO,NO,NO,NO,NO,NO,SI
5703,1,3015,624,624,SI,NO,NO,NO,NO,NO,NO,NO,NO,NO,NO,NO,NO,SI
5704,1,3039,853,853,SI,NO,NO,NO,NO,NO,NO,NO,NO,NO,NO,NO,NO,SI
5705,1,3049,964,964,NO,NO,NO,NO,NO,NO,NO,NO,NO,NO,NO,NO,NO,SI
5706,1,3049,1000,1000,NO,NO,NO,NO,NO,NO,NO,NO,NO,NO,NO,NO,NO,SI
5707,1,3052,761,761,NO,NO,NO,NO,NO,NO,NO,NO,NO,NO,NO,NO,NO,SI
5708,1,3045,882,882,SI,SI,NO,SI,SI,NO,NO,NO,NO,NO,NO,NO,NO,NO
5709,1,3034,959,959,SI,NO,NO,NO,NO,NO,NO,NO,NO,NO,NO,NO,NO,SI
5710,1,3001,920,920,NO,SI,NO,SI,SI,NO,NO,NO,NO,NO,NO,NO,NO,SI
5711,1,3016,704,704,SI,NO,NO,NO,NO,NO,NO,NO,NO,NO,NO,NO,NO,SI
5712,1,3049,931,931,NO,NO,NO,NO,NO,SI,NO,NO,NO,NO,NO,SI,NO,SI
5713,1,3045,928,928,NO,NO,NO,SI,NO,NO,NO,NO,NO,NO,NO,NO,NO,SI
5714,1,3010,672,672,NO,NO,NO,NO,NO,NO,NO,NO,NO,NO,NO,SI,NO,SI
5715,1,3046,953,953,SI,NO,NO,SI,NO,NO,NO,NO,NO,NO,NO,NO,NO,SI
5716,1,3046,908,908,SI,SI,NO,NO,NO,NO,NO,NO,NO,NO,NO,NO,NO,NO
5717,1,3005,938,938,SI,NO,NO,NO,NO,NO,NO,NO,NO,NO,NO,NO,NO,SI
5718,1,3005,947,947,NO,NO,NO,NO,NO,NO,NO,NO,NO,NO,NO,SI,NO,SI
5719,1,3050,742,742,NO,SI,NO,NO,NO,NO,NO,NO,NO,NO,NO,NO,NO,NO
5720,1,3009,742,742,NO,NO,NO,NO,NO,NO,NO,NO,NO,NO,NO,NO,NO,SI
5721,1,3050,829,829,SI,SI,NO,NO,NO,NO,NO,NO,NO,NO,NO,NO,NO,NO
5722,1,3001,929,929,NO,SI,NO,NO,NO,NO,NO,NO,NO,NO,NO,NO,NO,SI
5723,1,3049,917,917,NO,NO,NO,NO,NO,NO,NO,NO,NO,NO,NO,NO,NO,SI
5724,1,3046,889,889,NO,NO,NO,NO,NO,NO,NO,NO,NO,NO,NO,NO,NO,SI
5725,1,3046,941,941,NO,NO,NO,NO,NO,NO,NO,NO,NO,NO,NO,SI,NO,SI
5726,1,3016,777,777,NO,NO,NO,NO,NO,NO,NO,NO,NO,NO,NO,NO,NO,SI
5727,1,3011,783,783,SI,NO,NO,NO,NO,NO,NO,NO,NO,NO,NO,NO,NO,SI
5728,1,3018,786,786,SI,NO,NO,NO,NO,NO,NO,NO,NO,NO,NO,NO,NO,SI
5729,1,3005,927,927,NO,NO,NO,NO,NO,NO,NO,NO,NO,NO,NO,SI,NO,SI
5730,1,3034,933,933,SI,SI,NO,NO,NO,NO,NO,NO,NO,NO,NO,NO,NO,SI
5731,1,3030,829,829,NO,NO,NO,NO,NO,NO,NO,NO,NO,NO,NO,NO,NO,NO
5732,1,3049,945,945,SI,NO,NO,NO,NO,NO,NO,NO,NO,NO,NO,NO,NO,SI
5733,1,3035,775,775,NO,NO,NO,SI,NO,NO,NO,NO,NO,NO,NO,NO,NO,NO
5734,1,3046,921,921,NO,NO,NO,SI,NO,NO,NO,NO,NO,NO,NO,NO,NO,SI
5735,1,3001,970,970,SI,NO,NO,NO,NO,NO,NO,NO,NO,NO,NO,NO,NO,SI
5736,1,3009,863,863,NO,NO,NO,NO,NO,NO,NO,NO,NO,NO,NO,NO,NO,SI
5737,1,3034,986,986,SI,NO,NO,SI,NO,NO,NO,NO,NO,NO,NO,NO,NO,SI
5738,1,3049,950,950,SI,NO,NO,NO,NO,NO,NO,NO,NO,NO,NO,NO,NO,SI
5739,1,3008,970,970,SI,NO,NO,NO,SI,NO,NO,NO,NO,NO,NO,NO,NO,SI
5740,1,3034,938,938,NO,NO,NO,SI,NO,NO,NO,NO,NO,NO,NO,NO,NO,SI
5741,1,3047,716,716,NO,NO,NO,NO,NO,NO,NO,NO,NO,NO,NO,NO,NO,NO
5742,1,3005,939,939,NO,NO,NO,NO,NO,NO,NO,NO,NO,NO,NO,NO,NO,SI
5743,1,3044,828,828,SI,SI,NO,NO,NO,NO,NO,NO,NO,NO,NO,NO,NO,SI
5744,1,3005,886,886,NO,NO,NO,NO,NO,NO,NO,NO,NO,NO,NO,NO,NO,SI
5745,1,3053,716,716,SI,SI,NO,NO,NO,NO,NO,NO,NO,NO,NO,NO,NO,SI
5746,1,3051,782,782,NO,SI,NO,NO,NO,NO,NO,NO,NO,NO,NO,NO,NO,NO
5747,1,3045,969,969,NO,NO,NO,NO,NO,NO,NO,NO,NO,NO,NO,NO,NO,SI
5748,1,3034,892,892,NO,NO,NO,NO,NO,NO,NO,NO,NO,NO,NO,NO,NO,SI
5749,1,3026,709,709,NO,NO,NO,SI,NO,NO,NO,NO,NO,NO,NO,NO,NO,NO
5750,1,3046,870,870,SI,SI,NO,NO,NO,NO,NO,NO,NO,NO,NO,NO,NO,SI
5751,1,3020,828,828,NO,SI,NO,NO,NO,NO,NO,NO,NO,NO,NO,NO,NO,SI
5752,1,3048,879,879,SI,NO,NO,NO,NO,NO,NO,NO,NO,NO,NO,NO,NO,SI
5753,1,3002,745,745,SI,NO,NO,NO,SI,NO,NO,NO,NO,NO,NO,NO,NO,SI
5754,1,3056,793,793,SI,NO,NO,NO,NO,NO,NO,NO,NO,NO,NO,NO,NO,NO
5755,1,3007,633,633,SI,SI,NO,NO,NO,NO,NO,NO,NO,NO,NO,NO,NO,SI
5756,1,3018,793,793,SI,NO,NO,NO,NO,NO,NO,NO,NO,NO,NO,NO,NO,NO
5757,1,3036,881,881,SI,NO,NO,NO,NO,NO,NO,NO,NO,NO,NO,NO,NO,NO
5758,1,3042,752,752,SI,NO,NO,NO,NO,NO,NO,NO,NO,NO,NO,NO,NO,NO
5759,1,3005,964,964,SI,SI,NO,NO,NO,NO,NO,NO,NO,NO,NO,NO,NO,SI
5760,1,3013,733,733,SI,NO,NO,NO,NO,NO,NO,NO,NO,NO,NO,NO,NO,SI
5761,1,3046,955,955,SI,SI,NO,SI,NO,NO,NO,NO,NO,NO,NO,NO,NO,SI
5762,1,3009,709,709,SI,NO,NO,SI,NO,NO,NO,NO,SI,NO,NO,NO,NO,SI
5763,1,3035,764,764,SI,SI,NO,NO,NO,NO,NO,NO,NO,NO,NO,SI,NO,SI
5764,1,3036,695,695,NO,SI,NO,NO,NO,NO,NO,NO,NO,NO,NO,NO,NO,SI
5765,1,3045,968,968,NO,NO,NO,NO,NO,NO,NO,NO,NO,NO,NO,NO,NO,SI
5766,1,3005,895,895,NO,NO,NO,NO,NO,NO,NO,NO,NO,NO,NO,NO,NO,SI
5767,1,3046,969,969,NO,NO,NO,NO,NO,NO,NO,NO,NO,NO,NO,NO,NO,SI
5768,1,3005,964,964,NO,NO,NO,SI,NO,NO,NO,NO,NO,NO,NO,NO,NO,SI
5769,1,3001,946,946,NO,NO,NO,NO,NO,NO,NO,NO,NO,NO,NO,NO,NO,SI
5770,1,3046,945,945,SI,SI,NO,NO,NO,NO,NO,NO,NO,NO,NO,NO,SI,SI
5771,1,3012,794,794,SI,NO,NO,NO,NO,NO,NO,NO,NO,NO,NO,NO,NO,NO
5772,1,3034,902,902,NO,NO,NO,NO,NO,NO,NO,NO,NO,NO,NO,NO,NO,NO
5773,1,3023,932,932,NO,NO,NO,SI,NO,NO,NO,NO,NO,NO,NO,NO,NO,SI
5774,1,3034,945,945,NO,NO,NO,NO,NO,NO,NO,NO,NO,NO,NO,NO,NO,NO
5775,1,3018,831,831,NO,NO,NO,NO,NO,NO,NO,NO,NO,NO,NO,NO,NO,NO
5776,1,3048,736,736,NO,NO,NO,NO,NO,NO,NO,NO,NO,NO,NO,NO,NO,SI
5777,1,3021,808,808,SI,NO,NO,NO,NO,NO,NO,NO,NO,NO,NO,NO,NO,SI
5778,1,3046,994,994,NO,NO,NO,SI,NO,NO,NO,NO,NO,NO,NO,NO,NO,SI
5779,1,3050,780,780,SI,NO,NO,NO,NO,NO,NO,NO,NO,NO,NO,NO,NO,SI
5780,1,3001,909,909,SI,NO,NO,NO,NO,NO,NO,NO,NO,NO,NO,NO,NO,NO
5781,1,3045,933,933,NO,NO,NO,NO,NO,NO,NO,NO,NO,NO,NO,NO,NO,NO
5782,1,3033,786,786,NO,SI,NO,NO,NO,NO,NO,NO,NO,NO,NO,NO,NO,SI
5783,1,3001,846,846,SI,NO,NO,NO,NO,NO,NO,NO,NO,NO,NO,NO,NO,SI
5784,1,3041,806,806,NO,NO,NO,NO,NO,NO,NO,NO,NO,NO,NO,NO,NO,SI
5785,1,3006,774,774,SI,SI,NO,NO,NO,NO,NO,NO,NO,NO,NO,SI,NO,SI
5786,1,3036,653,653,SI,NO,NO,NO,NO,NO,NO,NO,NO,NO,NO,SI,NO,NO
5787,1,3005,918,918,NO,NO,SI,NO,NO,NO,NO,NO,NO,NO,NO,NO,NO,SI
5788,1,3056,839,839,SI,SI,NO,NO,NO,NO,NO,NO,NO,NO,NO,NO,NO,NO
5789,1,3001,986,986,SI,NO,NO,SI,NO,NO,NO,NO,NO,NO,NO,NO,NO,SI
5790,1,3039,787,787,NO,NO,NO,NO,NO,NO,NO,NO,NO,NO,NO,NO,NO,SI
5791,1,3034,946,946,NO,NO,NO,NO,NO,NO,NO,NO,NO,NO,NO,NO,NO,SI
5792,1,3008,933,933,NO,NO,NO,NO,NO,NO,NO,NO,NO,NO,NO,NO,NO,SI
5793,1,3047,789,789,SI,NO,NO,NO,NO,NO,NO,NO,NO,NO,NO,NO,NO,SI
5794,1,3008,958,958,NO,NO,NO,NO,NO,NO,NO,NO,NO,NO,NO,NO,NO,SI
5795,1,3045,901,901,NO,SI,NO,NO,NO,NO,NO,NO,NO,NO,NO,NO,NO,SI
5796,1,3034,903,903,SI,NO,NO,NO,NO,NO,NO,NO,NO,NO,NO,NO,NO,NO
5797,1,3008,895,895,SI,NO,NO,NO,NO,NO,NO,NO,NO,NO,NO,NO,NO,SI
5798,1,3034,976,976,NO,NO,NO,NO,NO,SI,NO,NO,NO,NO,NO,NO,NO,SI
5799,1,3007,790,790,SI,NO,NO,NO,NO,NO,NO,NO,NO,NO,NO,NO,NO,SI
5800,1,3025,692,692,NO,SI,NO,NO,NO,NO,NO,NO,NO,NO,NO,NO,NO,SI
5801,1,3045,938,938,NO,SI,NO,NO,NO,NO,NO,NO,NO,NO,NO,SI,NO,SI
5802,1,3034,962,962,NO,NO,NO,SI,NO,NO,NO,NO,NO,NO,NO,SI,NO,SI
5803,1,3049,943,943,SI,NO,NO,NO,NO,NO,NO,NO,NO,NO,NO,NO,NO,SI
5804,1,3034,886,886,SI,SI,NO,NO,NO,NO,NO,NO,NO,NO,NO,NO,NO,SI
5805,1,3034,967,967,SI,NO,NO,NO,NO,NO,NO,NO,NO,NO,NO,NO,NO,SI
5806,1,3049,923,923,NO,NO,NO,NO,NO,NO,NO,NO,NO,NO,NO,NO,NO,NO
5807,1,3050,941,941,SI,NO,NO,NO,NO,NO,NO,NO,NO,NO,NO,SI,NO,SI
5808,1,3029,872,872,NO,NO,NO,NO,NO,NO,NO,NO,NO,NO,NO,NO,NO,SI
5809,1,3005,940,940,SI,NO,NO,NO,NO,NO,NO,NO,NO,NO,NO,NO,NO,SI
5810,1,3008,911,911,NO,SI,NO,SI,NO,NO,NO,NO,NO,NO,NO,NO,NO,SI
5811,1,3049,908,908,SI,NO,NO,NO,NO,NO,NO,NO,NO,NO,NO,NO,NO,SI
5812,1,3036,827,827,NO,NO,NO,NO,NO,NO,NO,NO,NO,NO,NO,NO,NO,SI
5813,1,3045,917,917,SI,NO,NO,SI,NO,NO,NO,NO,NO,NO,NO,NO,NO,NO
5814,1,3005,897,897,NO,NO,NO,SI,NO,NO,NO,NO,NO,NO,NO,NO,NO,SI
5815,1,3001,931,931,NO,NO,NO,NO,NO,NO,NO,NO,NO,NO,NO,SI,NO,SI
5816,1,3046,911,911,SI,NO,NO,NO,NO,SI,NO,NO,NO,NO,NO,NO,NO,SI
5817,1,3005,924,924,SI,NO,NO,NO,NO,NO,NO,NO,NO,NO,NO,NO,NO,NO
5818,1,3053,683,683,NO,NO,NO,NO,NO,NO,NO,NO,NO,NO,NO,NO,NO,SI
5819,1,3001,878,878,SI,NO,NO,SI,NO,NO,NO,NO,NO,NO,NO,NO,NO,NO
5820,1,3036,815,815,NO,NO,NO,NO,NO,NO,NO,NO,NO,NO,NO,NO,NO,SI
5821,1,3045,935,935,SI,NO,NO,NO,NO,NO,NO,NO,NO,NO,NO,NO,NO,SI
5822,1,3024,600,600,NO,NO,NO,NO,NO,NO,NO,NO,NO,NO,NO,SI,NO,NO
5823,1,3049,931,931,SI,NO,NO,NO,NO,NO,NO,NO,NO,NO,NO,NO,NO,SI
5824,1,3008,937,937,SI,NO,NO,NO,NO,NO,NO,NO,NO,NO,NO,NO,NO,SI
5825,1,3013,756,756,SI,NO,NO,SI,NO,NO,NO,NO,NO,NO,NO,NO,NO,SI
5826,1,3050,711,711,NO,NO,NO,NO,NO,NO,NO,NO,NO,NO,NO,NO,NO,NO
5827,1,3035,775,775,NO,NO,NO,NO,NO,NO,NO,NO,NO,NO,NO,NO,NO,SI
5828,1,3047,846,846,NO,NO,NO,NO,NO,NO,NO,NO,NO,NO,NO,NO,NO,SI
5829,1,3008,956,956,NO,SI,NO,NO,NO,NO,NO,NO,NO,NO,NO,NO,NO,SI
5830,1,3046,959,959,NO,NO,NO,NO,NO,NO,NO,NO,NO,NO,NO,NO,NO,SI
5831,1,3001,981,981,NO,SI,NO,NO,NO,NO,NO,NO,NO,NO,NO,NO,NO,NO
5832,1,3049,901,901,NO,NO,NO,SI,NO,NO,NO,NO,NO,NO,NO,NO,NO,NO
5833,1,3034,931,931,SI,SI,NO,NO,NO,NO,NO,NO,NO,NO,NO,NO,NO,SI
5834,1,3052,796,796,SI,NO,NO,SI,NO,NO,NO,NO,NO,NO,NO,NO,NO,NO
5835,1,3055,601,601,SI,NO,NO,SI,NO,NO,NO,NO,NO,NO,NO,NO,NO,SI
5836,1,3023,600,600,NO,SI,NO,NO,NO,NO,NO,NO,NO,NO,NO,NO,NO,NO
5837,1,3007,707,707,SI,NO,NO,NO,NO,NO,NO,NO,NO,NO,NO,NO,NO,SI
5838,1,3008,932,932,SI,NO,NO,NO,NO,NO,NO,NO,NO,NO,NO,NO,NO,NO
5839,1,3005,943,943,NO,NO,NO,NO,NO,NO,NO,NO,NO,NO,NO,NO,NO,NO
5840,1,3008,982,982,NO,SI,NO,NO,NO,NO,NO,NO,NO,NO,NO,NO,NO,SI
5841,1,3019,696,696,SI,NO,NO,NO,NO,NO,NO,NO,NO,NO,NO,NO,NO,SI
5842,1,3034,987,987,NO,NO,NO,SI,NO,SI,NO,NO,NO,NO,NO,NO,NO,SI
5843,1,3001,921,921,NO,SI,NO,NO,NO,NO,NO,NO,NO,NO,NO,NO,NO,SI
5844,1,3004,692,692,NO,SI,NO,SI,NO,NO,NO,NO,NO,SI,NO,NO,NO,SI
5845,1,3005,976,976,SI,NO,NO,NO,NO,NO,NO,NO,NO,NO,NO,NO,NO,SI
5846,1,3045,938,938,SI,NO,NO,SI,NO,NO,NO,NO,NO,NO,NO,NO,NO,NO
5847,1,3051,762,762,SI,NO,NO,NO,SI,NO,NO,NO,NO,NO,NO,SI,NO,SI
5848,1,3034,879,879,NO,NO,SI,NO,NO,NO,NO,NO,NO,NO,NO,NO,NO,SI
5849,1,3020,600,600,NO,NO,NO,NO,NO,NO,NO,NO,NO,NO,NO,SI,NO,SI
5850,1,3017,858,858,SI,NO,NO,SI,NO,NO,NO,NO,NO,NO,NO,NO,NO,SI
5851,1,3049,986,986,SI,SI,NO,NO,NO,NO,NO,NO,NO,NO,NO,NO,NO,NO
5852,1,3003,718,718,SI,SI,NO,NO,NO,SI,NO,NO,NO,NO,NO,NO,NO,SI
5853,1,3034,917,917,SI,NO,NO,NO,SI,NO,NO,NO,NO,NO,NO,NO,NO,SI
5854,1,3049,916,916,NO,NO,NO,NO,NO,NO,NO,SI,NO,NO,NO,NO,NO,SI
5855,1,3006,713,713,NO,NO,NO,NO,NO,NO,NO,NO,NO,NO,NO,NO,NO,SI
5856,1,3005,939,939,NO,NO,NO,SI,NO,NO,NO,NO,NO,NO,NO,NO,NO,SI
5857,1,3049,904,904,NO,NO,NO,NO,NO,NO,NO,NO,NO,NO,NO,NO,NO,NO
5858,1,3053,810,810,NO,SI,NO,NO,NO,NO,NO,NO,NO,NO,NO,NO,NO,SI
5859,1,3039,820,820,NO,SI,NO,NO,NO,NO,NO,NO,NO,NO,NO,NO,NO,SI
5860,1,3049,900,900,NO,SI,NO,SI,NO,NO,NO,NO,NO,NO,NO,NO,NO,SI
5861,1,3001,967,967,NO,NO,NO,NO,NO,NO,NO,NO,NO,NO,NO,SI,NO,SI
5862,1,3034,952,952,NO,NO,NO,NO,NO,NO,NO,NO,NO,NO,NO,NO,NO,SI
5863,1,3008,937,937,SI,SI,NO,SI,NO,NO,NO,NO,NO,NO,NO,NO,NO,NO
5864,1,3034,879,879,SI,NO,NO,NO,NO,NO,NO,NO,NO,NO,NO,SI,NO,NO
5865,1,3034,947,947,SI,NO,NO,SI,NO,NO,NO,NO,NO,NO,NO,NO,NO,SI
5866,1,3008,922,922,SI,SI,NO,NO,NO,NO,NO,NO,NO,NO,NO,NO,NO,SI
5867,1,3045,926,926,SI,NO,NO,NO,NO,NO,SI,NO,NO,NO,NO,NO,NO,SI
5868,1,3010,736,736,SI,SI,NO,NO,NO,NO,NO,NO,NO,NO,NO,NO,NO,SI
5869,1,3032,636,636,SI,SI,NO,NO,NO,NO,NO,NO,NO,NO,NO,NO,NO,SI
5870,1,3034,902,902,SI,NO,NO,SI,NO,NO,NO,NO,NO,NO,NO,SI,NO,NO
5871,1,3053,679,679,NO,NO,NO,NO,NO,NO,NO,NO,NO,NO,NO,NO,NO,SI
5872,1,3029,670,670,NO,SI,NO,NO,NO,NO,NO,NO,NO,NO,NO,NO,NO,SI
5873,1,3018,749,749,NO,SI,NO,NO,NO,NO,NO,NO,NO,NO,NO,SI,NO,SI
5874,1,3045,890,890,NO,NO,NO,NO,NO,NO,NO,NO,NO,NO,NO,NO,NO,SI
5875,1,3046,923,923,NO,NO,NO,NO,NO,NO,NO,NO,NO,NO,NO,NO,NO,NO
5876,1,3045,993,993,NO,NO,NO,NO,NO,NO,NO,NO,NO,NO,NO,NO,NO,SI
5877,1,3021,690,690,NO,NO,NO,NO,NO,NO,NO,NO,NO,NO,NO,SI,NO,NO
5878,1,3046,863,863,NO,NO,NO,NO,NO,NO,NO,NO,NO,NO,NO,NO,NO,NO
5879,1,3046,912,912,SI,NO,NO,NO,NO,NO,NO,NO,NO,NO,NO,NO,NO,SI
5880,1,3046,907,907,NO,NO,NO,NO,NO,NO,NO,NO,NO,NO,NO,NO,NO,SI
5881,1,3049,893,893,NO,SI,NO,NO,NO,NO,NO,NO,NO,NO,NO,SI,NO,SI
5882,1,3046,929,929,NO,NO,NO,NO,NO,NO,NO,NO,NO,NO,NO,NO,NO,SI
5883,1,3049,924,924,NO,NO,NO,NO,NO,NO,NO,NO,NO,NO,NO,SI,NO,NO
5884,1,3034,942,942,NO,NO,NO,NO,NO,NO,NO,NO,NO,NO,NO,NO,NO,NO
5885,1,3045,917,917,SI,NO,NO,NO,NO,NO,NO,NO,NO,NO,NO,SI,NO,SI
5886,1,3034,963,963,SI,NO,NO,NO,NO,NO,NO,NO,NO,NO,NO,NO,NO,SI
5887,1,3001,972,972,NO,NO,NO,NO,NO,NO,NO,NO,NO,NO,NO,NO,NO,SI
5888,1,3029,757,757,SI,SI,NO,NO,NO,SI,NO,NO,NO,NO,NO,NO,NO,SI
5889,1,3046,908,908,NO,NO,NO,SI,NO,NO,NO,NO,NO,NO,NO,NO,NO,SI
5890,1,3046,840,840,SI,NO,NO,NO,NO,NO,NO,NO,NO,NO,NO,NO,NO,SI
5891,1,3049,895,895,SI,NO,NO,NO,NO,NO,NO,NO,NO,NO,NO,NO,NO,NO
5892,1,3049,946,946,NO,NO,NO,NO,NO,NO,NO,NO,NO,NO,NO,NO,NO,SI
5893,1,3005,968,968,NO,NO,NO,NO,NO,NO,NO,NO,NO,NO,NO,NO,NO,SI
5894,1,3018,652,652,NO,SI,NO,NO,NO,NO,NO,NO,NO,NO,NO,NO,NO,SI
5895,1,3040,685,685,NO,NO,NO,NO,NO,NO,NO,NO,NO,NO,NO,NO,NO,SI
5896,1,3046,915,915,NO,NO,NO,NO,NO,NO,NO,NO,NO,NO,NO,NO,NO,SI
5897,1,3045,910,910,NO,NO,NO,NO,NO,NO,NO,NO,NO,NO,NO,NO,NO,SI
5898,1,3005,944,944,SI,NO,NO,NO,NO,NO,NO,NO,NO,NO,NO,NO,NO,SI
5899,1,3046,946,946,SI,NO,NO,NO,NO,NO,NO,NO,NO,NO,NO,NO,NO,SI
5900,1,3017,755,755,NO,SI,NO,NO,NO,NO,NO,NO,NO,NO,NO,NO,NO,SI
5901,1,3045,967,967,SI,NO,NO,NO,SI,NO,NO,NO,NO,NO,NO,NO,NO,SI
5902,1,3023,706,706,SI,NO,SI,NO,SI,NO,NO,NO,NO,NO,NO,NO,NO,SI
5903,1,3008,926,926,NO,NO,NO,SI,NO,NO,NO,NO,NO,NO,NO,NO,NO,NO
5904,1,3046,907,907,NO,NO,NO,NO,NO,NO,NO,NO,NO,NO,NO,SI,NO,NO
5905,1,3008,868,868,SI,NO,NO,NO,NO,NO,NO,NO,NO,NO,NO,SI,NO,SI
5906,1,3036,742,742,NO,NO,NO,NO,NO,NO,NO,NO,NO,NO,NO,NO,SI,SI
5907,1,3045,956,956,NO,NO,NO,NO,NO,NO,NO,NO,NO,NO,NO,NO,NO,SI
5908,1,3005,949,949,NO,NO,NO,NO,NO,NO,NO,NO,NO,NO,NO,NO,NO,NO
5909,1,3049,995,995,NO,NO,NO,NO,NO,NO,NO,NO,NO,NO,NO,NO,NO,NO
5910,1,3053,817,817,SI,SI,NO,NO,NO,NO,NO,NO,NO,NO,NO,NO,NO,SI
5911,1,3046,916,916,NO,NO,NO,SI,NO,NO,NO,NO,NO,NO,NO,NO,NO,NO
5912,1,3001,931,931,SI,NO,NO,NO,NO,NO,NO,NO,NO,NO,NO,NO,NO,NO
5913,1,3007,709,709,SI,NO,NO,SI,NO,SI,NO,NO,NO,NO,NO,NO,NO,SI
5914,1,3005,970,970,NO,NO,NO,NO,NO,NO,NO,NO,NO,NO,NO,NO,NO,SI
5915,1,3049,952,952,NO,NO,NO,NO,NO,NO,NO,NO,NO,NO,NO,NO,NO,NO
5916,1,3030,758,758,SI,SI,NO,NO,NO,NO,NO,NO,NO,NO,NO,NO,NO,NO
5917,1,3045,941,941,NO,NO,NO,SI,SI,NO,NO,NO,NO,NO,NO,NO,NO,NO
5918,1,3005,942,942,SI,SI,NO,NO,NO,NO,NO,NO,NO,NO,NO,SI,NO,SI
5919,1,3005,902,902,NO,NO,NO,NO,NO,NO,NO,NO,NO,NO,NO,NO,NO,SI
5920,1,3049,951,951,NO,NO,NO,NO,NO,NO,NO,NO,NO,NO,NO,NO,NO,SI
5921,1,3034,972,972,NO,SI,NO,NO,NO,NO,NO,NO,NO,NO,NO,NO,NO,SI
5922,1,3008,916,916,NO,SI,NO,NO,SI,NO,NO,NO,NO,NO,NO,NO,NO,NO
5923,1,3040,675,675,NO,NO,NO,NO,NO,NO,NO,NO,NO,NO,NO,NO,NO,SI
5924,1,3012,680,680,NO,NO,NO,NO,NO,SI,NO,NO,NO,NO,NO,NO,NO,NO
5925,1,3040,905,905,SI,NO,NO,NO,NO,NO,NO,NO,NO,NO,NO,NO,NO,SI
5926,1,3008,926,926,SI,NO,NO,SI,SI,NO,NO,NO,NO,NO,NO,SI,NO,SI
5927,1,3050,792,792,SI,NO,NO,NO,NO,NO,NO,NO,NO,NO,NO,NO,NO,SI
5928,1,3046,918,918,NO,SI,NO,NO,NO,NO,NO,NO,NO,NO,NO,NO,NO,SI
5929,1,3046,934,934,NO,NO,NO,NO,NO,NO,NO,NO,NO,NO,NO,NO,NO,SI
5930,1,3046,973,973,NO,SI,NO,NO,NO,NO,NO,NO,NO,NO,NO,NO,SI,NO
5931,1,3005,1000,1000,NO,NO,NO,NO,NO,NO,NO,NO,NO,NO,NO,NO,NO,SI
5932,1,3055,780,780,NO,SI,NO,NO,NO,NO,NO,NO,NO,NO,NO,NO,NO,NO
5933,1,3045,948,948,SI,NO,NO,NO,NO,NO,NO,NO,NO,NO,NO,NO,NO,SI
5934,1,3023,737,737,NO,NO,NO,SI,NO,NO,NO,NO,NO,NO,NO,SI,NO,SI
5935,1,3051,934,934,NO,NO,NO,NO,NO,NO,NO,NO,NO,NO,NO,NO,NO,SI
5936,1,3005,951,951,NO,NO,NO,NO,SI,NO,NO,NO,NO,NO,NO,NO,NO,NO
5937,1,3012,682,682,NO,NO,NO,NO,NO,NO,NO,NO,NO,NO,NO,NO,NO,SI
5938,1,3050,876,876,NO,NO,NO,SI,NO,NO,NO,NO,NO,NO,NO,NO,NO,SI
5939,1,3005,942,942,SI,NO,NO,NO,SI,NO,NO,NO,NO,NO,NO,NO,NO,SI
5940,1,3052,616,616,NO,NO,NO,NO,NO,NO,NO,NO,NO,NO,NO,SI,NO,SI
5941,1,3034,965,965,NO,NO,NO,NO,NO,NO,NO,NO,NO,NO,NO,NO,NO,SI
5942,1,3034,918,918,NO,NO,NO,NO,NO,NO,NO,NO,NO,NO,NO,NO,NO,NO
5943,1,3032,709,709,SI,NO,NO,NO,NO,NO,NO,NO,NO,NO,NO,NO,NO,SI
5944,1,3002,798,798,SI,NO,NO,NO,NO,NO,NO,NO,NO,NO,NO,NO,NO,SI
5945,1,3039,773,773,NO,NO,NO,SI,NO,NO,NO,NO,NO,NO,NO,NO,NO,SI
5946,1,3034,903,903,SI,NO,NO,NO,NO,NO,NO,NO,NO,NO,NO,NO,NO,NO
5947,1,3046,893,893,SI,NO,NO,NO,NO,SI,NO,SI,NO,NO,NO,NO,NO,NO
5948,1,3049,910,910,NO,NO,NO,NO,NO,NO,NO,NO,NO,NO,NO,NO,NO,SI
5949,1,3024,646,646,SI,SI,NO,NO,NO,NO,NO,NO,NO,NO,NO,NO,NO,NO
5950,1,3034,897,897,NO,NO,NO,NO,NO,NO,NO,NO,NO,NO,NO,SI,NO,SI
5951,1,3016,782,782,NO,SI,NO,NO,NO,NO,NO,NO,NO,NO,NO,SI,NO,SI
5952,1,3054,771,771,SI,NO,NO,NO,NO,NO,NO,NO,NO,NO,NO,NO,NO,SI
5953,1,3034,928,928,NO,NO,NO,NO,SI,NO,NO,NO,NO,NO,NO,SI,NO,SI
5954,1,3023,737,737,SI,SI,NO,SI,NO,NO,NO,NO,NO,NO,NO,NO,NO,SI
5955,1,3024,784,784,SI,NO,NO,NO,SI,NO,NO,NO,NO,NO,NO,NO,NO,NO
5956,1,3002,690,690,NO,NO,NO,SI,NO,NO,NO,NO,NO,NO,NO,NO,NO,SI
5957,1,3049,886,886,SI,NO,NO,NO,NO,NO,NO,NO,NO,NO,NO,NO,NO,SI
5958,1,3004,754,754,NO,NO,NO,NO,NO,NO,NO,NO,NO,NO,NO,NO,NO,SI
5959,1,3008,919,919,SI,SI,NO,NO,NO,NO,NO,NO,NO,NO,NO,NO,NO,SI
5960,1,3046,909,909,SI,NO,NO,NO,NO,NO,NO,NO,NO,NO,NO,SI,NO,SI
5961,1,3045,956,956,SI,NO,NO,NO,NO,NO,NO,NO,NO,NO,NO,SI,NO,NO
5962,1,3034,872,872,NO,NO,NO,NO,NO,NO,NO,NO,NO,NO,NO,NO,NO,SI
5963,1,3049,952,952,SI,SI,NO,NO,NO,NO,NO,NO,NO,NO,NO,NO,NO,SI
5964,1,3005,902,902,SI,NO,NO,SI,NO,NO,NO,NO,NO,NO,NO,NO,NO,SI
5965,1,3034,958,958,SI,NO,NO,NO,NO,NO,NO,NO,NO,NO,NO,SI,NO,SI
5966,1,3042,688,688,NO,SI,NO,NO,NO,NO,NO,NO,NO,NO,NO,NO,NO,NO
5967,1,3033,766,766,NO,NO,NO,NO,NO,NO,NO,NO,NO,NO,NO,SI,NO,SI
5968,1,3020,881,881,NO,NO,SI,NO,NO,NO,NO,NO,NO,NO,NO,NO,NO,SI
5969,1,3023,859,859,NO,NO,NO,NO,NO,NO,NO,NO,NO,NO,NO,NO,NO,NO
5970,1,3008,961,961,NO,NO,NO,NO,NO,NO,NO,NO,NO,NO,NO,NO,NO,SI
5971,1,3034,934,934,NO,SI,NO,NO,NO,NO,NO,NO,NO,NO,NO,NO,NO,SI
5972,1,3042,732,732,SI,NO,NO,NO,NO,NO,NO,NO,NO,NO,NO,SI,NO,SI
5973,1,3036,810,810,SI,NO,NO,SI,NO,NO,NO,NO,NO,NO,NO,NO,NO,SI
5974,1,3002,783,783,SI,NO,NO,NO,NO,NO,NO,NO,NO,NO,NO,NO,NO,SI
5975,1,3034,954,954,SI,NO,NO,NO,NO,SI,NO,NO,NO,NO,NO,NO,NO,SI
5976,1,3001,908,908,NO,SI,NO,NO,NO,NO,NO,NO,NO,NO,NO,NO,NO,SI
5977,1,3034,928,928,NO,SI,NO,NO,NO,NO,NO,NO,NO,NO,NO,SI,NO,SI
5978,1,3008,938,938,NO,NO,NO,NO,NO,NO,NO,NO,NO,NO,NO,SI,NO,NO
5979,1,3018,834,834,SI,NO,NO,NO,NO,NO,NO,NO,NO,NO,NO,NO,NO,SI
5980,1,3001,911,911,SI,NO,NO,SI,NO,NO,NO,NO,NO,NO,NO,NO,NO,SI
5981,1,3044,895,895,NO,NO,NO,NO,NO,NO,NO,NO,NO,NO,NO,NO,NO,NO
5982,1,3001,962,962,NO,NO,NO,NO,NO,NO,NO,NO,NO,NO,NO,NO,NO,SI
5983,1,3045,877,877,NO,NO,NO,NO,NO,NO,NO,NO,NO,NO,NO,NO,NO,NO
5984,1,3049,950,950,NO,NO,NO,NO,NO,NO,NO,NO,NO,NO,NO,NO,NO,SI
5985,1,3001,927,927,SI,NO,NO,NO,NO,SI,NO,NO,NO,NO,NO,NO,NO,SI
5986,1,3005,948,948,NO,NO,NO,NO,NO,NO,NO,NO,NO,NO,NO,NO,NO,SI
5987,1,3011,935,935,NO,NO,NO,SI,NO,NO,NO,NO,NO,NO,NO,NO,NO,NO
5988,1,3027,757,757,NO,NO,NO,NO,NO,NO,NO,NO,NO,NO,NO,NO,NO,SI
5989,1,3001,967,967,SI,SI,NO,NO,NO,NO,NO,NO,NO,NO,NO,NO,NO,SI
5990,1,3045,931,931,NO,NO,NO,NO,NO,NO,NO,NO,NO,NO,NO,NO,NO,NO
5991,1,3006,724,724,NO,SI,NO,NO,NO,NO,NO,NO,NO,NO,NO,SI,NO,NO
5992,1,3005,895,895,SI,NO,NO,SI,NO,NO,NO,NO,NO,NO,NO,NO,NO,SI
5993,1,3053,750,750,SI,NO,NO,NO,NO,NO,NO,NO,NO,NO,NO,NO,NO,SI
5994,1,3034,940,940,SI,SI,NO,NO,NO,NO,NO,NO,NO,NO,NO,NO,NO,SI
5995,1,3045,901,901,SI,NO,NO,NO,NO,NO,NO,NO,NO,NO,NO,NO,NO,SI
5996,1,3026,775,775,SI,NO,NO,NO,NO,SI,NO,NO,NO,NO,NO,SI,NO,SI
5997,1,3049,892,892,SI,SI,NO,SI,NO,NO,NO,NO,NO,NO,NO,NO,NO,SI
5998,1,3041,700,700,NO,SI,NO,NO,NO,NO,NO,NO,NO,NO,NO,NO,NO,NO
5999,1,3040,847,847,SI,SI,NO,NO,NO,NO,NO,NO,NO,NO,NO,NO,NO,SI
6000,1,3034,927,927,NO,NO,NO,NO,NO,NO,NO,NO,NO,NO,NO,NO,NO,SI
